date,portfolio_return,wealth_index,running_max,drawdown
2023-01-03,0.004074904163175149,1.0040832178738337,1.0040832178738337,0.0
2023-01-04,0.016896071343180014,1.0211924116147264,1.0211924116147264,0.0
2023-01-05,0.005261973740806268,1.0265800616742586,1.0265800616742586,0.0
2023-01-06,0.031862641368437306,1.0598162993608486,1.0598162993608486,0.0
2023-01-09,-0.007108097814748991,1.0523097317535144,1.0598162993608486,-0.007082895037433645
2023-01-10,0.016883548782033797,1.070227284762708,1.070227284762708,0.0
2023-01-11,0.015253345343211105,1.086676968549771,1.086676968549771,0.0
2023-01-12,0.0002556919924316845,1.086954858674615,1.086954858674615,0.0
2023-01-13,0.0081209481251446,1.0958179021448042,1.0958179021448042,0.0
2023-01-16,0.0,1.0958179021448042,1.0958179021448042,0.0
2023-01-17,-0.0011778200007793442,1.0945279856962629,1.0958179021448042,-0.0011771266430459226
2023-01-18,-0.0020076331023913836,1.0923327794024278,1.0958179021448042,-0.0031803849303384535
2023-01-19,-0.023340818263583685,1.067132085017034,1.0958179021448042,-0.02617754014752316
2023-01-20,0.022771457568565263,1.0917110250699915,1.0958179021448042,-0.003747773299536794
2023-01-23,0.028304921947503843,1.1230532982121326,1.1230532982121326,0.0
2023-01-24,-0.018283346906977426,1.102706693964541,1.1230532982121326,-0.018117220509465515
2023-01-25,-0.0020466699416560622,1.1004521252855197,1.1230532982121326,-0.020124755399047678
2023-01-26,0.021750503245712156,1.1246497137202591,1.1246497137202591,0.0
2023-01-27,-0.002929239679585442,1.121360165443015,1.1246497137202591,-0.002924953642999273
2023-01-30,-0.013317419568750143,1.1065255403427083,1.1246497137202591,-0.016115394114668224
2023-01-31,0.024916885231467803,1.1344430748677505,1.1344430748677505,0.0
2023-02-02,0.02805067345611493,1.1667154824236432,1.1667154824236432,0.0
2023-02-03,-0.022718515086006908,1.140508260900657,1.1667154824236432,-0.022462392860807423
2023-02-06,-0.01391434441259247,1.12474873217303,1.1667154824236432,-0.0359699951554896
2023-02-07,0.0012159497542988198,1.126117201944194,1.1667154824236432,-0.03479707014353961
2023-02-08,-0.01260897392865484,1.1120071630021677,1.1667154824236432,-0.046890883206442635
2023-02-09,-0.02090656991712184,1.0890002433789066,1.1667154824236432,-0.06661027492606608
2023-02-10,0.006848307250445251,1.0964836467168606,1.1667154824236432,-0.060196197586140254
2023-02-13,0.020428585784153127,1.1191136191180275,1.1667154824236432,-0.040799889966944836
2023-02-14,-0.009076503168174484,1.109001939573304,1.1667154824236432,-0.0494666812258715
2023-02-15,0.01070108023463702,1.120933183049139,1.1667154824236432,-0.03924032899554886
2023-02-16,-0.02072039409449457,1.0979459801224811,1.1667154824236432,-0.058942821396614775
2023-02-17,-0.0007867753926814304,1.0970824829765236,1.1667154824236432,-0.059682930839718984
2023-02-20,0.0,1.0970824829765236,1.1667154824236432,-0.059682930839718984
2023-02-21,-0.026993826049010145,1.0678641606052701,1.1667154824236432,-0.08472615929723248
2023-02-22,0.0007594105977048718,1.0686754159647138,1.1667154824236432,-0.08403082665472872
2023-02-23,0.0035666577183318037,1.0724938208091694,1.1667154824236432,-0.08075804515660068
2023-02-24,-0.016098203077254663,1.0553668242899399,1.1667154824236432,-0.09543771365954312
2023-02-27,-0.007671510609556513,1.0473015425026677,1.1667154824236432,-0.1023505230880406
2023-02-28,0.00249996424169235,1.0499230343618264,1.1667154824236432,-0.10010362408082674
2023-03-02,0.0023358238885004623,1.0523783361264747,1.1667154824236432,-0.09799916776595219
2023-03-03,0.012597755270136258,1.0657198006649657,1.1667154824236432,-0.08656410519973301
2023-03-06,-0.011916762181348125,1.0530952425766305,1.1667154824236432,-0.09738470223347595
2023-03-07,-0.024915417473076837,1.0271811062942193,1.1667154824236432,-0.11959588968474655
2023-03-08,0.003727831829746293,1.0310174108235703,1.1667154824236432,-0.11630776624150418
2023-03-09,-0.029998245846891487,1.00054799645732,1.1667154824236432,-0.14242331439807399
2023-03-10,-0.03877970120107545,0.9624897571114227,1.1667154824236432,-0.17504329752098424
2023-03-13,-0.026381248615048154,0.937430081685687,1.1667154824236432,-0.19652212059589436
2023-03-14,-0.005001270472201323,0.9327534446097993,1.1667154824236432,-0.20053049894206387
2023-03-15,-0.010442870792091781,0.923063504363885,1.1667154824236432,-0.208835814498334
2023-03-16,0.00923372723898787,0.9316262933767645,1.1667154824236432,-0.20149658814720006
2023-03-17,-0.028912709335858797,0.9050761213638309,1.1667154824236432,-0.22425292627153903
2023-03-20,0.024981586202032377,0.9279711448294345,1.1667154824236432,-0.2046294415312463
2023-03-21,0.029461165708855434,0.9557169617284206,1.1667154824236432,-0.18084830781272465
2023-03-22,-0.03307874417960771,0.9246202011996334,1.1667154824236432,-0.20750155875286758
2023-03-23,-0.017954736269274307,0.9081670374474939,1.1667154824236432,-0.22160368047834678
2023-03-24,0.013452750095238124,0.920466929837554,1.1667154824236432,-0.21106135668530923
2023-03-27,0.014201405869012683,0.933632115104783,1.1667154824236432,-0.19977738431538694
2023-03-28,0.012824743739399737,0.94568281613566,1.1667154824236432,-0.18944864417915097
2023-03-29,0.023823095707012548,0.9684824085122601,1.1667154824236432,-0.16990695409268874
2023-03-30,0.006263678190540802,0.9745677089384555,1.1667154824236432,-0.164691200536771
2023-03-31,0.017079353793868088,0.9913556511467548,1.1667154824236432,-0.15030213785507462
2023-04-04,-0.015146586832093184,0.9764531426733865,1.1667154824236432,-0.1630751820958274
2023-04-05,-0.009910555626895553,0.9668237446440584,1.1667154824236432,-0.17132860649482884
2023-04-06,0.005054962653731374,0.9717233758591716,1.1667154824236432,-0.16712909831230693
2023-04-07,0.0,0.9717233758591716,1.1667154824236432,-0.16712909831230693
2023-04-10,0.007503821431817708,0.9790424406874468,1.1667154824236432,-0.16085587665841128
2023-04-11,0.009196486259437796,0.9880877196820751,1.1667154824236432,-0.15310310476938283
2023-04-12,-0.014780461622022073,0.9735907271026111,1.1667154824236432,-0.16552857850128977
2023-04-13,0.012004359948804097,0.985348491657141,1.1667154824236432,-0.15545091626773022
2023-04-14,-0.008502357837753945,0.9770062209268754,1.1667154824236432,-0.1626011348565296
2023-04-17,0.019859690434943556,0.9966032130303107,1.1667154824236432,-0.14580441586320136
2023-04-18,-0.0052851733286030335,0.9913498869076072,1.1667154824236432,-0.1503070784247632
2023-04-19,0.0037674925150341337,0.9950918346402493,1.1667154824236432,-0.14709982885191208
2023-04-20,-0.011908778727198983,0.9833117883697055,1.1667154824236432,-0.15719658890010557
2023-04-21,-0.00022737842500000497,0.9830882299011314,1.1667154824236432,-0.1573882024270895
2023-04-24,-0.00116726737480348,0.9819413725586116,1.1667154824236432,-0.15837118187649002
2023-04-25,-0.012523265975981317,0.9697209391588378,1.1667154824236432,-0.16884540081321653
2023-04-26,-0.0069271679635312,0.9630267320528395,1.1667154824236432,-0.17458305254309014
2023-04-27,0.04154166666293694,1.0038750468892126,1.1667154824236432,-0.13957167620348931
2023-04-28,0.00210916837981066,1.005994622880962,1.1667154824236432,-0.1377549727966345
2023-05-02,-0.030886915762865896,0.975397509375693,1.1667154824236432,-0.16397997277838572
2023-05-03,-0.003978004465308901,0.9715250811030338,1.1667154824236432,-0.16729905813466717
2023-05-04,-0.010434331860764088,0.9614405700591903,1.1667154824236432,-0.17594256308147294
2023-05-05,0.03198679525009118,0.9926911105722483,1.1667154824236432,-0.14915750624127344
2023-05-08,-0.012565978630552851,0.9802950228918742,1.1667154824236432,-0.15978227969042957
2023-05-09,0.0014209242237065293,0.9816889379255697,1.1667154824236432,-0.1585875453659995
2023-05-10,-0.002907098764473559,0.9788392154463479,1.1667154824236432,-0.1610300624339157
2023-05-11,-0.009110366825347587,0.9699621292850921,1.1667154824236432,-0.168638675069119
2023-05-12,-0.012843078270538835,0.9575844834116846,1.1667154824236432,-0.17924764191654186
2023-05-15,0.0193563095650288,0.9763003356754318,1.1667154824236432,-0.16320615404250738
2023-05-16,-0.0275737535241186,0.9497478293144511,1.1667154824236432,-0.18596449295288386
2023-05-17,0.027137064048606777,0.9758740886694682,1.1667154824236432,-0.16357149333249266
2023-05-18,0.0022521120566442354,0.9780743431501735,1.1667154824236432,-0.16168563982848794
2023-05-19,-0.011212907221018704,0.9671685434101304,1.1667154824236432,-0.1710330770609041
2023-05-22,0.021915406761378813,0.988598399758689,1.1667154824236432,-0.15266539730401774
2023-05-23,0.0038521148732499275,0.9924139385868418,1.1667154824236432,-0.1493950722885078
2023-05-24,-0.017440678439730937,0.9752556274270693,1.1667154824236432,-0.16410158078887427
2023-05-25,-0.007261636427331279,0.9681993267891978,1.1667154824236432,-0.17014958541740055
2023-05-26,0.005211736607618733,0.9732584987484347,1.1667154824236432,-0.16581333374726126
2023-05-29,0.0,0.9732584987484347,1.1667154824236432,-0.16581333374726126
2023-05-30,0.008012899034588558,0.9810884492403653,1.1667154824236432,-0.15910222841790944
2023-05-31,-0.010119344602916266,0.9712105404105431,1.1667154824236432,-0.16756865316210034
2023-06-02,0.030079414868564733,1.0008677854171055,1.1667154824236432,-0.14214922104403616
2023-06-05,-0.006027138404100571,0.9948535592432158,1.1667154824236432,-0.1473040563612089
2023-06-06,0.015363435789982305,1.0102559418215011,1.1667154824236432,-0.13410256652900954
2023-06-07,0.015543827094925406,1.0260818645649439,1.1667154824236432,-0.12053805745901136
2023-06-08,-0.0012229848715618814,1.024827749006089,1.1667154824236432,-0.12161296867579718
2023-06-09,-0.005667439217572294,1.0190360276469348,1.1667154824236432,-0.1265770935600603
2023-06-12,0.016532394579773804,1.0360231654709295,1.1667154824236432,-0.11201729892297618
2023-06-13,0.019037986302999594,1.0559359081300155,1.1667154824236432,-0.09494994792003864
2023-06-14,-0.004951928696330614,1.0507199140790757,1.1667154824236432,-0.09942061290179105
2023-06-15,0.00903541097971059,1.0602566194734357,1.1667154824236432,-0.09124663600851357
2023-06-16,-0.009144729542611548,1.0506050571661678,1.1667154824236432,-0.09951905756515433
2023-06-19,2.2204460492503128e-16,1.050605057166168,1.1667154824236432,-0.09951905756515422
2023-06-20,-0.001838860587967771,1.0486749161070699,1.1667154824236432,-0.10117339496632471
2023-06-21,-0.005821445789494279,1.0425878468943677,1.1667154824236432,-0.10639066456152835
2023-06-22,-0.010117573785775094,1.032092570322014,1.1667154824236432,-0.11538623951571647
2023-06-23,-0.009198325018572373,1.0226425760996758,1.1667154824236432,-0.12348589565699575
2023-06-26,0.005891974049309157,1.0286857452350795,1.1667154824236432,-0.11830625312508203
2023-06-27,0.019586822698985523,1.0490330495557345,1.1667154824236432,-0.10086643628268688
2023-06-28,-0.000731008220230065,1.0482664779924098,1.1667154824236432,-0.10152347013101837
2023-06-29,0.016601594118836337,1.0658146332240825,1.1667154824236432,-0.08648282355005454
2023-06-30,0.005255971207084119,1.071431271763546,1.1667154824236432,-0.08166876337507867
2023-07-04,-2.2204460492503136e-16,1.0714312717635457,1.1667154824236432,-0.08166876337507889
2023-07-05,-0.0016705846665328954,1.0696428493811336,1.1667154824236432,-0.08320163270728054
2023-07-06,-0.006472579266414765,1.0627418589482107,1.1667154824236432,-0.08911651987290492
2023-07-07,0.019082272017254917,1.083216114566561,1.1667154824236432,-0.07156789218535708
2023-07-10,-0.005154724241164673,1.0776468006729838,1.1667154824236432,-0.07634139007535501
2023-07-11,0.01902432669398386,1.0983445617042173,1.1667154824236432,-0.058601194335226814
2023-07-12,-0.0025593788315347627,1.0955370761253578,1.1667154824236432,-0.06100750986043746
2023-07-13,0.003739359360774891,1.0996413518445174,1.1667154824236432,-0.05748970643621809
2023-07-14,-0.019890086834076053,1.0779854724760616,1.1667154824236432,-0.07605111210426463
2023-07-17,-0.0035922022770190996,1.0741200774042894,1.1667154824236432,-0.07936416925487555
2023-07-18,0.02082043356982063,1.0967181577049727,1.1667154824236432,-0.059995196578058185
2023-07-19,0.02336206684360563,1.1226413917425795,1.1667154824236432,-0.03777621137717968
2023-07-20,0.008590329759198389,1.132326792331319,1.1667154824236432,-0.029474786792824448
2023-07-21,-0.000612880664809412,1.131633023754443,1.1667154824236432,-0.03006942069228624
2023-07-24,0.010161716814944021,1.1431909829780302,1.1667154824236432,-0.02016301300531731
2023-07-25,-0.0017808255876643766,1.1411569708719032,1.1667154824236432,-0.021906379007371024
2023-07-26,0.012865443150372736,1.155933309263139,1.1667154824236432,-0.009241476026448314
2023-07-27,-0.0026283282576749093,1.152899126243605,1.1667154824236432,-0.011842095513584172
2023-07-28,-0.0019956924207851835,1.1506005885454447,1.1667154824236432,-0.013812188250663104
2023-07-31,0.009576745959064138,1.161672530046878,1.1667154824236432,-0.0043223497525629595
2023-08-02,-0.002519381448884359,1.1587495174629376,1.1667154824236432,-0.006827684281824786
2023-08-03,0.005609361912989628,1.1652676269995936,1.1667154824236432,-0.0012409670102618842
2023-08-04,-0.004913820483145046,1.1595557561128338,1.1667154824236432,-0.006136651496161161
2023-08-07,0.016365745983263305,1.1786888880132431,1.1786888880132431,0.0
2023-08-08,-0.004715024844281806,1.1731444220417773,1.1786888880132431,-0.004703926564380678
2023-08-09,-0.00432270411818564,1.1680842105953135,1.1786888880132431,-0.008997011447019254
2023-08-10,0.005413060292038609,1.174424264920666,1.1786888880132431,-0.0036181074887076115
2023-08-11,6.69280698293861e-05,1.174502869500275,1.1786888880132431,-0.0035514193401992022
2023-08-14,0.003661344486364531,1.1788110110882528,1.1788110110882528,0.0
2023-08-15,-0.011993432866089086,1.1647574639595972,1.1788110110882528,-0.011921798317511167
2023-08-16,-0.00832029543555609,1.155106542682361,1.1788110110882528,-0.020108794525093843
2023-08-17,-0.009903877918856592,1.1437229722940774,1.1788110110882528,-0.02976561846142145
2023-08-18,0.007525210415589269,1.152362193527521,1.1788110110882528,-0.022436859947817078
2023-08-21,0.006322624702122824,1.1596712289936406,1.1788110110882528,-0.016236514517236067
2023-08-22,0.005618100937134262,1.1662047147184307,1.1788110110882528,-0.010694077550382097
2023-08-23,0.01317285220220902,1.1816685850902582,1.1816685850902582,0.0
2023-08-24,-0.011817691755792697,1.1677861805481864,1.1816685850902582,-0.011748137098026912
2023-08-25,0.005727629257576294,1.1744940185090134,1.1816685850902582,-0.006071555655934424
2023-08-28,0.012617256876437964,1.1894067925545413,1.1894067925545413,0.0
2023-08-29,0.006681536199105278,1.197380465623094,1.197380465623094,0.0
2023-08-30,-0.004244977336920351,1.1923083857314485,1.197380465623094,-0.004235980156070185
2023-08-31,-0.0031554895607008968,1.1885519988039022,1.197380465623094,-0.007373150867796774
2023-09-04,0.0,1.1885519988039022,1.197380465623094,-0.007373150867796774
2023-09-05,-0.012811558583713531,1.173421922121994,1.197380465623094,-0.02000913175799346
2023-09-06,0.0019193000122965501,1.17567623348945,1.197380465623094,-0.018126429114867504
2023-09-07,-0.017622991434978606,1.1551387983411043,1.197380465623094,-0.03527840022010709
2023-09-08,-0.004995557422030542,1.1493826257596274,1.197380465623094,-0.04008570478765028
2023-09-11,0.003247237270328942,1.15312101028568,1.197380465623094,-0.03696356889736152
2023-09-12,0.0011430472075034896,1.1544398356326222,1.197380465623094,-0.03586214342333227
2023-09-13,-0.004694432440471604,1.1490330965327054,1.197380465623094,-0.04037761637044046
2023-09-14,0.0035020988820468188,1.153064178559438,1.197380465623094,-0.037011032279196776
2023-09-15,-0.01251383996975328,1.138724825263816,1.197380465623094,-0.04898663544569748
2023-09-18,-0.006039187075848561,1.1318685769375614,1.197380465623094,-0.05471267534955271
2023-09-19,-0.003963114101331342,1.1273917296073854,1.197380465623094,-0.05845154320209134
2023-09-20,-0.004471779313800767,1.1223615379282377,1.197380465623094,-0.06265254014797872
2023-09-21,-0.02306583690593104,1.0967696139524177,1.197380465623094,-0.08402580011886229
2023-09-22,-0.0022197336739432113,1.0943377775208938,1.197380465623094,-0.08605676396146877
2023-09-25,0.005300321813221191,1.100153518949368,1.197380465623094,-0.08119971008808036
2023-09-26,-0.019086287030483016,1.0793547897540168,1.197380465623094,-0.0985699025978839
2023-09-27,0.00593571952247874,1.0857805890558765,1.197380465623094,-0.09320335496632892
2023-09-28,0.04889633664315087,1.1401906689462775,1.197380465623094,-0.04776242666282016
2023-09-29,-0.002350174411989026,1.137514168364852,1.197380465623094,-0.04999772334442476
2023-10-03,-0.030575507629118863,1.1032604265054946,1.197380465623094,-0.07860495625224773
2023-10-04,-0.00022953218413908317,1.1030072217905518,1.197380465623094,-0.07881642179909132
2023-10-05,-0.017327686425898194,1.0840592944857756,1.197380465623094,-0.0946409052016296
2023-10-06,0.01125976510535154,1.0963345259233497,1.197380465623094,-0.08438916668576346
2023-10-09,-0.002638105551058161,1.0934460913974686,1.197380465623094,-0.08680146136469657
2023-10-10,0.0036103481402921305,1.0974009473676698,1.197380465623094,-0.0834985379550156
2023-10-11,-0.013296474133207102,1.0829059636991794,1.197380465623094,-0.0956041168287678
2023-10-12,-0.027371264913777754,1.0536674309059544,1.197380465623094,-0.12002286561636366
2023-10-13,-0.009929270205902303,1.043257051542308,1.197380465623094,-0.1287171609239366
2023-10-16,0.016510376152840633,1.0606245957108171,1.197380465623094,-0.11421254466608632
2023-10-17,0.012936011163836136,1.0744339738850004,1.197380465623094,-0.10267955363219872
2023-10-18,-0.011393744336180511,1.0622616238840168,1.197380465623094,-0.11284537005434103
2023-10-19,-0.015409360055645232,1.0460183228958528,1.197380465623094,-0.12641106738656804
2023-10-20,-0.013732769679538712,1.0317517779833545,1.197380465623094,-0.1383258641634424
2023-10-23,0.0010720752211813142,1.0328584866303998,1.197380465623094,-0.13740158931612445
2023-10-24,-0.002672868907095985,1.0301014774994381,1.197380465623094,-0.13970412323087888
2023-10-25,-0.012653443213929997,1.0171492648072435,1.197380465623094,-0.1505212469973456
2023-10-26,-0.005037000735351433,1.0120387648135907,1.197380465623094,-0.15478931394880824
2023-10-27,0.014579253156162002,1.02690161553829,1.197380465623094,-0.14237650853614858
2023-10-30,0.01051965400939114,1.0377612850716194,1.197380465623094,-0.13330698565256105
2023-10-31,0.007065318107579959,1.0451193616373917,1.197380465623094,-0.1271618406656304
2023-11-02,0.0228357046764798,1.0692599837495007,1.197380465623094,-0.1070006447841303
2023-11-03,0.0500105292610594,1.1240939512437038,1.197380465623094,-0.061205704020946494
2023-11-06,-0.019578367037686752,1.102300067757581,1.197380465623094,-0.07940700603966766
2023-11-07,0.0045908938539118435,1.107372244367469,1.197380465623094,-0.0751709451087349
2023-11-08,-0.014362025393788431,1.0915817988837313,1.197380465623094,-0.08835843725269654
2023-11-09,-0.0166802026332052,1.0735250074164737,1.197380465623094,-0.10343868282682245
2023-11-10,0.015181633421252913,1.0899472130834744,1.197380465623094,-0.08972357210096404
2023-11-13,0.005675220051887167,1.0961504891914944,1.197380465623094,-0.08454286614649376
2023-11-14,0.05359778350778565,1.1565047041599301,1.197380465623094,-0.03413765518706113
2023-11-15,0.0032209134612680777,1.1602357111293216,1.197380465623094,-0.031021680710686228
2023-11-16,-0.009003557671170306,1.1498363478765266,1.197380465623094,-0.03970677584240223
2023-11-17,0.011051256775962762,1.1626139588932443,1.197380465623094,-0.029035471788624756
2023-11-20,0.017362357625248005,1.1829759326531815,1.197380465623094,-0.012030038390860698
2023-11-21,-0.006902979355084217,1.174837994537052,1.197380465623094,-0.01882648976932433
2023-11-22,0.010604347678401668,1.187362675765306,1.197380465623094,-0.008366421655772505
2023-11-23,-1.1102230246251565e-16,1.187362675765306,1.197380465623094,-0.008366421655772505
2023-11-24,0.005957246403785606,1.1944571987248709,1.197380465623094,-0.0024413851588115376
2023-11-27,-0.010387403238075655,1.1821141074669992,1.197380465623094,-0.012749797240220073
2023-11-28,-0.00898799853466578,1.1715368728916609,1.197380465623094,-0.02158344275141033
2023-11-29,0.014839603914876615,1.1890516508254414,1.197380465623094,-0.00695586326716835
2023-11-30,-0.00012474128330172633,1.1889033362472732,1.197380465623094,-0.007079729141404867
2023-12-04,0.00963829156606971,1.2004177336683854,1.2004177336683854,0.0
2023-12-05,-0.011503716737710983,1.1866875933310246,1.2004177336683854,-0.011437801985316076
2023-12-06,0.011340346585766641,1.2002216372594257,1.2004177336683854,-0.00016335680776768946
2023-12-07,0.017460057050481,1.2213615908707416,1.2213615908707416,0.0
2023-12-08,-0.004922148618636828,1.2153646386560262,1.2213615908707416,-0.004910054695956179
2023-12-11,0.006070192620995877,1.2227645729083143,1.2227645729083143,0.0
2023-12-12,0.00190791649005357,1.2250997325368405,1.2250997325368405,0.0
2023-12-13,0.0330587928554426,1.2662769350361591,1.2662769350361591,0.0
2023-12-14,0.010786026016702,1.2800089548334124,1.2800089548334124,0.0
2023-12-15,-0.010485152729151698,1.2666579812609933,1.2800089548334124,-0.01043037513292766
2023-12-18,0.0029114465337621433,1.270351161890192,1.2800089548334124,-0.007545097951660362
2023-12-19,0.011669513774973493,1.2852623763703055,1.2852623763703055,0.0
2023-12-20,-0.014536558747356102,1.2667142241017209,1.2852623763703055,-0.014431413079223798
2023-12-21,0.016184161164003497,1.2873817232086953,1.2873817232086953,0.0
2023-12-22,0.0033442757188591426,1.291694289833073,1.291694289833073,0.0
2023-12-25,0.0,1.291694289833073,1.291694289833073,0.0
2023-12-26,0.00549845551466469,1.2988161751661134,1.2988161751661134,0.0
2023-12-27,0.0009618735685655949,1.3000660731409766,1.3000660731409766,0.0
2023-12-28,0.0006545779365607233,1.300917346290441,1.300917346290441,0.0
2023-12-29,-0.006286349463872125,1.2927649763983204,1.300917346290441,-0.0062666317082842316
2024-01-02,0.003074866034987378,1.2967461732020993,1.300917346290441,-0.0032063321318882565
2024-01-03,-0.025183105355471892,1.2644978385835246,1.300917346290441,-0.027995251051703307
2024-01-04,-0.0007505739125839211,1.2635490955887763,1.300917346290441,-0.028724538732779803
2024-01-05,-0.003676510679998487,1.2589121729150097,1.300917346290441,-0.03228888714199174
2024-01-08,0.01444637025834174,1.2772308851492837,1.300917346290441,-0.018207506578876154
2024-01-09,0.007007582240631094,1.28621261898161,1.300917346290441,-0.011303352477204931
2024-01-10,0.0012998343008572368,1.287885569305518,1.300917346290441,-0.01001737506389866
2024-01-11,-0.0074096368657887305,1.2783780719625957,1.300917346290441,-0.0173256774476227
2024-01-12,-0.012889881220463792,1.2620056762655885,1.300917346290441,-0.02991094717570575
2024-01-15,0.0,1.2620056762655885,1.300917346290441,-0.02991094717570575
2024-01-16,-0.015635989254941716,1.2424264383481751,1.300917346290441,-0.04496127913818082
2024-01-17,-0.008628546144435397,1.231752222203245,1.300917346290441,-0.053166424665194945
2024-01-18,-0.0017838496848598955,1.2295569200165422,1.300917346290441,-0.054853927866657215
2024-01-19,0.0035405712010440544,1.2339179695851386,1.300917346290441,-0.05150163989768519
2024-01-22,0.00206889368155205,1.2364734572806144,1.300917346290441,-0.04953726629411781
2024-01-23,0.03731337948803192,1.283482030996806,1.300917346290441,-0.01340232363212912
2024-01-24,-0.00902049939203986,1.271956443546215,1.300917346290441,-0.022261908357827598
2024-01-25,0.00962519986985098,1.2842583879022504,1.300917346290441,-0.012805547128488692
2024-01-26,0.007913753857026397,1.2944620139130363,1.300917346290441,-0.004962138752175216
2024-01-29,-0.009362861054353083,1.2823987075926053,1.300917346290441,-0.014235061705220264
2024-01-30,0.004942985176109292,1.2887532777286053,1.300917346290441,-0.009350377713481683
2024-01-31,-0.02058050812297042,1.2625011481114747,1.300917346290441,-0.029530083743221636
2024-02-02,-0.005722175319264831,1.2552975250540914,1.300917346290441,-0.03506742481867453
2024-02-05,-0.012804430617296997,1.2393266223546715,1.300917346290441,-0.047344071559500045
2024-02-06,0.01483264768631739,1.2578461246039863,1.300917346290441,-0.033108346052323934
2024-02-07,0.005748569159510331,1.2650977633468887,1.300917346290441,-0.02753409587910538
2024-02-08,-0.005025387324387001,1.2587561050736937,1.300917346290441,-0.03240885467241239
2024-02-09,-0.0025654457184736174,1.2555309733323918,1.300917346290441,-0.034887975848326036
2024-02-12,0.003925021234786902,1.2604686429536536,1.300917346290441,-0.031092446766219806
2024-02-13,-0.014917166002221026,1.24180556912848,1.300917346290441,-0.045438534070222136
2024-02-14,0.0032210993803215957,1.245811997365384,1.300917346290441,-0.042358839385291946
2024-02-15,0.024304260418566884,1.2764614844410422,1.300917346290441,-0.01879893593481141
2024-02-16,0.0017149132833223476,1.2786523832601637,1.300917346290441,-0.017114817550681338
2024-02-19,0.0,1.2786523832601637,1.300917346290441,-0.017114817550681338
2024-02-20,-0.006510367720059412,1.2703549251180486,1.300917346290441,-0.023492976905520657
2024-02-21,0.012366986920489922,1.2861629351120911,1.300917346290441,-0.011341543888566119
2024-02-22,0.016021713834868494,1.306935430745519,1.306935430745519,0.0
2024-02-23,-0.0012472427751427405,1.3053063810933292,1.306935430745519,-0.0012464652911433616
2024-02-26,-0.0038206710952277323,1.3003287497338896,1.306935430745519,-0.005055093661253562
2024-02-27,0.011902129918649067,1.3158979006845488,1.3158979006845488,0.0
2024-02-28,-0.007000985695621583,1.3067174917579427,1.3158979006845488,-0.006976535886127899
2024-02-29,0.007273570361423585,1.316256643165665,1.316256643165665,0.0
2024-03-04,-0.00866236946286866,1.3049039832705112,1.316256643165665,-0.008624959238838215
2024-03-05,-0.004910838745119081,1.298511519257678,1.316256643165665,-0.013481507576903251
2024-03-06,0.009955863396592626,1.3115038903824079,1.316256643165665,-0.003610810101460582
2024-03-07,-0.002126752013339067,1.3087176107561498,1.316256643165665,-0.005727631042669268
2024-03-08,0.004980414406814942,1.3152518248396894,1.316256643165665,-0.0007633908867187289
2024-03-11,-0.0015110572181334923,1.313265904873322,1.316256643165665,-0.002272154376482538
2024-03-12,0.0038508163524780857,1.318332800275471,1.318332800275471,0.0
2024-03-13,-0.006161044996486148,1.3102354622182262,1.318332800275471,-0.0061421046761128695
2024-03-14,-0.00530221126619394,1.303306702096676,1.318332800275471,-0.011397803480013069
2024-03-15,0.006777464837435883,1.3121698182450263,1.318332800275471,-0.004674830231908733
2024-03-18,0.009631576438896457,1.3248691412269746,1.3248691412269746,0.0
2024-03-19,0.012135012586706698,1.3410443898595867,1.3410443898595867,0.0
2024-03-20,0.014671572684156612,1.360864661845436,1.360864661845436,0.0
2024-03-21,-0.0024558686788016277,1.3575266574742204,1.360864661845436,-0.002452855500479467
2024-03-22,-0.007449589300743644,1.3474512169540067,1.360864661845436,-0.009856560514430401
2024-03-25,0.004885700637163324,1.3540505683235775,1.360864661845436,-0.005007179415341789
2024-03-26,-0.006509125737768202,1.3452655054760394,1.360864661845436,-0.011462680167065975
2024-03-27,0.02397947271411884,1.3779141471234149,1.3779141471234149,0.0
2024-03-28,0.007149733453529926,1.387801168663932,1.387801168663932,0.0
2024-03-29,0.0,1.387801168663932,1.387801168663932,0.0
2024-04-02,-0.018363478314062036,1.362548881534246,1.387801168663932,-0.018195897005906847
2024-04-03,0.0030721902722640687,1.3667413276521883,1.387801168663932,-0.015174969936088578
2024-04-04,-0.0027004618755918364,1.3630554737968976,1.387801168663932,-0.01783086469862083
2024-04-05,0.007161749891299583,1.3728523757950115,1.387801168663932,-0.01077156671031776
2024-04-08,0.016908966905845108,1.3962632603325373,1.3962632603325373,0.0
2024-04-09,0.02103301644365857,1.425941910096443,1.425941910096443,0.0
2024-04-10,-0.00904062366537609,1.4131086038730143,1.425941910096443,-0.008999880102100843
2024-04-11,0.00012129657979640575,1.4132800195094002,1.425941910096443,-0.00887966788646144
2024-04-12,-0.025877577162935022,1.3771769020347382,1.425941910096443,-0.03419845346884198
2024-04-15,-0.016333064442257007,1.3548660809686024,1.425941910096443,-0.04984482791661082
2024-04-16,-0.016495228541565942,1.3327005704873112,1.425941910096443,-0.0653892973822654
2024-04-17,-0.0018525146458827468,1.3302340085383726,1.425941910096443,-0.06711907468348222
2024-04-18,-0.003732179708699944,1.3252785891737535,1.425941910096443,-0.07059426489251663
2024-04-19,0.009539556903267339,1.337981654158733,1.425941910096443,-0.06168572177793752
2024-04-22,-0.0038430327555075494,1.3328496144500983,1.425941910096443,-0.06528477421639733
2024-04-23,0.0049837198658894055,1.3395087433854749,1.425941910096443,-0.06061478809127807
2024-04-24,0.0007514785676454083,1.340515733815777,1.425941910096443,-0.059908594926484926
2024-04-25,-0.010572835047737265,1.326417343393383,1.425941910096443,-0.06979566698921746
2024-04-26,0.008979842404964513,1.3383820020749873,1.425941910096443,-0.06140496145143359
2024-04-29,0.023332531589807554,1.3699770047511832,1.425941910096443,-0.03924767548313002
2024-04-30,-0.006890541228602076,1.360569570097584,1.425941910096443,-0.04584502323410755
2024-05-02,0.03773897078802147,1.4128972513693512,1.425941910096443,-0.0091480996769423
2024-05-03,0.00930526994057273,1.4261060018763019,1.4261060018763019,0.0
2024-05-06,0.005182860309904858,1.4335164972639425,1.4335164972639425,0.0
2024-05-07,0.01357789225287883,1.453113370854569,1.453113370854569,0.0
2024-05-08,-0.0004943849097628728,1.4523951510849804,1.453113370854569,-0.0004942627216801831
2024-05-09,0.0074670033896368565,1.4632807815426396,1.4632807815426396,0.0
2024-05-10,-0.0022585857807407013,1.459979565819012,1.4632807815426396,-0.0022560370950456266
2024-05-13,-0.0020064200487769856,1.457053170318387,1.4632807815426396,-0.004255923608650902
2024-05-14,0.013042178699907125,1.4761807798612392,1.4761807798612392,0.0
2024-05-15,0.007696299094149487,1.487585740357857,1.487585740357857,0.0
2024-05-16,-0.0042714157786739836,1.4812451943487615,1.487585740357857,-0.004262306257097004
2024-05-17,0.0035504996977589157,1.4865137023470438,1.487585740357857,-0.0007206562833516061
2024-05-20,-0.0024294163751627847,1.4829067248158483,1.487585740357857,-0.003145375365646519
2024-05-21,-0.00041815836867986893,1.4822867645887072,1.487585740357857,-0.0035621313282251377
2024-05-22,0.004511995169037156,1.4889899462994072,1.4889899462994072,0.0
2024-05-23,-0.016961689897539114,1.4639471450799832,1.4889899462994072,-0.016818650308326744
2024-05-24,0.019246333808734053,1.4923956470394144,1.4923956470394144,0.0
2024-05-27,0.0,1.4923956470394144,1.4923956470394144,0.0
2024-05-28,-0.007168870243087876,1.4817351139397894,1.4923956470394144,-0.007143235187514252
2024-05-29,-0.014831079560476319,1.4599215418320957,1.4923956470394144,-0.021759715844615446
2024-05-30,-0.0025697078372129522,1.4561747860998948,1.4923956470394144,-0.024270280479157025
2024-05-31,0.005917979607142764,1.4648179485927537,1.4923956470394144,-0.018478811903109515
2024-06-04,-0.0109351225252564,1.448887245686821,1.4923956470394144,-0.029153396044074964
2024-06-05,0.009512890223783014,1.4627361179647875,1.4923956470394144,-0.01987377082844277
2024-06-06,-0.0028813193764668254,1.4585275740366321,1.4923956470394144,-0.02269376292404035
2024-06-07,-0.017476014781262535,1.433259758042789,1.4923956470394144,-0.03962480667505164
2024-06-10,0.012364217599744421,1.451090900471631,1.4923956470394144,-0.027676807185630037
2024-06-11,-0.01642394172623039,1.4274529138915795,1.4923956470394144,-0.04351576157211867
2024-06-12,0.01701007690708923,1.4519416852120979,1.4923956470394144,-0.027106727299539002
2024-06-13,-0.006003335726834028,1.443251303559438,1.4923956470394144,-0.03292983571579555
2024-06-14,-0.014129098235755547,1.423002847178445,1.4923956470394144,-0.04649758929452086
2024-06-17,0.007552733138052108,1.4337910970404943,1.4923956470394144,-0.03926877575338594
2024-06-18,-0.004214889336834226,1.4277605442185977,1.4923956470394144,-0.04330962968770291
2024-06-19,0.0,1.4277605442185977,1.4923956470394144,-0.04330962968770291
2024-06-20,4.837577348133218e-05,1.427829614909931,1.4923956470394144,-0.04326334793160802
2024-06-21,0.012628267623210726,1.4459749604062486,1.4923956470394144,-0.031104812403637272
2024-06-24,-0.0016754597944021374,1.4435543159089042,1.4923956470394144,-0.032726798170043425
2024-06-25,-0.00478219113334342,1.4366674435536757,1.4923956470394144,-0.037341440653684055
2024-06-26,0.0035964520341309502,1.4418436515159518,1.4923956470394144,-0.033873052111714874
2024-06-27,-0.0035209195619293073,1.4367759626957268,1.4923956470394144,-0.03726872592668362
2024-06-28,0.0004805533413051217,1.437466576110309,1.4923956470394144,-0.03680597101584471
2024-07-02,0.003117905471570145,1.4419554553272074,1.4923956470394144,-0.03379813644744223
2024-07-03,0.003979075755631208,1.4477045357480083,1.4923956470394144,-0.029945886923526954
2024-07-04,0.0,1.4477045357480083,1.4923956470394144,-0.029945886923526954
2024-07-05,-0.01155434680365989,1.4310735207539047,1.4923956470394144,-0.041089724703472164
2024-07-08,-0.0009350804630815011,1.4297359773162426,1.4923956470394144,-0.041985963874576315
2024-07-09,-0.005623138711278665,1.42171893518994,1.4923956470394144,-0.04735789198372531
2024-07-10,0.0029031425148302145,1.4258523849685811,1.4923956470394144,-0.04458821774429622
2024-07-11,0.007468895056593365,1.4365417961514622,1.4923956470394144,-0.03742563240435204
2024-07-12,0.008513330712574393,1.4488237575645073,1.4923956470394144,-0.029195937123874693
2024-07-15,0.005766445438293068,1.4572024551461467,1.4923956470394144,-0.02358167685833401
2024-07-16,0.025267657133986317,1.4944916687553196,1.4944916687553196,0.0
2024-07-17,0.00446297038160341,1.5011764466958337,1.5011764466958337,0.0
2024-07-18,-0.01054304844053682,1.4854326105488096,1.5011764466958337,-0.010487665311880612
2024-07-19,-0.00771996369952426,1.4740092753177243,1.5011764466958337,-0.018097253948998304
2024-07-22,0.013076261798602216,1.493410376991162,1.5011764466958337,-0.0051733223777692405
2024-07-23,-0.004081463613061925,1.4873274988452323,1.5011764466958337,-0.0092253964422927
2024-07-24,-0.012791339326061682,1.4684237480135907,1.5011764466958337,-0.021818020629309376
2024-07-25,0.024324136623758815,1.5045798380493964,1.5045798380493964,0.0
2024-07-26,0.008166086949483956,1.516916671098319,1.516916671098319,0.0
2024-07-29,-0.011461111156655187,1.499630369848276,1.516916671098319,-0.011395682821210618
2024-07-30,0.014381430460319701,1.5213530267696629,1.5213530267696629,0.0
2024-07-31,-0.001740942759072126,1.5187067424168883,1.5213530267696629,-0.0017394281972761272
2024-08-02,-0.02554648530913993,1.4804005011196848,1.5213530267696629,-0.026918489613770857
2024-08-05,-0.0300254094009578,1.4366115502719008,1.5213530267696629,-0.055701388833922616
2024-08-06,0.003446111541276822,1.4415708140958876,1.5213530267696629,-0.05244161694881522
2024-08-07,-0.004604025646799846,1.4349490402013672,1.5213530267696629,-0.056794172718583336
2024-08-08,0.008054565018970733,1.4465536026579082,1.5213530267696629,-0.04916638202677959
2024-08-09,0.0062049646318843585,1.4555573215911906,1.5213530267696629,-0.043248150837270405
2024-08-12,-0.003725293934624198,1.450145030176988,1.5213530267696629,-0.0468057021215339
2024-08-13,0.021660874419035483,1.4818991085596047,1.5213530267696629,-0.025933440507120098
2024-08-14,0.0020757534465386455,1.48497836051991,1.5213530267696629,-0.02390941853054862
2024-08-15,0.03497226004938043,1.5378301973699455,1.5378301973699455,0.0
2024-08-16,0.011966724704701632,1.5563435390870874,1.5563435390870874,0.0
2024-08-19,0.0096433362074936,1.5714244815184621,1.5714244815184621,0.0
2024-08-20,-0.008713997163594741,1.5577905821963631,1.5714244815184621,-0.008676140331557392
2024-08-21,0.00879624549736805,1.5715537338790404,1.5715537338790404,0.0
2024-08-22,-0.006536135868438895,1.5613153413617047,1.5715537338790404,-0.006514821794902592
2024-08-23,0.020976165024198683,1.594411652942482,1.594411652942482,0.0
2024-08-26,-0.004817562883619078,1.5867489471458234,1.594411652942482,-0.0048059770401935875
2024-08-27,0.005283425069921732,1.5951546020835072,1.5951546020835072,0.0
2024-08-28,-0.01585604537218423,1.5700612249342225,1.5951546020835072,-0.015731000065140388
2024-08-29,0.004540867177883132,1.577206875865389,1.5951546020835072,-0.011251402337225436
2024-08-30,-0.0030793721266784593,1.5723575392618272,1.5951546020835072,-0.014291444096956929
2024-09-03,-0.022014923669523238,1.5381204542194036,1.5951546020835072,-0.03575462076817426
2024-09-04,-0.04428605459108955,1.4714894692073979,1.5951546020835072,-0.07752548418478333
2024-09-05,0.007379775294036209,1.4823888990430143,1.5951546020835072,-0.07069264815661402
2024-09-06,-0.019624246276979333,1.4535817183056172,1.5951546020835072,-0.08875182605684429
2024-09-09,0.004358058609652247,1.459930336404695,1.5951546020835072,-0.08477188700216864
2024-09-10,-0.01026608093870139,1.4450192436085108,1.5951546020835072,-0.0941196284541308
2024-09-11,0.007712999190635954,1.4562077689409416,1.5951546020835072,-0.08710555889760185
2024-09-12,0.011738374928752028,1.4734020004434096,1.5951546020835072,-0.07632652125447326
2024-09-13,0.025252804456599838,1.5110833099779564,1.5951546020835072,-0.05270416547445711
2024-09-16,0.0023265550155355504,1.514603021244987,1.5951546020835072,-0.05049766382099141
2024-09-17,0.010734592957506851,1.5309492462397691,1.5951546020835072,-0.04025024017100065
2024-09-18,0.003819316956851509,1.5368076070029,1.5951546020835072,-0.03657764269644925
2024-09-19,0.011585297724676214,1.5547155145979428,1.5951546020835072,-0.025351202593620115
2024-09-20,-0.017182760771733196,1.5282294136697214,1.5951546020835072,-0.041955299082842235
2024-09-23,0.0032690892892037245,1.533233507034868,1.5951546020835072,-0.03881824054405836
2024-09-24,0.00799083657494719,1.545534407207794,1.5951546020835072,-0.031106824887632833
2024-09-25,-0.008996519449818368,1.531692335448495,1.5951546020835072,-0.03978439867340833
2024-09-26,0.03780310425437533,1.5907034344160065,1.5951546020835072,-0.002790430257786247
2024-09-27,0.02589686184897869,1.6324356965362858,1.6324356965362858,0.0
2024-09-30,-0.012316870075277538,1.6124525159044463,1.6324356965362858,-0.012241327896859944
2024-10-02,0.007582634009349865,1.6247256256347764,1.6324356965362858,-0.004723047234184263
2024-10-03,-0.005765998740048556,1.6153844163054367,1.6324356965362858,-0.010445299785485362
2024-10-04,0.012293346645048019,1.6353654622240446,1.6353654622240446,0.0
2024-10-07,-0.008106274573647874,1.6221623271778989,1.6353654622240446,-0.008073507329786622
2024-10-08,0.00043595440847703,1.6228696701691423,1.6353654622240446,-0.007640978327809633
2024-10-09,0.005123402173159578,1.6312056201417828,1.6353654622240446,-0.002543677348183948
2024-10-10,0.0009778986879900398,1.6328015541812824,1.6353654622240446,-0.0015677890367546965
2024-10-11,0.010448082359632472,1.649950630776016,1.649950630776016,0.0
2024-10-14,-0.005617879742418025,1.6407073945562858,1.649950630776016,-0.0056021289651453365
2024-10-15,-0.006028122227178623,1.6308467602570988,1.649950630776016,-0.011578449780604627
2024-10-16,0.006535293798453293,1.6415397257531041,1.649950630776016,-0.005097670721793568
2024-10-17,0.000561932737356749,1.6424624198864166,1.649950630776016,-0.004538445423713955
2024-10-18,-0.002436601835925185,1.6384652646541737,1.649950630776016,-0.006961036231999396
2024-10-21,-0.00199694279981767,1.6351966079875928,1.649950630776016,-0.00894209954723546
2024-10-22,-0.01028252352583359,1.6184688097719278,1.649950630776016,-0.01908046241921879
2024-10-23,-0.005273655996296614,1.609956028497849,1.649950630776016,-0.024239878170995044
2024-10-24,0.0019263647697721107,1.6130603801688854,1.649950630776016,-0.022358396620497656
2024-10-25,-0.01343207922866128,1.5915384907855,1.649950630776016,-0.03540235622870924
2024-10-28,0.0090308046683166,1.6059764591294219,1.649950630776016,-0.02665181056109045
2024-10-29,-2.752833685409898e-05,1.6059322498769817,1.649950630776016,-0.026678604849122767
2024-10-30,-0.0037064424644550776,1.5999909716955032,1.649950630776016,-0.030279487245636783
2024-10-31,-0.004916358107685205,1.5921441478128744,1.649950630776016,-0.035035280380452116
2024-11-04,0.01507304974519018,1.6163243929688975,1.649950630776016,-0.02038014785406217
2024-11-05,0.004472061444576486,1.6235688817944618,1.649950630776016,-0.015989417191922928
2024-11-06,0.013046748005982347,1.644889958790566,1.649950630776016,-0.003067165702448693
2024-11-07,0.020250227677831335,1.6785389045013708,1.6785389045013708,0.0
2024-11-08,-0.00376473880840057,1.6722315242155308,1.6785389045013708,-0.0037576610639916685
2024-11-11,0.012229467464367958,1.692807585926976,1.692807585926976,0.0
2024-11-12,-0.01492223842988596,1.6677346449696784,1.692807585926976,-0.01481145356728053
2024-11-13,0.0049544968248958435,1.676017933792859,1.692807585926976,-0.009918228317084887
2024-11-14,-0.005962927160852268,1.6660536984625414,1.692807585926976,-0.015804446817731077
2024-11-15,-0.00706528562466279,1.6543240387087423,1.692807585926976,-0.022733562596342072
2024-11-18,0.0014131973818573861,1.6566635778349101,1.692807585926976,-0.02135151590325224
2024-11-19,-0.017052449509471497,1.628652909826635,1.692807585926976,-0.03789838646381671
2024-11-20,0.00043512852711434367,1.6293617373728273,1.692807585926976,-0.03747965751193505
2024-11-21,0.021436548928303857,1.6646666861585728,1.692807585926976,-0.016623802966356238
2024-11-22,-0.0012217121207348286,1.6626341845098653,1.692807585926976,-0.017824472000217195
2024-11-25,0.012974079217106634,1.684345872152542,1.692807585926976,-0.004998627041123749
2024-11-26,-0.002991070096507213,1.6793154025761559,1.692807585926976,-0.007970299438037953
2024-11-27,0.010054115487536278,1.6962845957432342,1.6962845957432342,0.0
2024-11-28,0.0,1.6962845957432342,1.6962845957432342,0.0
2024-11-29,0.0009898953189166058,1.697964571286891,1.697964571286891,0.0
2024-12-03,-0.010449610448441856,1.6803138849724095,1.697964571286891,-0.010395202946492543
2024-12-04,-0.00739438691351049,1.667934818179618,1.697964571286891,-0.01768573597770251
2024-12-05,0.004001981392881081,1.674623236823265,1.697964571286891,-0.013746655765576765
2024-12-06,-0.0015012340053773246,1.6721111215821607,1.697964571286891,-0.015226142018461508
2024-12-09,0.023014949305756986,1.7110409398027737,1.7110409398027737,0.0
2024-12-10,-0.003717949681655489,1.7046911870304473,1.7110409398027737,-0.003711046664411355
2024-12-11,0.006277003864106134,1.715425193655081,1.715425193655081,0.0
2024-12-12,-0.004861973820947366,1.707105083739805,1.715425193655081,-0.004850173558165083
2024-12-13,-0.0011246425354711604,1.7051862799365445,1.715425193655081,-0.005968732274894695
2024-12-16,-0.010485089940700574,1.6874006533145551,1.715425193655081,-0.016336789528439644
2024-12-17,-0.008475189527148602,1.6731600441407763,1.715425193655081,-0.02463829356746805
2024-12-18,-0.02227608052327187,1.6363006617501101,1.715425193655081,-0.04612531761666572
2024-12-19,-0.008284244577425838,1.6228011407373115,1.715425193655081,-0.05399480738674134
2024-12-20,0.016919007630648207,1.6504909067823257,1.715425193655081,-0.037853173145020125
2024-12-23,0.0010626988648573432,1.6522458138991656,1.715425193655081,-0.03683015732169481
2024-12-24,0.003088003659255841,1.6573558408487679,1.715425193655081,-0.03385128831096618
2024-12-25,0.0,1.6573558408487679,1.715425193655081,-0.03385128831096618
2024-12-26,-0.0006706217969533316,1.6562447544975907,1.715425193655081,-0.034498991489913755
2024-12-27,-0.0032655211103355037,1.650845073472433,1.715425193655081,-0.03764671314232382
2024-12-30,-0.007183750864403049,1.6390283089134121,1.715425193655081,-0.044535247018780866
2024-12-31,0.009155187243680115,1.6541028196713934,1.715425193655081,-0.035747623510779425
2025-01-02,-0.0006436686413138074,1.6530384681384622,1.715425193655081,-0.03636808282131532
2025-01-03,0.0068450516806345145,1.6643924167332516,1.715425193655081,-0.029749345591161158
2025-01-06,0.006304364072289318,1.6749184977477403,1.715425193655081,-0.023613210332438128
2025-01-07,-0.002572567494248567,1.6706151945072445,1.715425193655081,-0.026121803103730357
2025-01-08,-0.008270567845931663,1.6568552379580184,1.715425193655081,-0.034143112689319244
2025-01-09,0.0,1.6568552379580184,1.715425193655081,-0.034143112689319244
2025-01-10,-0.0124543676692104,1.6363481203143937,1.715425193655081,-0.046097651843504006
2025-01-13,0.020189303023419862,1.669720598336678,1.715425193655081,-0.0266433042300257
2025-01-14,0.0009181913960038409,1.6712544254894874,1.715425193655081,-0.025749166054556016
2025-01-15,0.0017965965617548806,1.674259694263556,1.715425193655081,-0.023997257090420332
2025-01-16,0.007210271467012062,1.6863751866717616,1.715425193655081,-0.01693458105358836
2025-01-17,0.0083081550520963,1.7004442161109923,1.715425193655081,-0.00873309870899619
2025-01-20,0.0,1.7004442161109923,1.715425193655081,-0.00873309870899619
2025-01-21,0.017768605992148225,1.7309287713713684,1.7309287713713684,0.0
2025-01-22,-0.002303352634920649,1.7269464201652167,1.7309287713713684,-0.0023007019537820694
2025-01-23,0.007853056401964405,1.740561618294098,1.740561618294098,0.0
2025-01-24,-0.0023553478433557267,1.7364668144769402,1.740561618294098,-0.002352576188122013
2025-01-27,0.012252091502990088,1.757873032470652,1.757873032470652,0.0
2025-01-28,0.006206344737471771,1.768816924168495,1.768816924168495,0.0
2025-01-29,0.007007154897969892,1.7812548245978226,1.7812548245978226,0.0
2025-01-30,0.00764240634886694,1.794920048865343,1.794920048865343,0.0
2025-01-31,-0.00940479254917299,1.7781183303446477,1.794920048865343,-0.009360705804872138
2025-02-04,-0.005626759517842861,1.7681413813746727,1.794920048865343,-0.014919142224523285
2025-02-05,-0.006068160913789456,1.7574445029677508,1.794920048865343,-0.020878671404490845
2025-02-06,0.0037217907365537533,1.7639975305733961,1.794920048865343,-0.01722779703279509
2025-02-07,-0.002923790375701668,1.7588475040385239,1.794920048865343,-0.02009702039353911
2025-02-10,-0.00888619779558438,1.7432872752527553,1.794920048865343,-0.02876605765545226
2025-02-11,-0.007570866376866552,1.7301389152766529,1.794920048865343,-0.03609137556273967
2025-02-12,-0.013186018755818993,1.7074750227277817,1.794920048865343,-0.04871806195091499
2025-02-13,0.00026976396567654926,1.7079357000954896,1.794920048865343,-0.04846140574608904
2025-02-14,0.004825486650527864,1.7161972379555477,1.794920048865343,-0.04385867267991117
2025-02-17,-2.2204460492503136e-16,1.7161972379555475,1.794920048865343,-0.04385867267991128
2025-02-18,0.0029495595094671044,1.7212667365574408,1.794920048865343,-0.041034313675677114
2025-02-19,0.0024947185437040344,1.7255661733162582,1.794920048865343,-0.038638977592860946
2025-02-20,-0.006090359272507651,1.7150887932626337,1.794920048865343,-0.04447621812078728
2025-02-21,-0.015476377887319877,1.6887497730239451,1.794920048865343,-0.05915042060425657
2025-02-24,0.005891741339568771,1.6987288179831694,1.794920048865343,-0.05359081645056041
2025-02-25,-0.0010577997404215644,1.6969328531335008,1.794920048865343,-0.05459139853821604
2025-02-26,0.002600139833415923,1.7013508570644917,1.794920048865343,-0.05213000537823442
2025-02-27,-0.019329913712923235,1.6687797047498132,1.794920048865343,-0.07027630238754601
2025-02-28,0.005575096236186236,1.6781092947167973,1.794920048865343,-0.06507852771625544
2025-03-04,-0.012305807161370424,1.6575853462159456,1.794920048865343,-0.07651299161553926
2025-03-05,0.031840448995942676,1.7112128389966683,1.794920048865343,-0.04663562030051982
2025-03-06,-0.023059420683491184,1.672204742801667,1.794920048865343,-0.06836811820183875
2025-03-07,0.010858322790740515,1.6904610185664346,1.794920048865343,-0.05819703800452947
2025-03-10,-0.020211095322586966,1.6566379022497073,1.794920048865343,-0.07704083906302717
2025-03-11,-0.011806076027129755,1.6371945101490395,1.794920048865343,-0.08787329486681561
2025-03-12,-3.340185474206049e-05,1.6371398257291128,1.794920048865343,-0.08790376108170994
2025-03-13,-0.029278258412778334,1.5899021161509586,1.794920048865343,-0.11422120603309671
2025-03-14,0.021719315622480563,1.6248114329557353,1.794920048865343,-0.09477225240040177
2025-03-17,0.02636451461278172,1.6682184863905007,1.794920048865343,-0.07058897278178855
2025-03-18,-0.009625073896756453,1.652238786445287,1.794920048865343,-0.07949170912111203
2025-03-19,0.007160991172804906,1.6641129183453711,1.794920048865343,-0.0728762991993217
2025-03-20,-0.0169717422384077,1.6361083382967723,1.794920048865343,-0.08847843148722045
2025-03-21,0.0012060387182329455,1.6380827386623065,1.794920048865343,-0.08737843799905243
2025-03-24,0.022435337575014067,1.675249038177117,1.794920048865343,-0.06667205637592377
2025-03-25,0.0009248602236185501,1.6767991260740107,1.794920048865343,-0.0658084591934901
2025-03-26,-0.013675157709531855,1.6540247103601253,1.794920048865343,-0.07849672111818262
2025-03-27,-0.003168770117770904,1.6487917816366628,1.794920048865343,-0.08141213159942973
2025-03-28,-0.020298454363124493,1.6156612438071156,1.794920048865343,-0.09987007787424607
2025-03-31,0.007374071741335747,1.6276192812549224,1.794920048865343,-0.09320792183260729
2025-04-02,0.011953646112272944,1.6471920158587876,1.794920048865343,-0.08230340571433337
2025-04-03,-0.051691643497458854,1.564209189605046,1.794920048865343,-0.128535451707802
2025-04-04,-0.07527299619290241,1.450788773033272,1.794920048865343,-0.19172512784043683
2025-04-07,-0.008972245793879292,1.437830160427208,1.794920048865343,-0.19894473219788766
2025-04-08,-0.022721099499265072,1.4055294220230072,1.794920048865343,-0.2169403740787723
2025-04-09,0.09925620587298087,1.5521952985057421,1.794920048865343,-0.13522872537584008
2025-04-10,-0.03393732282412703,1.5004017831673537,1.794920048865343,-0.16408433672807243
2025-04-11,0.03353866873112041,1.551576632821844,1.794920048865343,-0.13557340127618955
2025-04-14,0.011949434874875368,1.570228313332549,1.794920048865343,-0.1251820300713854
2025-04-15,-0.005098737043003691,1.562242508126452,1.794920048865343,-0.12963114478886006
2025-04-16,-0.02050215341459171,1.5305392753244902,1.794920048865343,-0.14729389964081174
2025-04-17,0.009508016361424954,1.545161069772924,1.794920048865343,-0.13914769031094387
2025-04-18,2.2204460492503128e-16,1.5451610697729241,1.794920048865343,-0.13914769031094376
2025-04-21,-0.015960903074430016,1.5206946759737179,1.794920048865343,-0.1527786003978151
2025-04-22,0.026185351516059475,1.5610405304930755,1.794920048865343,-0.1303008000384832
2025-04-23,0.012047389271391762,1.579960734122796,1.794920048865343,-0.11975982711788935
2025-04-24,0.025832408008467977,1.6213066576285968,1.794920048865343,-0.09672486044517448
2025-04-25,0.0054850647356902045,1.6302240635190235,1.794920048865343,-0.09175672501426002
2025-04-28,0.009190648755119435,1.6452759425957613,1.794920048865343,-0.08337090354758647
2025-04-29,0.006747743561151591,1.656415383522363,1.794920048865343,-0.07716481044965517
2025-04-30,-0.002432758149370009,1.652390623118675,1.794920048865343,-0.07940711667729594
2025-05-02,0.015624235946474637,1.6784107067268126,1.794920048865343,-0.0649106026823767
2025-05-05,-0.006972601515878105,1.6667485228179189,1.794920048865343,-0.07140793046935301
2025-05-06,-0.020193779684128166,1.6334281349440263,1.794920048865343,-0.08997164749672482
2025-05-07,0.008105993524027365,1.6467225020602412,1.794920048865343,-0.08256498494113129
2025-05-08,0.015787791184191796,1.6729269237349151,1.794920048865343,-0.0679657710701631
2025-05-09,-0.0008258783638731349,1.6715458599581068,1.794920048865343,-0.06873520020305479
2025-05-12,0.054327052356827575,1.7648680268518093,1.794920048865343,-0.016742819287427824
2025-05-13,-0.00041570121695346646,1.764134521535374,1.794920048865343,-0.017151475548690787
2025-05-14,-0.017499512683516218,1.7335315763789758,1.794920048865343,-0.034201229478256545
2025-05-15,0.005598453839225946,1.7432638904239142,1.794920048865343,-0.028779085995547904
2025-05-16,0.00903496644756518,1.7590855878078842,1.794920048865343,-0.01996437728806444
2025-05-19,0.0018434406486052468,1.7623313484492107,1.794920048865343,-0.01815607354585691
2025-05-20,-0.00454801171032285,1.75433444363164,1.794920048865343,-0.0226113721663308
2025-05-21,-0.030092293083949166,1.702328904737665,1.794920048865343,-0.05158510775240899
2025-05-22,-0.0013645862048695253,1.700007514426927,1.794920048865343,-0.05287841901282164
2025-05-23,-0.009320562910338922,1.68423610084244,1.794920048865343,-0.06166511321374546
2025-05-26,0.0,1.68423610084244,1.794920048865343,-0.06166511321374546
2025-05-27,0.02290588842178007,1.7232602603150722,1.794920048865343,-0.039923666012628534
2025-05-28,-0.012244749026728244,1.7022880327877117,1.794920048865343,-0.05160787865520167
2025-05-29,0.016638431349486348,1.730848376136478,1.794920048865343,-0.03569611513859228
2025-05-30,0.0017771378371020956,1.733927067094827,1.794920048865343,-0.03398089057452591
2025-06-03,0.03220012572486018,1.7906683726478159,1.794920048865343,-0.0023687273537419395
2025-06-04,0.011974930007774387,1.812240405083398,1.812240405083398,0.0
2025-06-05,-0.007275371616361188,1.7991035284535637,1.812240405083398,-0.007248970165870339
2025-06-06,0.012814943490919706,1.822307298457607,1.822307298457607,0.0
2025-06-09,0.005831984806898389,1.8329660174689926,1.8329660174689926,0.0
2025-06-10,0.022907891756440903,1.8754400423591446,1.8754400423591446,0.0
2025-06-11,-0.00012750695691679008,1.8752009259512903,1.8754400423591446,-0.00012749882825024983
2025-06-12,-0.004362889063104349,1.8670374534519452,1.8754400423591446,-0.004480329265354577
2025-06-13,-0.006921729602963984,1.8541589472271938,1.8754400423591446,-0.011347254325006828
2025-06-16,0.010982068244390115,1.8746336689366638,1.8754400423591446,-0.00042996491717561813
2025-06-17,-0.05665905076409304,1.7713716907907868,1.8754400423591446,-0.0554900979065418
2025-06-18,0.004157236474332663,1.7787510299945362,1.8754400423591446,-0.05155537376869801
2025-06-19,0.0,1.7787510299945362,1.8754400423591446,-0.05155537376869801
2025-06-20,0.005569348399023703,1.788685151810675,1.8754400423591446,-0.046258418605235385
2025-06-23,0.011461836615323512,1.8093047120537804,1.8754400423591446,-0.0352639001043038
2025-06-24,0.022565860747665565,1.8505973803040292,1.8754400423591446,-0.013246310995826627
2025-06-25,0.013917062450923374,1.876532310037199,1.876532310037199,0.0
2025-06-26,0.016130274831337558,1.9070467333296492,1.9070467333296492,0.0
2025-06-27,-0.0085004970565727,1.890904593492703,1.9070467333296492,-0.00846446998640804
2025-06-30,0.015486721262681372,1.9204164368752379,1.9204164368752379,0.0
2025-07-02,0.01222517245959899,1.9440379533716479,1.9440379533716479,0.0
2025-07-03,0.009247069419190977,1.9620979797488434,1.9620979797488434,0.0
2025-07-04,2.2204460492503128e-16,1.9620979797488438,1.9620979797488438,0.0
2025-07-07,-0.01996902198611596,1.9233054159067304,1.9620979797488438,-0.0197709616148114
2025-07-08,0.009058943673927473,1.9408076876916112,1.9620979797488438,-0.010850779256170395
2025-07-09,-0.0008313320004022359,1.939194902627008,1.9620979797488438,-0.01167274894435566
2025-07-10,0.009749987453070872,1.958194501007776,1.9620979797488438,-0.00198944129261458
2025-07-11,-0.012341339783476674,1.9341762707270964,1.9620979797488438,-0.014230537572502588
2025-07-14,-0.01061365707050167,1.9137561448753497,1.9620979797488438,-0.024637829187144855
2025-07-15,-0.015669047859845357,1.8840031177939958,1.9620979797488438,-0.03980171365593299
2025-07-16,0.006699710146266821,1.896667769975018,1.9620979797488438,-0.033347065462144276
2025-07-17,0.026208470191080427,1.9470336541471618,1.9620979797488438,-0.007677662255995199
2025-07-18,-0.0008767207605482337,1.9453273973857388,1.9620979797488438,-0.008547270593108558
2025-07-21,0.003580259837275887,1.9523046576863388,1.9620979797488438,-0.004991250265574676
2025-07-22,0.027555577308961104,2.0068495969247744,2.0068495969247744,0.0
2025-07-23,0.001718937416088574,2.010302212350176,2.010302212350176,0.0
2025-07-24,0.004101116304093087,2.01856362445618,2.01856362445618,0.0
2025-07-25,0.023936609340279382,2.067464114508487,2.067464114508487,0.0
2025-07-28,-0.031646366892368834,2.0030608265058607,2.067464114508487,-0.03115086136232026
2025-07-29,-0.019364101126208493,1.9646464840450906,2.067464114508487,-0.049731276950284564
2025-07-30,-0.011260377923933834,1.9426479107165195,2.067464114508487,-0.060371642204605225
2025-07-31,-0.033276903101684796,1.8790663699715224,2.067464114508487,-0.09112503729321253
2025-08-04,0.009258416315397956,1.8965443329897447,2.067464114508487,-0.08267122041892183
2025-08-05,0.009585128644001394,1.9148103556404121,2.067464114508487,-0.07383623144741558
2025-08-06,-0.011939740589649188,1.8920839603319728,2.067464114508487,-0.08482863279017949
2025-08-07,-0.0003874927888745178,1.8913509334718823,2.067464114508487,-0.08518318639763822
2025-08-08,-0.002881111960666715,1.8859095820109926,2.067464114508487,-0.08781508284638673
2025-08-11,-0.0012713855485458224,1.8835133873889385,2.067464114508487,-0.08897408464247047
2025-08-12,0.020063856655188363,1.9216855902687286,2.067464114508487,-0.0705107881760817
2025-08-13,0.01789742753938209,1.956388438405294,2.067464114508487,-0.05372556424255015
2025-08-14,-0.012676603301784271,1.9317446083098282,2.067464114508487,-0.06564539875020958
2025-08-15,0.007686858349827308,1.94665087325742,2.067464114508487,-0.05843547194036247
2025-08-18,0.0023817483664697464,1.951292831588845,2.067464114508487,-0.05619022942376928
2025-08-19,0.018220568781896006,1.9871723770741976,2.067464114508487,-0.038835855418645426
2025-08-20,-0.00413784028890874,1.9789667636181598,2.067464114508487,-0.04280478208511307
2025-08-21,-0.006274073756055946,1.9665894488769233,2.067464114508487,-0.04879149530271054
2025-08-22,0.03197489183843706,2.030487049276849,2.067464114508487,-0.017885227110908564
2025-08-25,0.0012982023994374241,2.0331247441967353,2.067464114508487,-0.01660941540449201
2025-08-26,-0.0096256387084231,2.0136485059536033,2.067464114508487,-0.026029766696907153
2025-08-27,0.012798211706166247,2.039585223613648,2.067464114508487,-0.01348458273069808
2025-08-28,-0.007619531240483127,2.0241035965568623,2.067464114508487,-0.020972803178222477
2025-08-29,0.012596755990998746,2.04976200271892,2.067464114508487,-0.008562234123118184
2025-09-02,-0.013442396497949717,2.0223926560875904,2.067464114508487,-0.021800358276889198
2025-09-03,-0.014417845171183484,1.9934433069969169,2.067464114508487,-0.035802704865408264
2025-09-04,0.002310945092754695,1.9980553720869512,2.067464114508487,-0.03357192124132069
2025-09-05,0.004180066428940067,2.006424856584932,2.067464114508487,-0.029523732719330065
2025-09-08,-0.01497111799093392,1.976610169786616,2.067464114508487,-0.04394462959927614
2025-09-09,-0.0007139858922603848,1.9751994017050751,2.067464114508487,-0.044626996016976284
2025-09-10,-0.010110982795400581,1.955328819378749,2.067464114508487,-0.05423808536400965
2025-09-11,0.030131232563154208,2.015141882181514,2.067464114508487,-0.025307444013078717
2025-09-12,-0.008739576163996163,1.9976071309765955,2.067464114508487,-0.033788728443540084
2025-09-15,-0.013507051905990766,1.9708067522786634,2.067464114508487,-0.046751651722285126
2025-09-16,-0.0006205102603447332,1.969584225802055,2.067464114508487,-0.04734296862497245
2025-09-17,0.000832629543037253,1.9712248427342383,2.067464114508487,-0.04654942791939498
2025-09-18,-0.0006248433184516057,1.9699935207937957,2.067464114508487,-0.04714499905013514
2025-09-19,-0.00870554208236808,1.9529180925664265,2.067464114508487,-0.0554041161528418
2025-09-22,-0.0020203111090437978,1.9489765733371653,2.067464114508487,-0.05731056724991357
2025-09-23,-0.004789692743870065,1.939663894624336,2.067464114508487,-0.061814964036042586
2025-09-24,0.007045181471797609,1.9533774292040422,2.067464114508487,-0.05518194221792683
2025-09-25,-0.02380819103879731,1.9074202951155326,2.067464114508487,-0.07741068793883399
2025-09-26,0.009471988180816304,1.9255731939073255,2.067464114508487,-0.06863041520548674
2025-09-29,-0.005100109323681166,1.9157775607406065,2.067464114508487,-0.07336840949422818
2025-09-30,0.010391348191448194,1.9357888645763326,2.067464114508487,-0.06368925535786552
2025-10-02,0.004235216054920312,1.9440047343656353,2.067464114508487,-0.059715367863689583
2025-10-03,-0.0017979202920320862,1.94051270893827,2.067464114508487,-0.061404405851270494
2025-10-06,-0.012426412787574448,1.9165483011816415,2.067464114508487,-0.07299561441854752
2025-10-07,-0.008210094811219046,1.9008776746075957,2.067464114508487,-0.08057525097140317
2025-10-08,-0.0026639897458654647,1.895820495102302,2.067464114508487,-0.08302132946427987
2025-10-09,-0.006119745701424719,1.8842539839286168,2.067464114508487,-0.08861586969959379
2025-10-10,-0.037742422011803514,1.8144629997966277,2.067464114508487,-0.12237267526745288
2025-10-13,0.008383259842538442,1.829738052507012,2.067464114508487,-0.11498437159475983
2025-10-14,0.013723039039748655,1.8550206998407135,2.067464114508487,-0.10275555119769475
2025-10-15,-0.002125759825037674,1.8510815596786965,2.067464114508487,-0.10466085157721472
2025-10-16,-0.005701916107801065,1.8405568818464526,2.067464114508487,-0.10975147334829494
2025-10-17,0.010058013424968003,1.8591626393007044,2.067464114508487,-0.10075215997512177
2025-10-20,0.005365328050977417,1.8691644643034773,2.067464114508487,-0.095914433925811
2025-10-21,0.00970242678392872,1.8873881597406186,2.067464114508487,-0.0870999179643217
2025-10-22,0.0027222089717899764,1.8925330242433345,2.067464114508487,-0.0846114276120048
2025-10-23,0.013545585509968075,1.918342902471894,2.067464114508487,-0.07212759389153622
2025-10-24,0.006528435195568174,1.9309076492348067,2.067464114508487,-0.06605022274166272
2025-10-27,0.011053547912846537,1.9523694253181685,2.067464114508487,-0.055669497904528686
2025-10-28,-0.021375440954878,1.911079534885867,2.067464114508487,-0.07564077099340527
2025-10-29,-0.010986228149384294,1.8901988888935988,2.067464114508487,-0.08574041231038765
2025-10-30,-0.0449934945535759,1.8070371334910245,2.067464114508487,-0.12596445045401705
2025-10-31,0.006858662396824173,1.8194735911080975,2.067464114508487,-0.11994913075400393
2025-11-04,0.009245587803468725,1.8363736992815918,2.067464114508487,-0.11177481321451321
2025-11-05,0.01571415422674992,1.8654586832670164,2.067464114508487,-0.09770686215247548
2025-11-06,-0.009153278580009007,1.848461528776491,2.067464114508487,-0.10592811947503189
2025-11-07,0.016720440166206784,1.8796284554177767,2.067464114508487,-0.0908531653693857
2025-11-10,0.000542483587780937,1.8806483996324521,2.067464114508487,-0.0903598343328188
2025-11-11,0.013408448785586074,1.906034793117975,2.067464114508487,-0.07808083354757023
2025-11-12,0.0021107474185016045,1.9100622000612673,2.067464114508487,-0.07613283990887543
2025-11-13,-0.011677689308368107,1.887886817743059,2.067464114508487,-0.0868587249013123
2025-11-14,-0.009288735191130241,1.8704319294411729,2.067464114508487,-0.09530138089683649
2025-11-17,-0.014298655840402073,1.843877565288124,2.067464114508487,-0.10814531079467737
2025-11-18,0.0041222407674371755,1.8514941604918995,2.067464114508487,-0.10446128302833035
2025-11-19,-0.0038650892591006163,1.8443517821554043,2.067464114508487,-0.10791593952581113
2025-11-20,-0.01032198506165926,1.8254123251634662,2.067464114508487,-0.11707665813709445
2025-11-21,0.02583815498044058,1.8731922257966163,2.067464114508487,-0.09396626879691028
2025-11-24,0.0070628786231903724,1.8864691867144832,2.067464114508487,-0.08754441081896747
2025-11-25,0.014073459087625029,1.9132060322897484,2.067464114508487,-0.07461221751624525
2025-11-26,0.0048119832140378835,1.9224345334912631,2.067464114508487,-0.07014853607347993
2025-11-27,0.0,1.9224345334912631,2.067464114508487,-0.07014853607347993
2025-11-28,0.0023029075320672152,1.9268668240771891,2.067464114508487,-0.06800470656039559
2025-12-02,-0.0028691005282598884,1.921346372606367,2.067464114508487,-0.0706748624446415
2025-12-03,-0.009085440885855901,1.9039691531008136,2.067464114508487,-0.07907995126026268
2025-12-04,-0.004184587062582136,1.8960184751690685,2.067464114508487,-0.08292556960785624
2025-12-05,0.005877537262185867,1.9071952080632801,2.067464114508487,-0.07751955901943608
2025-12-08,-0.00670796348368496,1.8944446252843927,2.067464114508487,-0.08368681613863338
2025-12-09,0.0017425717363935176,1.89774870890986,2.067464114508487,-0.08208868265603475
2025-12-10,0.015200557233790365,1.9268159058913563,2.067464114508487,-0.06802933488911744
2025-12-11,0.01436400132909409,1.9546924219824728,2.067464114508487,-0.05454590081377253
2025-12-12,0.006417459751023958,1.967276918987943,2.067464114508487,-0.04845897678101274
2025-12-15,-0.004451337838771767,1.9585393661263941,2.067464114508487,-0.05268519420371576
2025-12-16,-0.012063561962109639,1.935054346435966,2.067464114508487,-0.06404453027422907
2025-12-17,0.00651569091808464,1.9477037274439049,2.067464114508487,-0.05792622286605131
2025-12-18,-0.009449560590383323,1.9293854691146133,2.067464114508487,-0.06678647741690069
2025-12-19,0.007816354232988466,1.9445253215367855,2.067464114508487,-0.059463568005352574
2025-12-22,0.009826980966698274,1.9637283341452105,2.067464114508487,-0.050175371671656865
2025-12-23,-0.004860635194822639,1.954206526853679,2.067464114508487,-0.0547809206747627
2025-12-24,0.0018219343306921138,1.9577702082251465,2.067464114508487,-0.05305722382969569
2025-12-25,0.0,1.9577702082251465,2.067464114508487,-0.05305722382969569
2025-12-26,0.003761102614774038,1.9651474474548396,2.067464114508487,-0.04948896879788012
2025-12-29,0.00025679203037819127,1.9656521464564314,2.067464114508487,-0.04924485379822907
2025-12-30,-0.0013495279211911521,1.9630012331445306,2.067464114508487,-0.050527059033762756
2025-12-31,-0.005572583586949774,1.9520926673681003,2.067464114508487,-0.05580336138884556
