date,alpha,val_r2,model_path,scaler_path,bundle_path
2023-01-02,100.0,-0.002286,C:\Users\anila\Desktop\tesi_SAFE_optimization\data\results\step5\ridge\models\ridge_model_2023-01-02.pkl,C:\Users\anila\Desktop\tesi_SAFE_optimization\data\results\step5\ridge\models\ridge_scaler_2023-01-02.pkl,C:\Users\anila\Desktop\tesi_SAFE_optimization\data\results\step5\ridge\models\ridge_bundle_2023-01-02.pkl
2023-02-01,100.0,0.002881,C:\Users\anila\Desktop\tesi_SAFE_optimization\data\results\step5\ridge\models\ridge_model_2023-02-01.pkl,C:\Users\anila\Desktop\tesi_SAFE_optimization\data\results\step5\ridge\models\ridge_scaler_2023-02-01.pkl,C:\Users\anila\Desktop\tesi_SAFE_optimization\data\results\step5\ridge\models\ridge_bundle_2023-02-01.pkl
2023-03-01,0.01,0.004659,C:\Users\anila\Desktop\tesi_SAFE_optimization\data\results\step5\ridge\models\ridge_model_2023-03-01.pkl,C:\Users\anila\Desktop\tesi_SAFE_optimization\data\results\step5\ridge\models\ridge_scaler_2023-03-01.pkl,C:\Users\anila\Desktop\tesi_SAFE_optimization\data\results\step5\ridge\models\ridge_bundle_2023-03-01.pkl
2023-04-03,0.01,0.001787,C:\Users\anila\Desktop\tesi_SAFE_optimization\data\results\step5\ridge\models\ridge_model_2023-04-03.pkl,C:\Users\anila\Desktop\tesi_SAFE_optimization\data\results\step5\ridge\models\ridge_scaler_2023-04-03.pkl,C:\Users\anila\Desktop\tesi_SAFE_optimization\data\results\step5\ridge\models\ridge_bundle_2023-04-03.pkl
2023-05-01,0.01,0.005168,C:\Users\anila\Desktop\tesi_SAFE_optimization\data\results\step5\ridge\models\ridge_model_2023-05-01.pkl,C:\Users\anila\Desktop\tesi_SAFE_optimization\data\results\step5\ridge\models\ridge_scaler_2023-05-01.pkl,C:\Users\anila\Desktop\tesi_SAFE_optimization\data\results\step5\ridge\models\ridge_bundle_2023-05-01.pkl
2023-06-01,0.01,0.002677,C:\Users\anila\Desktop\tesi_SAFE_optimization\data\results\step5\ridge\models\ridge_model_2023-06-01.pkl,C:\Users\anila\Desktop\tesi_SAFE_optimization\data\results\step5\ridge\models\ridge_scaler_2023-06-01.pkl,C:\Users\anila\Desktop\tesi_SAFE_optimization\data\results\step5\ridge\models\ridge_bundle_2023-06-01.pkl
2023-07-03,0.01,0.006185,C:\Users\anila\Desktop\tesi_SAFE_optimization\data\results\step5\ridge\models\ridge_model_2023-07-03.pkl,C:\Users\anila\Desktop\tesi_SAFE_optimization\data\results\step5\ridge\models\ridge_scaler_2023-07-03.pkl,C:\Users\anila\Desktop\tesi_SAFE_optimization\data\results\step5\ridge\models\ridge_bundle_2023-07-03.pkl
2023-08-01,100.0,-0.004395,C:\Users\anila\Desktop\tesi_SAFE_optimization\data\results\step5\ridge\models\ridge_model_2023-08-01.pkl,C:\Users\anila\Desktop\tesi_SAFE_optimization\data\results\step5\ridge\models\ridge_scaler_2023-08-01.pkl,C:\Users\anila\Desktop\tesi_SAFE_optimization\data\results\step5\ridge\models\ridge_bundle_2023-08-01.pkl
2023-09-01,100.0,-0.004613,C:\Users\anila\Desktop\tesi_SAFE_optimization\data\results\step5\ridge\models\ridge_model_2023-09-01.pkl,C:\Users\anila\Desktop\tesi_SAFE_optimization\data\results\step5\ridge\models\ridge_scaler_2023-09-01.pkl,C:\Users\anila\Desktop\tesi_SAFE_optimization\data\results\step5\ridge\models\ridge_bundle_2023-09-01.pkl
2023-10-02,100.0,-0.001562,C:\Users\anila\Desktop\tesi_SAFE_optimization\data\results\step5\ridge\models\ridge_model_2023-10-02.pkl,C:\Users\anila\Desktop\tesi_SAFE_optimization\data\results\step5\ridge\models\ridge_scaler_2023-10-02.pkl,C:\Users\anila\Desktop\tesi_SAFE_optimization\data\results\step5\ridge\models\ridge_bundle_2023-10-02.pkl
2023-11-01,100.0,-0.006055,C:\Users\anila\Desktop\tesi_SAFE_optimization\data\results\step5\ridge\models\ridge_model_2023-11-01.pkl,C:\Users\anila\Desktop\tesi_SAFE_optimization\data\results\step5\ridge\models\ridge_scaler_2023-11-01.pkl,C:\Users\anila\Desktop\tesi_SAFE_optimization\data\results\step5\ridge\models\ridge_bundle_2023-11-01.pkl
2023-12-01,100.0,-0.0021,C:\Users\anila\Desktop\tesi_SAFE_optimization\data\results\step5\ridge\models\ridge_model_2023-12-01.pkl,C:\Users\anila\Desktop\tesi_SAFE_optimization\data\results\step5\ridge\models\ridge_scaler_2023-12-01.pkl,C:\Users\anila\Desktop\tesi_SAFE_optimization\data\results\step5\ridge\models\ridge_bundle_2023-12-01.pkl
2024-01-01,100.0,-0.006658,C:\Users\anila\Desktop\tesi_SAFE_optimization\data\results\step5\ridge\models\ridge_model_2024-01-01.pkl,C:\Users\anila\Desktop\tesi_SAFE_optimization\data\results\step5\ridge\models\ridge_scaler_2024-01-01.pkl,C:\Users\anila\Desktop\tesi_SAFE_optimization\data\results\step5\ridge\models\ridge_bundle_2024-01-01.pkl
2024-02-01,100.0,-0.008126,C:\Users\anila\Desktop\tesi_SAFE_optimization\data\results\step5\ridge\models\ridge_model_2024-02-01.pkl,C:\Users\anila\Desktop\tesi_SAFE_optimization\data\results\step5\ridge\models\ridge_scaler_2024-02-01.pkl,C:\Users\anila\Desktop\tesi_SAFE_optimization\data\results\step5\ridge\models\ridge_bundle_2024-02-01.pkl
2024-03-01,100.0,-0.010723,C:\Users\anila\Desktop\tesi_SAFE_optimization\data\results\step5\ridge\models\ridge_model_2024-03-01.pkl,C:\Users\anila\Desktop\tesi_SAFE_optimization\data\results\step5\ridge\models\ridge_scaler_2024-03-01.pkl,C:\Users\anila\Desktop\tesi_SAFE_optimization\data\results\step5\ridge\models\ridge_bundle_2024-03-01.pkl
2024-04-01,100.0,-0.005204,C:\Users\anila\Desktop\tesi_SAFE_optimization\data\results\step5\ridge\models\ridge_model_2024-04-01.pkl,C:\Users\anila\Desktop\tesi_SAFE_optimization\data\results\step5\ridge\models\ridge_scaler_2024-04-01.pkl,C:\Users\anila\Desktop\tesi_SAFE_optimization\data\results\step5\ridge\models\ridge_bundle_2024-04-01.pkl
2024-05-01,100.0,-0.001577,C:\Users\anila\Desktop\tesi_SAFE_optimization\data\results\step5\ridge\models\ridge_model_2024-05-01.pkl,C:\Users\anila\Desktop\tesi_SAFE_optimization\data\results\step5\ridge\models\ridge_scaler_2024-05-01.pkl,C:\Users\anila\Desktop\tesi_SAFE_optimization\data\results\step5\ridge\models\ridge_bundle_2024-05-01.pkl
2024-06-03,100.0,-0.008475,C:\Users\anila\Desktop\tesi_SAFE_optimization\data\results\step5\ridge\models\ridge_model_2024-06-03.pkl,C:\Users\anila\Desktop\tesi_SAFE_optimization\data\results\step5\ridge\models\ridge_scaler_2024-06-03.pkl,C:\Users\anila\Desktop\tesi_SAFE_optimization\data\results\step5\ridge\models\ridge_bundle_2024-06-03.pkl
2024-07-01,100.0,-0.011054,C:\Users\anila\Desktop\tesi_SAFE_optimization\data\results\step5\ridge\models\ridge_model_2024-07-01.pkl,C:\Users\anila\Desktop\tesi_SAFE_optimization\data\results\step5\ridge\models\ridge_scaler_2024-07-01.pkl,C:\Users\anila\Desktop\tesi_SAFE_optimization\data\results\step5\ridge\models\ridge_bundle_2024-07-01.pkl
2024-08-01,100.0,-0.007031,C:\Users\anila\Desktop\tesi_SAFE_optimization\data\results\step5\ridge\models\ridge_model_2024-08-01.pkl,C:\Users\anila\Desktop\tesi_SAFE_optimization\data\results\step5\ridge\models\ridge_scaler_2024-08-01.pkl,C:\Users\anila\Desktop\tesi_SAFE_optimization\data\results\step5\ridge\models\ridge_bundle_2024-08-01.pkl
2024-09-02,100.0,-0.00673,C:\Users\anila\Desktop\tesi_SAFE_optimization\data\results\step5\ridge\models\ridge_model_2024-09-02.pkl,C:\Users\anila\Desktop\tesi_SAFE_optimization\data\results\step5\ridge\models\ridge_scaler_2024-09-02.pkl,C:\Users\anila\Desktop\tesi_SAFE_optimization\data\results\step5\ridge\models\ridge_bundle_2024-09-02.pkl
2024-10-01,100.0,-0.008598,C:\Users\anila\Desktop\tesi_SAFE_optimization\data\results\step5\ridge\models\ridge_model_2024-10-01.pkl,C:\Users\anila\Desktop\tesi_SAFE_optimization\data\results\step5\ridge\models\ridge_scaler_2024-10-01.pkl,C:\Users\anila\Desktop\tesi_SAFE_optimization\data\results\step5\ridge\models\ridge_bundle_2024-10-01.pkl
2024-11-01,100.0,-0.0096,C:\Users\anila\Desktop\tesi_SAFE_optimization\data\results\step5\ridge\models\ridge_model_2024-11-01.pkl,C:\Users\anila\Desktop\tesi_SAFE_optimization\data\results\step5\ridge\models\ridge_scaler_2024-11-01.pkl,C:\Users\anila\Desktop\tesi_SAFE_optimization\data\results\step5\ridge\models\ridge_bundle_2024-11-01.pkl
2024-12-02,100.0,-0.012838,C:\Users\anila\Desktop\tesi_SAFE_optimization\data\results\step5\ridge\models\ridge_model_2024-12-02.pkl,C:\Users\anila\Desktop\tesi_SAFE_optimization\data\results\step5\ridge\models\ridge_scaler_2024-12-02.pkl,C:\Users\anila\Desktop\tesi_SAFE_optimization\data\results\step5\ridge\models\ridge_bundle_2024-12-02.pkl
2025-01-01,100.0,-0.007944,C:\Users\anila\Desktop\tesi_SAFE_optimization\data\results\step5\ridge\models\ridge_model_2025-01-01.pkl,C:\Users\anila\Desktop\tesi_SAFE_optimization\data\results\step5\ridge\models\ridge_scaler_2025-01-01.pkl,C:\Users\anila\Desktop\tesi_SAFE_optimization\data\results\step5\ridge\models\ridge_bundle_2025-01-01.pkl
2025-02-03,100.0,-0.011702,C:\Users\anila\Desktop\tesi_SAFE_optimization\data\results\step5\ridge\models\ridge_model_2025-02-03.pkl,C:\Users\anila\Desktop\tesi_SAFE_optimization\data\results\step5\ridge\models\ridge_scaler_2025-02-03.pkl,C:\Users\anila\Desktop\tesi_SAFE_optimization\data\results\step5\ridge\models\ridge_bundle_2025-02-03.pkl
2025-03-03,100.0,-0.008542,C:\Users\anila\Desktop\tesi_SAFE_optimization\data\results\step5\ridge\models\ridge_model_2025-03-03.pkl,C:\Users\anila\Desktop\tesi_SAFE_optimization\data\results\step5\ridge\models\ridge_scaler_2025-03-03.pkl,C:\Users\anila\Desktop\tesi_SAFE_optimization\data\results\step5\ridge\models\ridge_bundle_2025-03-03.pkl
2025-04-01,100.0,-0.012175,C:\Users\anila\Desktop\tesi_SAFE_optimization\data\results\step5\ridge\models\ridge_model_2025-04-01.pkl,C:\Users\anila\Desktop\tesi_SAFE_optimization\data\results\step5\ridge\models\ridge_scaler_2025-04-01.pkl,C:\Users\anila\Desktop\tesi_SAFE_optimization\data\results\step5\ridge\models\ridge_bundle_2025-04-01.pkl
2025-05-01,100.0,-0.012132,C:\Users\anila\Desktop\tesi_SAFE_optimization\data\results\step5\ridge\models\ridge_model_2025-05-01.pkl,C:\Users\anila\Desktop\tesi_SAFE_optimization\data\results\step5\ridge\models\ridge_scaler_2025-05-01.pkl,C:\Users\anila\Desktop\tesi_SAFE_optimization\data\results\step5\ridge\models\ridge_bundle_2025-05-01.pkl
2025-06-02,100.0,-0.006338,C:\Users\anila\Desktop\tesi_SAFE_optimization\data\results\step5\ridge\models\ridge_model_2025-06-02.pkl,C:\Users\anila\Desktop\tesi_SAFE_optimization\data\results\step5\ridge\models\ridge_scaler_2025-06-02.pkl,C:\Users\anila\Desktop\tesi_SAFE_optimization\data\results\step5\ridge\models\ridge_bundle_2025-06-02.pkl
2025-07-01,100.0,-0.006958,C:\Users\anila\Desktop\tesi_SAFE_optimization\data\results\step5\ridge\models\ridge_model_2025-07-01.pkl,C:\Users\anila\Desktop\tesi_SAFE_optimization\data\results\step5\ridge\models\ridge_scaler_2025-07-01.pkl,C:\Users\anila\Desktop\tesi_SAFE_optimization\data\results\step5\ridge\models\ridge_bundle_2025-07-01.pkl
2025-08-01,100.0,-0.00945,C:\Users\anila\Desktop\tesi_SAFE_optimization\data\results\step5\ridge\models\ridge_model_2025-08-01.pkl,C:\Users\anila\Desktop\tesi_SAFE_optimization\data\results\step5\ridge\models\ridge_scaler_2025-08-01.pkl,C:\Users\anila\Desktop\tesi_SAFE_optimization\data\results\step5\ridge\models\ridge_bundle_2025-08-01.pkl
2025-09-01,100.0,-0.008011,C:\Users\anila\Desktop\tesi_SAFE_optimization\data\results\step5\ridge\models\ridge_model_2025-09-01.pkl,C:\Users\anila\Desktop\tesi_SAFE_optimization\data\results\step5\ridge\models\ridge_scaler_2025-09-01.pkl,C:\Users\anila\Desktop\tesi_SAFE_optimization\data\results\step5\ridge\models\ridge_bundle_2025-09-01.pkl
2025-10-01,100.0,-0.006229,C:\Users\anila\Desktop\tesi_SAFE_optimization\data\results\step5\ridge\models\ridge_model_2025-10-01.pkl,C:\Users\anila\Desktop\tesi_SAFE_optimization\data\results\step5\ridge\models\ridge_scaler_2025-10-01.pkl,C:\Users\anila\Desktop\tesi_SAFE_optimization\data\results\step5\ridge\models\ridge_bundle_2025-10-01.pkl
2025-11-03,100.0,-0.005891,C:\Users\anila\Desktop\tesi_SAFE_optimization\data\results\step5\ridge\models\ridge_model_2025-11-03.pkl,C:\Users\anila\Desktop\tesi_SAFE_optimization\data\results\step5\ridge\models\ridge_scaler_2025-11-03.pkl,C:\Users\anila\Desktop\tesi_SAFE_optimization\data\results\step5\ridge\models\ridge_bundle_2025-11-03.pkl
2025-12-01,100.0,-0.005747,C:\Users\anila\Desktop\tesi_SAFE_optimization\data\results\step5\ridge\models\ridge_model_2025-12-01.pkl,C:\Users\anila\Desktop\tesi_SAFE_optimization\data\results\step5\ridge\models\ridge_scaler_2025-12-01.pkl,C:\Users\anila\Desktop\tesi_SAFE_optimization\data\results\step5\ridge\models\ridge_bundle_2025-12-01.pkl
