model_family,configuration_id,configuration_parameters,compliance_score_arithmetic,compliance_score_geometric,compliance_score_rms,accuracy_score,robustness_score,fairness_score,explainability_score,sharpe,max_drawdown,avg_turnover,ann_return,ann_vol,sortino,calmar
ridge,ridge_01,alpha=0.0001,0.548841,0.366867,0.613251,0.442259,0.319188,0.8156,0.618317,0.635326,0.225436,0.799159,0.138497,0.217994,0.82091,0.614352
ridge,ridge_02,alpha=0.000145635,0.548841,0.366867,0.613251,0.442259,0.319188,0.8156,0.618317,0.635326,0.225436,0.799159,0.138497,0.217994,0.82219,0.614352
ridge,ridge_03,alpha=0.000212095,0.548841,0.366867,0.613251,0.442259,0.319188,0.8156,0.618317,0.635326,0.225436,0.799159,0.138497,0.217994,0.821158,0.614352
ridge,ridge_04,alpha=0.000308884,0.548841,0.366867,0.613251,0.442259,0.319188,0.8156,0.618317,0.635326,0.225436,0.799159,0.138497,0.217994,0.82091,0.614352
ridge,ridge_05,alpha=0.000449843,0.548841,0.366867,0.613251,0.442259,0.319188,0.8156,0.618317,0.635326,0.225436,0.799159,0.138497,0.217994,0.821409,0.614352
ridge,ridge_06,alpha=0.000655129,0.548841,0.366867,0.613251,0.442259,0.319188,0.8156,0.618317,0.635325,0.225436,0.799159,0.138497,0.217994,0.820429,0.614352
ridge,ridge_07,alpha=0.000954095,0.548841,0.366867,0.613251,0.442259,0.319188,0.8156,0.618317,0.635325,0.225436,0.799159,0.138497,0.217994,0.820429,0.614352
ridge,ridge_08,alpha=0.0013895,0.548841,0.366867,0.613251,0.442259,0.319188,0.8156,0.618317,0.635325,0.225436,0.799159,0.138497,0.217994,0.82091,0.614351
ridge,ridge_09,alpha=0.00202359,0.548841,0.366867,0.613251,0.442259,0.319188,0.8156,0.618317,0.635325,0.225436,0.799159,0.138497,0.217994,0.821157,0.614351
ridge,ridge_10,alpha=0.00294705,0.548841,0.366867,0.613251,0.442259,0.319188,0.8156,0.618317,0.635325,0.225436,0.799159,0.138497,0.217994,0.821664,0.614351
ridge,ridge_11,alpha=0.00429193,0.548841,0.366867,0.613251,0.442259,0.319188,0.8156,0.618317,0.635324,0.225436,0.799159,0.138497,0.217994,0.821156,0.61435
ridge,ridge_12,alpha=0.00625055,0.548841,0.366867,0.613251,0.442259,0.319188,0.8156,0.618317,0.635323,0.225436,0.799159,0.138497,0.217994,0.822187,0.61435
ridge,ridge_13,alpha=0.00910298,0.548841,0.366867,0.613251,0.442259,0.319188,0.8156,0.618317,0.635322,0.225436,0.799159,0.138497,0.217994,0.820191,0.614348
ridge,ridge_14,alpha=0.0132571,0.548842,0.366867,0.613251,0.442261,0.319188,0.8156,0.618318,0.635321,0.225437,0.799159,0.138496,0.217994,0.820904,0.614347
ridge,ridge_15,alpha=0.019307,0.548842,0.366867,0.613251,0.442261,0.319188,0.8156,0.618318,0.635319,0.225437,0.799159,0.138496,0.217994,0.820658,0.614345
ridge,ridge_16,alpha=0.0281177,0.548842,0.366867,0.613252,0.442261,0.319188,0.8156,0.618318,0.635316,0.225437,0.799159,0.138495,0.217994,0.821651,0.614341
ridge,ridge_17,alpha=0.0409492,0.548842,0.366867,0.613252,0.442261,0.319188,0.8156,0.618319,0.635311,0.225437,0.799159,0.138494,0.217994,0.821389,0.614337
ridge,ridge_18,alpha=0.0596362,0.548843,0.366868,0.613253,0.442266,0.319188,0.8156,0.61832,0.635304,0.225437,0.799159,0.138492,0.217994,0.821128,0.61433
ridge,ridge_19,alpha=0.0868511,0.548844,0.366868,0.613253,0.442267,0.319187,0.8156,0.618321,0.635294,0.225437,0.799159,0.13849,0.217994,0.821115,0.614319
ridge,ridge_20,alpha=0.126486,0.548844,0.366869,0.613254,0.442268,0.319187,0.8156,0.618322,0.63528,0.225437,0.799159,0.138487,0.217994,0.820605,0.614304
ridge,ridge_21,alpha=0.184207,0.548845,0.366869,0.613255,0.442273,0.319186,0.815598,0.618324,0.635259,0.225437,0.799159,0.138482,0.217993,0.821318,0.614283
ridge,ridge_22,alpha=0.26827,0.548846,0.36687,0.613255,0.442273,0.319185,0.815597,0.618327,0.635229,0.225438,0.799159,0.138476,0.217993,0.820778,0.614252
ridge,ridge_23,alpha=0.390694,0.548846,0.366869,0.613256,0.442272,0.319183,0.815596,0.618332,0.635186,0.225438,0.799159,0.138466,0.217992,0.821473,0.614207
ridge,ridge_24,alpha=0.568987,0.548848,0.36687,0.613258,0.442282,0.319181,0.815594,0.618337,0.635127,0.225439,0.799159,0.138452,0.217992,0.820637,0.614145
ridge,ridge_25,alpha=0.828643,0.548858,0.366873,0.613271,0.442285,0.319177,0.815625,0.618345,0.635054,0.22544,0.799156,0.138436,0.21799,0.82078,0.614067
ridge,ridge_26,alpha=1.20679,0.548843,0.366865,0.613251,0.442284,0.319173,0.815558,0.618358,0.634946,0.225442,0.799153,0.138411,0.217989,0.820629,0.613953
ridge,ridge_27,alpha=1.75751,0.548848,0.366866,0.613254,0.442308,0.319166,0.815541,0.618377,0.63479,0.225445,0.799148,0.138375,0.217986,0.819682,0.613787
ridge,ridge_28,alpha=2.55955,0.548845,0.366861,0.613249,0.442324,0.319156,0.815491,0.618408,0.634563,0.225449,0.79914,0.138323,0.217982,0.820089,0.613546
ridge,ridge_29,alpha=3.72759,0.548874,0.366876,0.613278,0.442404,0.319142,0.815506,0.618447,0.634232,0.225454,0.799129,0.138248,0.217977,0.819874,0.613196
ridge,ridge_30,alpha=5.42868,0.54887,0.366861,0.613279,0.442347,0.319121,0.8155,0.618512,0.63375,0.225462,0.799114,0.138138,0.217969,0.818699,0.612685
ridge,ridge_31,alpha=7.90604,0.548883,0.366857,0.613294,0.442351,0.31909,0.815486,0.618604,0.63305,0.225474,0.799091,0.137978,0.217957,0.817713,0.611944
ridge,ridge_32,alpha=11.514,0.548893,0.366842,0.613309,0.442334,0.319048,0.815453,0.618737,0.632037,0.225491,0.799056,0.137746,0.21794,0.816782,0.610873
ridge,ridge_33,alpha=16.7683,0.548824,0.366803,0.61319,0.442498,0.318982,0.814809,0.619008,0.630715,0.225515,0.798999,0.137442,0.217915,0.814403,0.60946
ridge,ridge_34,alpha=24.4205,0.548788,0.366746,0.613147,0.442606,0.318888,0.814642,0.619015,0.629021,0.225549,0.798916,0.13705,0.217878,0.811259,0.607628
ridge,ridge_35,alpha=35.5648,0.548737,0.366636,0.613134,0.44281,0.318755,0.814741,0.618643,0.620062,0.225597,0.798192,0.135084,0.217856,0.800288,0.598785
ridge,ridge_36,alpha=51.7947,0.548739,0.366543,0.613159,0.442516,0.318565,0.814603,0.619272,0.617889,0.225663,0.798135,0.134577,0.217802,0.796251,0.596364
ridge,ridge_37,alpha=75.4312,0.548695,0.36638,0.613153,0.442625,0.318294,0.814432,0.619429,0.614294,0.225752,0.798576,0.133746,0.217723,0.789993,0.592447
ridge,ridge_38,alpha=109.854,0.54839,0.365984,0.6129,0.442728,0.317901,0.814152,0.61878,0.606367,0.225864,0.79868,0.131943,0.217597,0.780903,0.584171
ridge,ridge_39,alpha=159.986,0.54771,0.365234,0.61232,0.442957,0.317346,0.814193,0.616342,0.596778,0.226479,0.799426,0.129763,0.217439,0.765472,0.572958
ridge,ridge_40,alpha=232.995,0.547027,0.36439,0.61173,0.442998,0.316566,0.813869,0.614674,0.592685,0.225228,0.800714,0.128783,0.217287,0.75944,0.571789
ridge,ridge_41,alpha=339.322,0.545899,0.363253,0.610503,0.443844,0.315481,0.811542,0.612728,0.565523,0.226697,0.805252,0.122876,0.217278,0.722766,0.542025
ridge,ridge_42,alpha=494.171,0.544715,0.361835,0.609323,0.443039,0.314016,0.810239,0.611568,0.518768,0.227742,0.804471,0.112732,0.217306,0.662142,0.494996
ridge,ridge_43,alpha=719.686,0.543799,0.3603,0.60857,0.443624,0.312107,0.810951,0.608512,0.48186,0.220958,0.8032,0.104306,0.216465,0.612355,0.472061
ridge,ridge_44,alpha=1048.11,0.539888,0.356721,0.604523,0.443813,0.309642,0.810623,0.595473,0.447134,0.204034,0.800135,0.097044,0.217036,0.57489,0.475629
ridge,ridge_45,alpha=1526.42,0.538162,0.354139,0.60287,0.444782,0.306596,0.809159,0.59211,0.363315,0.20389,0.793951,0.079683,0.219323,0.457716,0.390814
ridge,ridge_46,alpha=2223,0.535286,0.350455,0.600112,0.445811,0.303054,0.811886,0.580393,0.410027,0.196369,0.794247,0.09018,0.219937,0.517734,0.459237
ridge,ridge_47,alpha=3237.46,0.533455,0.346815,0.598802,0.445088,0.299038,0.811122,0.57857,0.510303,0.181739,0.807827,0.112129,0.21973,0.651447,0.616976
ridge,ridge_48,alpha=4714.87,0.530411,0.341756,0.596868,0.445297,0.294826,0.811223,0.570298,0.512262,0.18828,0.815064,0.114096,0.222731,0.65873,0.605993
ridge,ridge_49,alpha=6866.49,0.528206,0.336872,0.595974,0.44706,0.290603,0.808827,0.566334,0.505542,0.180981,0.814665,0.112941,0.223407,0.66368,0.624053
ridge,ridge_50,alpha=10000,0.539869,0.3409,0.608594,0.448295,0.286576,0.809099,0.615505,0.380363,0.208844,0.807975,0.086103,0.226369,0.50609,0.412283
xgboost,xgboost_01,"md=2,lr=0.1,ne=200,ss=0.8,cb=0.8,ra=1.0,rl=0.1",0.582594,0.478919,0.623146,0.443236,0.454907,0.810549,0.621684,1.169854,0.206179,0.664019,0.274872,0.234962,1.61928,1.333169
xgboost,xgboost_02,"md=6,lr=0.01,ne=50,ss=0.8,cb=1.0,ra=0.1,rl=10.0",0.558315,0.457672,0.599589,0.440885,0.464891,0.813892,0.513594,1.080695,0.226352,0.700446,0.26141,0.241891,1.525434,1.154886
xgboost,xgboost_03,"md=6,lr=0.1,ne=200,ss=0.6,cb=1.0,ra=0.01,rl=5.0",0.615973,0.51525,0.649254,0.453445,0.556142,0.830044,0.624262,1.063011,0.225975,0.884722,0.238866,0.224707,1.496351,1.05705
xgboost,xgboost_04,"md=4,lr=0.01,ne=500,ss=1.0,cb=0.8,ra=0.01,rl=10.0",0.571031,0.470502,0.610022,0.4442,0.459756,0.803062,0.577106,1.107575,0.21363,0.728878,0.270924,0.24461,1.52311,1.268194
xgboost,xgboost_05,"md=5,lr=0.03,ne=150,ss=0.6,cb=0.6,ra=0.1,rl=10.0",0.577874,0.476668,0.616803,0.44179,0.471007,0.803952,0.594745,1.321982,0.202955,0.747006,0.31534,0.238536,1.894165,1.553745
xgboost,xgboost_06,"md=2,lr=0.15,ne=300,ss=0.6,cb=0.8,ra=0.0,rl=10.0",0.604589,0.501375,0.642415,0.447673,0.493893,0.813122,0.663669,1.506437,0.21292,0.819515,0.319316,0.211967,2.219324,1.499699
xgboost,xgboost_07,"md=6,lr=0.03,ne=50,ss=1.0,cb=0.8,ra=1.0,rl=5.0",0.578594,0.477157,0.617825,0.44137,0.478288,0.814528,0.580191,1.268997,0.223771,0.791731,0.296234,0.233439,1.94206,1.323824
xgboost,xgboost_08,"md=6,lr=0.1,ne=100,ss=0.8,cb=0.8,ra=0.01,rl=0.1",0.610034,0.509406,0.64419,0.449613,0.535997,0.82533,0.629197,0.832844,0.267413,0.898666,0.192631,0.231293,1.025832,0.72035
xgboost,xgboost_09,"md=5,lr=0.005,ne=300,ss=1.0,cb=1.0,ra=0.1,rl=1.0",0.561298,0.460751,0.602062,0.441059,0.462803,0.817437,0.523891,1.143309,0.220363,0.764467,0.264476,0.231325,1.583615,1.200182
xgboost,xgboost_10,"md=8,lr=0.03,ne=100,ss=1.0,cb=0.8,ra=0.0,rl=1.0",0.58952,0.490898,0.624335,0.447976,0.514402,0.812194,0.583507,0.886778,0.244981,0.859107,0.19052,0.214845,1.240163,0.777692
xgboost,xgboost_11,"md=6,lr=0.01,ne=150,ss=0.6,cb=1.0,ra=0.01,rl=1.0",0.564218,0.463162,0.604769,0.441419,0.452187,0.810236,0.553031,1.317765,0.254837,0.691348,0.320368,0.243115,1.870373,1.257151
xgboost,xgboost_12,"md=3,lr=0.05,ne=300,ss=1.0,cb=0.8,ra=0.0,rl=10.0",0.587549,0.486189,0.625432,0.443556,0.480578,0.813069,0.612994,0.954614,0.246352,0.764203,0.216595,0.226893,1.250167,0.87921
xgboost,xgboost_13,"md=5,lr=0.1,ne=50,ss=0.6,cb=1.0,ra=1.0,rl=1.0",0.586554,0.486737,0.623116,0.444056,0.50474,0.818794,0.578628,1.223471,0.276856,0.84303,0.280909,0.2296,1.754984,1.014638
xgboost,xgboost_14,"md=6,lr=0.15,ne=150,ss=1.0,cb=0.6,ra=0.0,rl=5.0",0.618347,0.517318,0.651547,0.450402,0.56149,0.828004,0.633494,1.320911,0.180262,0.895573,0.266167,0.201502,2.033252,1.476552
xgboost,xgboost_15,"md=5,lr=0.005,ne=300,ss=0.6,cb=1.0,ra=0.0,rl=10.0",0.550855,0.448311,0.594431,0.44188,0.43182,0.805593,0.524127,1.094344,0.249484,0.626108,0.280139,0.255988,1.502221,1.122873
xgboost,xgboost_16,"md=6,lr=0.1,ne=200,ss=0.8,cb=1.0,ra=0.01,rl=10.0",0.611717,0.511444,0.645019,0.445182,0.552442,0.821,0.628244,1.202648,0.176013,0.888942,0.252916,0.210299,1.652464,1.436916
xgboost,xgboost_17,"md=5,lr=0.03,ne=200,ss=0.8,cb=0.6,ra=0.0,rl=0.1",0.590013,0.489027,0.62722,0.446493,0.485145,0.805672,0.62274,1.290504,0.269663,0.79094,0.311985,0.241755,1.779159,1.156944
xgboost,xgboost_18,"md=2,lr=0.03,ne=300,ss=0.8,cb=0.8,ra=1.0,rl=5.0",0.573773,0.467814,0.617225,0.444352,0.434711,0.814985,0.601042,1.45908,0.238349,0.55722,0.360801,0.24728,2.035067,1.513751
xgboost,xgboost_19,"md=2,lr=0.1,ne=200,ss=0.8,cb=0.8,ra=0.1,rl=0.1",0.584278,0.48008,0.625057,0.442667,0.456004,0.804386,0.634056,1.370172,0.263637,0.698196,0.330715,0.241368,1.835857,1.254435
xgboost,xgboost_20,"md=5,lr=0.1,ne=100,ss=0.8,cb=0.6,ra=0.01,rl=1.0",0.599509,0.500934,0.632884,0.450857,0.524525,0.802092,0.620562,1.174363,0.223864,0.863078,0.253762,0.216085,1.775432,1.133554
xgboost,xgboost_21,"md=8,lr=0.01,ne=100,ss=0.8,cb=1.0,ra=1.0,rl=0.1",0.568419,0.469002,0.607127,0.442638,0.487742,0.818374,0.524923,1.091925,0.234836,0.794404,0.24915,0.228175,1.558118,1.060957
xgboost,xgboost_22,"md=3,lr=0.1,ne=50,ss=1.0,cb=0.6,ra=1.0,rl=1.0",0.582641,0.47775,0.624382,0.444661,0.45782,0.818741,0.609343,1.121469,0.228585,0.651988,0.273395,0.243783,1.581019,1.196031
xgboost,xgboost_23,"md=4,lr=0.05,ne=50,ss=0.8,cb=0.8,ra=1.0,rl=10.0",0.569163,0.464733,0.61199,0.44187,0.439294,0.809442,0.586046,1.544006,0.203031,0.704193,0.373469,0.241883,2.458283,1.839471
xgboost,xgboost_24,"md=5,lr=0.03,ne=150,ss=0.8,cb=1.0,ra=0.01,rl=0.1",0.579263,0.479124,0.616981,0.444075,0.471268,0.805225,0.596486,1.028788,0.224965,0.741685,0.230299,0.223855,1.488142,1.02371
xgboost,xgboost_25,"md=4,lr=0.005,ne=50,ss=0.6,cb=1.0,ra=0.1,rl=5.0",0.549502,0.447557,0.592757,0.443697,0.450729,0.802532,0.50105,1.080552,0.230881,0.639047,0.263985,0.244306,1.691411,1.14338
xgboost,xgboost_26,"md=4,lr=0.1,ne=50,ss=1.0,cb=0.8,ra=1.0,rl=0.1",0.574578,0.473307,0.614137,0.438992,0.472476,0.818431,0.56841,0.749171,0.212557,0.731275,0.175321,0.23402,0.991613,0.824816
xgboost,xgboost_27,"md=4,lr=0.1,ne=150,ss=0.8,cb=0.6,ra=0.01,rl=0.1",0.59963,0.500343,0.633841,0.446929,0.512769,0.79445,0.644372,1.117975,0.195691,0.829839,0.234041,0.209343,1.704024,1.195969
xgboost,xgboost_28,"md=3,lr=0.1,ne=200,ss=0.8,cb=0.8,ra=1.0,rl=0.1",0.597278,0.496096,0.633805,0.446816,0.496396,0.80756,0.638338,1.380556,0.276382,0.835088,0.32098,0.232501,1.86138,1.161365
xgboost,xgboost_29,"md=4,lr=0.005,ne=150,ss=1.0,cb=0.8,ra=1.0,rl=1.0",0.578233,0.472982,0.620689,0.447321,0.452232,0.810578,0.602802,0.999404,0.229949,0.648225,0.258483,0.258637,1.435545,1.124086
xgboost,xgboost_30,"md=6,lr=0.03,ne=100,ss=1.0,cb=1.0,ra=0.01,rl=10.0",0.570888,0.472956,0.607417,0.441661,0.476583,0.796726,0.56858,0.976953,0.21542,0.811174,0.218592,0.223749,1.427139,1.014722
xgboost,xgboost_31,"md=3,lr=0.1,ne=300,ss=0.8,cb=1.0,ra=0.01,rl=0.1",0.606372,0.504826,0.642283,0.451853,0.506325,0.815363,0.651947,1.242476,0.21916,0.828836,0.290152,0.233527,1.652979,1.323926
xgboost,xgboost_32,"md=2,lr=0.03,ne=500,ss=0.6,cb=0.8,ra=0.1,rl=0.1",0.578304,0.472837,0.620642,0.441839,0.433956,0.803058,0.634363,1.508194,0.201595,0.673687,0.33198,0.220118,2.284874,1.646768
xgboost,xgboost_33,"md=6,lr=0.01,ne=300,ss=0.8,cb=0.8,ra=0.0,rl=1.0",0.574257,0.47404,0.612655,0.4434,0.468576,0.804849,0.580203,1.17707,0.217214,0.730403,0.279836,0.237739,1.663509,1.288293
xgboost,xgboost_34,"md=8,lr=0.005,ne=300,ss=0.8,cb=1.0,ra=0.1,rl=1.0",0.570669,0.471007,0.609382,0.444875,0.481176,0.820299,0.536327,1.163633,0.249449,0.804739,0.258246,0.221931,1.769633,1.035266
xgboost,xgboost_35,"md=3,lr=0.05,ne=50,ss=0.8,cb=0.6,ra=0.1,rl=5.0",0.584696,0.477906,0.627593,0.447855,0.446881,0.809778,0.634272,1.284765,0.241599,0.646064,0.335046,0.260783,1.885717,1.386785
xgboost,xgboost_36,"md=2,lr=0.1,ne=150,ss=1.0,cb=0.6,ra=0.0,rl=1.0",0.578055,0.475234,0.618248,0.445345,0.454462,0.806854,0.605561,1.383533,0.212246,0.693805,0.327986,0.237064,1.90773,1.545315
xgboost,xgboost_37,"md=3,lr=0.01,ne=200,ss=0.6,cb=1.0,ra=0.0,rl=0.1",0.551233,0.444834,0.597469,0.442713,0.409603,0.809048,0.543567,1.348873,0.238915,0.566152,0.338004,0.250582,2.00082,1.414743
xgboost,xgboost_38,"md=5,lr=0.1,ne=100,ss=0.6,cb=1.0,ra=1.0,rl=5.0",0.596385,0.496055,0.632063,0.442394,0.519582,0.822106,0.601457,0.72632,0.301007,0.858843,0.170906,0.235304,1.003979,0.567782
xgboost,xgboost_39,"md=4,lr=0.03,ne=200,ss=0.8,cb=0.6,ra=0.0,rl=0.1",0.579903,0.478144,0.61892,0.444937,0.459925,0.79529,0.619458,1.04437,0.221677,0.723811,0.248341,0.23779,1.449204,1.120284
xgboost,xgboost_40,"md=8,lr=0.03,ne=150,ss=0.8,cb=1.0,ra=0.0,rl=0.1",0.599115,0.499816,0.63332,0.447969,0.528066,0.819359,0.601067,1.009459,0.216085,0.864078,0.229607,0.227455,1.325931,1.062577
xgboost,xgboost_41,"md=3,lr=0.03,ne=300,ss=0.8,cb=0.8,ra=1.0,rl=0.1",0.576029,0.473735,0.616103,0.444606,0.454384,0.809151,0.595976,1.038463,0.264896,0.723477,0.250683,0.241398,1.484222,0.946344
xgboost,xgboost_42,"md=5,lr=0.05,ne=150,ss=1.0,cb=0.6,ra=1.0,rl=1.0",0.592062,0.49101,0.629059,0.440067,0.502291,0.820761,0.605131,1.032681,0.224911,0.80713,0.226373,0.219209,1.479724,1.006497
xgboost,xgboost_43,"md=5,lr=0.05,ne=500,ss=0.8,cb=0.6,ra=0.0,rl=1.0",0.613123,0.51284,0.646528,0.451128,0.539808,0.810398,0.651159,1.601329,0.183598,0.862391,0.340513,0.212644,2.341292,1.854668
xgboost,xgboost_44,"md=6,lr=0.005,ne=500,ss=0.8,cb=0.6,ra=0.01,rl=5.0",0.577412,0.475249,0.617202,0.44317,0.464007,0.803354,0.599117,1.104996,0.250429,0.738537,0.270732,0.245007,1.524408,1.081071
xgboost,xgboost_45,"md=3,lr=0.005,ne=200,ss=1.0,cb=0.6,ra=0.01,rl=0.1",0.575336,0.467712,0.62045,0.445983,0.456402,0.813296,0.585664,1.063858,0.201896,0.623986,0.253092,0.2379,1.658121,1.253577
xgboost,xgboost_46,"md=5,lr=0.1,ne=300,ss=1.0,cb=1.0,ra=0.01,rl=0.1",0.617719,0.516645,0.651259,0.450924,0.548594,0.824319,0.64704,0.809091,0.18149,0.905797,0.157276,0.194386,1.211912,0.866583
xgboost,xgboost_47,"md=5,lr=0.15,ne=500,ss=0.6,cb=0.6,ra=0.0,rl=0.1",0.628691,0.527853,0.660347,0.464507,0.576043,0.827125,0.64709,1.81218,0.162771,0.919562,0.352356,0.194438,2.599168,2.164742
xgboost,xgboost_48,"md=5,lr=0.05,ne=150,ss=0.6,cb=1.0,ra=0.01,rl=10.0",0.587179,0.487471,0.623486,0.443309,0.493173,0.809699,0.602534,1.505786,0.244036,0.810158,0.346307,0.229984,2.089275,1.419082
xgboost,xgboost_49,"md=8,lr=0.01,ne=100,ss=1.0,cb=0.8,ra=0.01,rl=5.0",0.582796,0.483685,0.619114,0.449418,0.495099,0.810164,0.576504,1.152691,0.211755,0.840195,0.250983,0.217737,1.72214,1.18525
xgboost,xgboost_50,"md=5,lr=0.15,ne=100,ss=1.0,cb=1.0,ra=0.0,rl=0.1",0.604778,0.505098,0.638631,0.447066,0.531243,0.817091,0.623713,1.540737,0.177454,0.902711,0.33031,0.214384,2.255835,1.861382
mlp,mlp_01,"layers=(32,),alpha=0.1,lr_init=0.001,bs=128",0.571698,0.465248,0.615444,0.438544,0.431728,0.802138,0.614383,0.755355,0.20466,0.838071,0.171459,0.226991,1.134314,0.837775
mlp,mlp_02,"layers=(256,),alpha=0.1,lr_init=0.0001,bs=256",0.60405,0.50343,0.638919,0.443017,0.533261,0.82872,0.611202,1.106007,0.198439,0.933609,0.203783,0.184251,1.683781,1.026929
mlp,mlp_03,"layers=(64,),alpha=0.0001,lr_init=0.001,bs=256",0.59925,0.498289,0.635164,0.443297,0.525495,0.830213,0.597993,0.540469,0.210668,0.944613,0.1061,0.196311,0.737484,0.503638
mlp,mlp_04,"layers=(128, 64),alpha=0.1,lr_init=0.001,bs=256",0.581835,0.477062,0.623407,0.44274,0.455525,0.814591,0.614482,1.719809,0.203776,0.830796,0.383237,0.222837,2.350429,1.880673
mlp,mlp_05,"layers=(64, 32),alpha=0.0001,lr_init=0.005,bs=128",0.588185,0.485948,0.627124,0.451581,0.479773,0.828944,0.592442,0.628989,0.211925,0.949178,0.125867,0.20011,0.90771,0.593924
mlp,mlp_06,"layers=(64, 32),alpha=0.001,lr_init=0.0001,bs=256",0.606933,0.506349,0.641326,0.449859,0.548374,0.839218,0.590279,0.496417,0.231718,0.955485,0.086517,0.174283,0.722548,0.373372
mlp,mlp_07,"layers=(256, 128),alpha=0.01,lr_init=0.0005,bs=256",0.600376,0.499906,0.635787,0.449399,0.515433,0.820132,0.61654,1.312117,0.241297,0.932623,0.250219,0.190699,1.753131,1.036975
mlp,mlp_08,"layers=(64, 32),alpha=0.001,lr_init=0.0005,bs=64",0.60356,0.502241,0.639424,0.450566,0.52693,0.839625,0.597119,0.771129,0.164957,0.94332,0.146353,0.189791,1.157301,0.887219
mlp,mlp_09,"layers=(32,),alpha=0.01,lr_init=0.005,bs=64",0.559655,0.447076,0.609489,0.444787,0.390806,0.814822,0.588204,0.706334,0.29483,0.821057,0.173325,0.245388,0.95196,0.587883
mlp,mlp_10,"layers=(256, 128),alpha=0.1,lr_init=0.0005,bs=128",0.565108,0.445984,0.617341,0.44033,0.384389,0.819401,0.616311,1.028415,0.199843,0.80929,0.248155,0.241299,1.439966,1.241749
mlp,mlp_10,"layers=(256, 128),alpha=0.1,lr_init=0.0005,bs=128",0.565108,0.445984,0.617341,0.44033,0.384389,0.819401,0.616311,1.028415,0.199843,0.80929,0.248155,0.241299,1.439966,1.241749
mlp,mlp_11,"layers=(64,),alpha=0.1,lr_init=0.001,bs=128",0.567894,0.45611,0.615914,0.443847,0.405861,0.818893,0.602973,1.069926,0.206644,0.845963,0.233559,0.218294,1.630308,1.130247
mlp,mlp_11,"layers=(64,),alpha=0.1,lr_init=0.001,bs=128",0.567894,0.45611,0.615914,0.443847,0.405861,0.818893,0.602973,1.069926,0.206644,0.845963,0.233559,0.218294,1.630308,1.130247
mlp,mlp_12,"layers=(32,),alpha=0.1,lr_init=0.0005,bs=256",0.601135,0.49927,0.637728,0.441887,0.51036,0.81877,0.633521,1.068813,0.25572,0.917516,0.226903,0.212294,1.406053,0.887307
mlp,mlp_12,"layers=(32,),alpha=0.1,lr_init=0.0005,bs=256",0.601135,0.49927,0.637728,0.441887,0.51036,0.81877,0.633521,1.068813,0.25572,0.917516,0.226903,0.212294,1.406053,0.887307
mlp,mlp_13,"layers=(128, 64),alpha=0.1,lr_init=0.005,bs=64",0.551122,0.369254,0.620967,0.451104,0.28755,0.808192,0.657643,0.370232,0.254857,0.842425,0.081865,0.221119,0.509757,0.32122
mlp,mlp_13,"layers=(128, 64),alpha=0.1,lr_init=0.005,bs=64",0.551122,0.369254,0.620967,0.451104,0.28755,0.808192,0.657643,0.370232,0.254857,0.842425,0.081865,0.221119,0.509757,0.32122
mlp,mlp_14,"layers=(128,),alpha=0.001,lr_init=0.0005,bs=64",0.603822,0.502815,0.639304,0.448938,0.52763,0.834609,0.604112,1.772864,0.159836,0.934898,0.312862,0.176473,2.899953,1.957397
mlp,mlp_14,"layers=(128,),alpha=0.001,lr_init=0.0005,bs=64",0.603822,0.502815,0.639304,0.448938,0.52763,0.834609,0.604112,1.772864,0.159836,0.934898,0.312862,0.176473,2.899953,1.957397
mlp,mlp_15,"layers=(64, 32),alpha=0.0001,lr_init=0.001,bs=256",0.607027,0.506102,0.641884,0.449908,0.541009,0.837275,0.599917,0.498404,0.173768,0.967328,0.093261,0.187118,0.700653,0.536696
mlp,mlp_15,"layers=(64, 32),alpha=0.0001,lr_init=0.001,bs=256",0.607027,0.506102,0.641884,0.449908,0.541009,0.837275,0.599917,0.498404,0.173768,0.967328,0.093261,0.187118,0.700653,0.536696
mlp,mlp_16,"layers=(128, 64, 32),alpha=0.01,lr_init=0.0005,bs=256",0.604349,0.502118,0.641257,0.456569,0.51751,0.84306,0.600256,0.985958,0.186389,0.951568,0.18977,0.192473,1.406881,1.018143
mlp,mlp_16,"layers=(128, 64, 32),alpha=0.01,lr_init=0.0005,bs=256",0.604349,0.502118,0.641257,0.456569,0.51751,0.84306,0.600256,0.985958,0.186389,0.951568,0.18977,0.192473,1.406881,1.018143
mlp,mlp_17,"layers=(256,),alpha=0.001,lr_init=0.005,bs=128",0.579923,0.475101,0.621881,0.440696,0.447109,0.815292,0.616597,1.027353,0.19737,0.902768,0.220779,0.214901,1.428255,1.118602
mlp,mlp_17,"layers=(256,),alpha=0.001,lr_init=0.005,bs=128",0.579923,0.475101,0.621881,0.440696,0.447109,0.815292,0.616597,1.027353,0.19737,0.902768,0.220779,0.214901,1.428255,1.118602
mlp,mlp_18,"layers=(32,),alpha=0.001,lr_init=0.005,bs=64",0.578084,0.472367,0.621436,0.445474,0.443147,0.81989,0.603826,1.242818,0.204906,0.919801,0.264913,0.213155,1.764177,1.292854
mlp,mlp_18,"layers=(32,),alpha=0.001,lr_init=0.005,bs=64",0.578084,0.472367,0.621436,0.445474,0.443147,0.81989,0.603826,1.242818,0.204906,0.919801,0.264913,0.213155,1.764177,1.292854
mlp,mlp_19,"layers=(256,),alpha=0.0001,lr_init=0.001,bs=128",0.601611,0.502154,0.635465,0.439934,0.536386,0.813898,0.616227,0.741321,0.177977,0.925345,0.127238,0.171636,1.095211,0.71491
mlp,mlp_19,"layers=(256,),alpha=0.0001,lr_init=0.001,bs=128",0.601611,0.502154,0.635465,0.439934,0.536386,0.813898,0.616227,0.741321,0.177977,0.925345,0.127238,0.171636,1.095211,0.71491
mlp,mlp_20,"layers=(128,),alpha=0.0001,lr_init=0.001,bs=256",0.602726,0.501496,0.638544,0.442323,0.530275,0.837716,0.60059,0.839843,0.158362,0.950057,0.148826,0.177206,1.220363,0.939779
mlp,mlp_20,"layers=(128,),alpha=0.0001,lr_init=0.001,bs=256",0.602726,0.501496,0.638544,0.442323,0.530275,0.837716,0.60059,0.839843,0.158362,0.950057,0.148826,0.177206,1.220363,0.939779
mlp,mlp_21,"layers=(128, 64, 32),alpha=0.001,lr_init=0.0001,bs=256",0.603511,0.503028,0.638433,0.453778,0.533831,0.836124,0.590311,1.629552,0.164679,0.953414,0.287545,0.176456,2.56976,1.746088
mlp,mlp_21,"layers=(128, 64, 32),alpha=0.001,lr_init=0.0001,bs=256",0.603511,0.503028,0.638433,0.453778,0.533831,0.836124,0.590311,1.629552,0.164679,0.953414,0.287545,0.176456,2.56976,1.746088
mlp,mlp_22,"layers=(128, 64),alpha=0.01,lr_init=0.0001,bs=64",0.598413,0.497737,0.634252,0.445569,0.518078,0.827366,0.602637,1.582882,0.211847,0.951643,0.335791,0.212139,2.274748,1.585063
mlp,mlp_22,"layers=(128, 64),alpha=0.01,lr_init=0.0001,bs=64",0.598413,0.497737,0.634252,0.445569,0.518078,0.827366,0.602637,1.582882,0.211847,0.951643,0.335791,0.212139,2.274748,1.585063
mlp,mlp_23,"layers=(256, 128),alpha=0.1,lr_init=0.0005,bs=256",0.589448,0.485582,0.629667,0.44475,0.475648,0.827924,0.609472,0.865339,0.252633,0.906083,0.18994,0.219498,1.091952,0.751842
mlp,mlp_23,"layers=(256, 128),alpha=0.1,lr_init=0.0005,bs=256",0.589448,0.485582,0.629667,0.44475,0.475648,0.827924,0.609472,0.865339,0.252633,0.906083,0.18994,0.219498,1.091952,0.751842
mlp,mlp_24,"layers=(256, 128),alpha=0.001,lr_init=0.005,bs=64",0.574548,0.466682,0.619096,0.44856,0.424958,0.809258,0.615414,0.811489,0.191846,0.852356,0.170891,0.210589,1.155327,0.89077
mlp,mlp_24,"layers=(256, 128),alpha=0.001,lr_init=0.005,bs=64",0.574548,0.466682,0.619096,0.44856,0.424958,0.809258,0.615414,0.811489,0.191846,0.852356,0.170891,0.210589,1.155327,0.89077
mlp,mlp_25,"layers=(64,),alpha=0.01,lr_init=0.001,bs=64",0.58605,0.482989,0.625769,0.447348,0.468996,0.821754,0.606103,1.393712,0.19706,0.920673,0.306979,0.22026,2.021093,1.557798
mlp,mlp_25,"layers=(64,),alpha=0.01,lr_init=0.001,bs=64",0.58605,0.482989,0.625769,0.447348,0.468996,0.821754,0.606103,1.393712,0.19706,0.920673,0.306979,0.22026,2.021093,1.557798
mlp,mlp_26,"layers=(256, 128),alpha=0.0001,lr_init=0.005,bs=64",0.57529,0.466905,0.620584,0.451235,0.423997,0.82495,0.600977,1.16903,0.181253,0.90195,0.231335,0.197886,1.80224,1.276312
mlp,mlp_26,"layers=(256, 128),alpha=0.0001,lr_init=0.005,bs=64",0.57529,0.466905,0.620584,0.451235,0.423997,0.82495,0.600977,1.16903,0.181253,0.90195,0.231335,0.197886,1.80224,1.276312
mlp,mlp_27,"layers=(256, 128),alpha=0.1,lr_init=0.005,bs=128",0.550332,0.381055,0.61945,0.443579,0.292035,0.809074,0.65664,0.325121,0.253784,0.768956,0.078805,0.242385,0.452773,0.310519
mlp,mlp_27,"layers=(256, 128),alpha=0.1,lr_init=0.005,bs=128",0.550332,0.381055,0.61945,0.443579,0.292035,0.809074,0.65664,0.325121,0.253784,0.768956,0.078805,0.242385,0.452773,0.310519
mlp,mlp_28,"layers=(256,),alpha=0.01,lr_init=0.0005,bs=256",0.607448,0.50705,0.641688,0.450035,0.535156,0.826655,0.617946,1.056559,0.175129,0.959018,0.19742,0.186852,1.604859,1.127282
mlp,mlp_28,"layers=(256,),alpha=0.01,lr_init=0.0005,bs=256",0.607448,0.50705,0.641688,0.450035,0.535156,0.826655,0.617946,1.056559,0.175129,0.959018,0.19742,0.186852,1.604859,1.127282
mlp,mlp_29,"layers=(64, 32),alpha=0.001,lr_init=0.001,bs=128",0.607546,0.505452,0.64379,0.453482,0.526467,0.846173,0.604062,0.858592,0.155668,0.939613,0.156096,0.181804,1.215174,1.002744
mlp,mlp_29,"layers=(64, 32),alpha=0.001,lr_init=0.001,bs=128",0.607546,0.505452,0.64379,0.453482,0.526467,0.846173,0.604062,0.858592,0.155668,0.939613,0.156096,0.181804,1.215174,1.002744
mlp,mlp_30,"layers=(32,),alpha=0.0001,lr_init=0.0001,bs=64",0.610409,0.511404,0.642355,0.447883,0.561427,0.819471,0.612855,1.190443,0.199767,0.954998,0.217234,0.182482,1.656894,1.087439
mlp,mlp_30,"layers=(32,),alpha=0.0001,lr_init=0.0001,bs=64",0.610409,0.511404,0.642355,0.447883,0.561427,0.819471,0.612855,1.190443,0.199767,0.954998,0.217234,0.182482,1.656894,1.087439
mlp,mlp_31,"layers=(256,),alpha=0.01,lr_init=0.001,bs=128",0.601476,0.500509,0.637164,0.441668,0.516192,0.817782,0.630261,1.089339,0.178339,0.90682,0.208219,0.191143,1.428186,1.167552
mlp,mlp_31,"layers=(256,),alpha=0.01,lr_init=0.001,bs=128",0.601476,0.500509,0.637164,0.441668,0.516192,0.817782,0.630261,1.089339,0.178339,0.90682,0.208219,0.191143,1.428186,1.167552
mlp,mlp_32,"layers=(256, 128),alpha=0.01,lr_init=0.0001,bs=256",0.600273,0.500381,0.634967,0.449624,0.522677,0.823743,0.60505,0.858031,0.162197,0.913522,0.157483,0.18354,1.246124,0.970938
mlp,mlp_32,"layers=(256, 128),alpha=0.01,lr_init=0.0001,bs=256",0.600273,0.500381,0.634967,0.449624,0.522677,0.823743,0.60505,0.858031,0.162197,0.913522,0.157483,0.18354,1.246124,0.970938
mlp,mlp_33,"layers=(64, 32),alpha=0.01,lr_init=0.001,bs=128",0.60214,0.501059,0.638032,0.458879,0.507335,0.825172,0.617175,1.05041,0.168012,0.938028,0.194959,0.185603,1.471273,1.160386
mlp,mlp_33,"layers=(64, 32),alpha=0.01,lr_init=0.001,bs=128",0.60214,0.501059,0.638032,0.458879,0.507335,0.825172,0.617175,1.05041,0.168012,0.938028,0.194959,0.185603,1.471273,1.160386
mlp,mlp_34,"layers=(64, 32),alpha=0.0001,lr_init=0.0005,bs=128",0.608585,0.507655,0.643269,0.453703,0.541706,0.840397,0.598533,0.827492,0.166758,0.956685,0.143053,0.172875,1.19387,0.857845
mlp,mlp_34,"layers=(64, 32),alpha=0.0001,lr_init=0.0005,bs=128",0.608585,0.507655,0.643269,0.453703,0.541706,0.840397,0.598533,0.827492,0.166758,0.956685,0.143053,0.172875,1.19387,0.857845
mlp,mlp_35,"layers=(128, 64, 32),alpha=0.0001,lr_init=0.0005,bs=128",0.59957,0.498921,0.635237,0.451516,0.520672,0.824481,0.601611,1.094733,0.232751,0.940604,0.204892,0.187162,1.600294,0.880306
mlp,mlp_35,"layers=(128, 64, 32),alpha=0.0001,lr_init=0.0005,bs=128",0.59957,0.498921,0.635237,0.451516,0.520672,0.824481,0.601611,1.094733,0.232751,0.940604,0.204892,0.187162,1.600294,0.880306
mlp,mlp_36,"layers=(128, 64, 32),alpha=0.1,lr_init=0.0001,bs=64",0.571919,0.462477,0.617342,0.441171,0.427783,0.809558,0.609164,0.914666,0.197329,0.853121,0.202416,0.221301,1.273733,1.025782
mlp,mlp_36,"layers=(128, 64, 32),alpha=0.1,lr_init=0.0001,bs=64",0.571919,0.462477,0.617342,0.441171,0.427783,0.809558,0.609164,0.914666,0.197329,0.853121,0.202416,0.221301,1.273733,1.025782
mlp,mlp_37,"layers=(128, 64, 32),alpha=0.001,lr_init=0.0005,bs=128",0.601564,0.501437,0.63639,0.453099,0.528159,0.824014,0.600984,0.917213,0.1854,0.920736,0.176074,0.191967,1.366178,0.949699
mlp,mlp_37,"layers=(128, 64, 32),alpha=0.001,lr_init=0.0005,bs=128",0.601564,0.501437,0.63639,0.453099,0.528159,0.824014,0.600984,0.917213,0.1854,0.920736,0.176074,0.191967,1.366178,0.949699
mlp,mlp_38,"layers=(64,),alpha=0.01,lr_init=0.001,bs=256",0.599755,0.498114,0.636376,0.442186,0.521233,0.83487,0.600732,0.605065,0.206004,0.926011,0.11666,0.192807,0.833349,0.566301
mlp,mlp_38,"layers=(64,),alpha=0.01,lr_init=0.001,bs=256",0.599755,0.498114,0.636376,0.442186,0.521233,0.83487,0.600732,0.605065,0.206004,0.926011,0.11666,0.192807,0.833349,0.566301
mlp,mlp_39,"layers=(128, 64, 32),alpha=0.01,lr_init=0.0005,bs=128",0.601076,0.498569,0.638704,0.450422,0.511224,0.840799,0.601857,0.963807,0.19357,0.919343,0.185994,0.192978,1.444678,0.96086
mlp,mlp_39,"layers=(128, 64, 32),alpha=0.01,lr_init=0.0005,bs=128",0.601076,0.498569,0.638704,0.450422,0.511224,0.840799,0.601857,0.963807,0.19357,0.919343,0.185994,0.192978,1.444678,0.96086
mlp,mlp_40,"layers=(256,),alpha=0.1,lr_init=0.0005,bs=64",0.561895,0.445599,0.612782,0.444564,0.387099,0.814102,0.601816,0.734996,0.239971,0.841096,0.167379,0.227728,1.057368,0.697496
mlp,mlp_40,"layers=(256,),alpha=0.1,lr_init=0.0005,bs=64",0.561895,0.445599,0.612782,0.444564,0.387099,0.814102,0.601816,0.734996,0.239971,0.841096,0.167379,0.227728,1.057368,0.697496
mlp,mlp_41,"layers=(128,),alpha=0.0001,lr_init=0.0001,bs=64",0.601809,0.502411,0.635674,0.447247,0.533896,0.823508,0.602586,1.025305,0.229572,0.921957,0.192803,0.188044,1.498646,0.839837
mlp,mlp_41,"layers=(128,),alpha=0.0001,lr_init=0.0001,bs=64",0.601809,0.502411,0.635674,0.447247,0.533896,0.823508,0.602586,1.025305,0.229572,0.921957,0.192803,0.188044,1.498646,0.839837
mlp,mlp_42,"layers=(256, 128),alpha=0.01,lr_init=0.001,bs=128",0.590623,0.487568,0.629907,0.442396,0.478062,0.824668,0.617364,0.474756,0.222628,0.911969,0.092222,0.194251,0.631745,0.414242
mlp,mlp_42,"layers=(256, 128),alpha=0.01,lr_init=0.001,bs=128",0.590623,0.487568,0.629907,0.442396,0.478062,0.824668,0.617364,0.474756,0.222628,0.911969,0.092222,0.194251,0.631745,0.414242
mlp,mlp_43,"layers=(128, 64),alpha=0.0001,lr_init=0.005,bs=128",0.587554,0.485177,0.626509,0.447638,0.478247,0.821085,0.603247,1.467229,0.207989,0.934601,0.298311,0.203316,2.002218,1.434266
mlp,mlp_43,"layers=(128, 64),alpha=0.0001,lr_init=0.005,bs=128",0.587554,0.485177,0.626509,0.447638,0.478247,0.821085,0.603247,1.467229,0.207989,0.934601,0.298311,0.203316,2.002218,1.434266
mlp,mlp_44,"layers=(128, 64, 32),alpha=0.0001,lr_init=0.0005,bs=256",0.6002,0.498905,0.636574,0.451918,0.518059,0.834447,0.596375,1.538765,0.159223,0.928307,0.278657,0.181091,2.31542,1.750108
mlp,mlp_44,"layers=(128, 64, 32),alpha=0.0001,lr_init=0.0005,bs=256",0.6002,0.498905,0.636574,0.451918,0.518059,0.834447,0.596375,1.538765,0.159223,0.928307,0.278657,0.181091,2.31542,1.750108
mlp,mlp_45,"layers=(256,),alpha=0.001,lr_init=0.0001,bs=128",0.6086,0.508273,0.642499,0.448187,0.546753,0.831889,0.607571,1.477456,0.155397,0.927824,0.266763,0.180555,2.283976,1.71665
mlp,mlp_45,"layers=(256,),alpha=0.001,lr_init=0.0001,bs=128",0.6086,0.508273,0.642499,0.448187,0.546753,0.831889,0.607571,1.477456,0.155397,0.927824,0.266763,0.180555,2.283976,1.71665
mlp,mlp_46,"layers=(64,),alpha=0.001,lr_init=0.001,bs=128",0.594832,0.494517,0.630646,0.441897,0.519982,0.822073,0.595377,1.055925,0.20924,0.955876,0.204976,0.19412,1.485093,0.979622
mlp,mlp_46,"layers=(64,),alpha=0.001,lr_init=0.001,bs=128",0.594832,0.494517,0.630646,0.441897,0.519982,0.822073,0.595377,1.055925,0.20924,0.955876,0.204976,0.19412,1.485093,0.979622
mlp,mlp_47,"layers=(64, 32),alpha=0.001,lr_init=0.005,bs=64",0.564341,0.457928,0.609176,0.444398,0.418132,0.808588,0.586244,1.415247,0.186011,0.876808,0.302621,0.213829,1.987822,1.626903
mlp,mlp_47,"layers=(64, 32),alpha=0.001,lr_init=0.005,bs=64",0.564341,0.457928,0.609176,0.444398,0.418132,0.808588,0.586244,1.415247,0.186011,0.876808,0.302621,0.213829,1.987822,1.626903
mlp,mlp_48,"layers=(128,),alpha=0.0001,lr_init=0.0005,bs=256",0.603291,0.501967,0.639171,0.446127,0.526966,0.839744,0.600327,1.172205,0.185861,0.930529,0.223131,0.190351,1.613634,1.200525
mlp,mlp_48,"layers=(128,),alpha=0.0001,lr_init=0.0005,bs=256",0.603291,0.501967,0.639171,0.446127,0.526966,0.839744,0.600327,1.172205,0.185861,0.930529,0.223131,0.190351,1.613634,1.200525
mlp,mlp_49,"layers=(128,),alpha=0.1,lr_init=0.0005,bs=256",0.596509,0.493768,0.634865,0.44571,0.501218,0.836594,0.602516,0.889747,0.190562,0.904519,0.17479,0.196449,1.233085,0.917233
mlp,mlp_49,"layers=(128,),alpha=0.1,lr_init=0.0005,bs=256",0.596509,0.493768,0.634865,0.44571,0.501218,0.836594,0.602516,0.889747,0.190562,0.904519,0.17479,0.196449,1.233085,0.917233
mlp,mlp_50,"layers=(256,),alpha=0.001,lr_init=0.005,bs=256",0.590799,0.486629,0.631135,0.445633,0.469064,0.823771,0.624728,0.979828,0.186887,0.946414,0.182503,0.18626,1.413402,0.976544
mlp,mlp_50,"layers=(256,),alpha=0.001,lr_init=0.005,bs=256",0.590799,0.486629,0.631135,0.445633,0.469064,0.823771,0.624728,0.979828,0.186887,0.946414,0.182503,0.18626,1.413402,0.976544
