date,model,variable,RGR,n_assets,perturbation_percentage
2023-01-02,ridge,ret_1w,0.999907,407,0.05
2023-01-02,ridge,vol_1m,0.998802,407,0.05
2023-01-02,ridge,ret_3m,0.998652,407,0.05
2023-01-02,ridge,vol_3m,0.99858,407,0.05
2023-01-02,ridge,vol_ratio,0.987476,407,0.05
2023-01-02,ridge,amihud,0.980257,407,0.05
2023-01-02,ridge,ret_1m,0.966642,407,0.05
2023-01-02,ridge,ret_6m,0.96135,407,0.05
2023-01-02,ridge,ret_12m,0.932103,407,0.05
2023-01-02,ridge,log_mktcap,0.779857,407,0.05
2023-02-01,ridge,ret_3m,0.999199,407,0.05
2023-02-01,ridge,ret_1w,0.997587,407,0.05
2023-02-01,ridge,vol_3m,0.996124,407,0.05
2023-02-01,ridge,vol_1m,0.987465,407,0.05
2023-02-01,ridge,amihud,0.98151,407,0.05
2023-02-01,ridge,vol_ratio,0.973598,407,0.05
2023-02-01,ridge,ret_1m,0.957374,407,0.05
2023-02-01,ridge,ret_6m,0.947387,407,0.05
2023-02-01,ridge,ret_12m,0.898029,407,0.05
2023-02-01,ridge,log_mktcap,0.788246,407,0.05
2023-03-01,ridge,ret_1w,0.997669,407,0.05
2023-03-01,ridge,ret_3m,0.995903,407,0.05
2023-03-01,ridge,vol_3m,0.995301,407,0.05
2023-03-01,ridge,vol_1m,0.987825,407,0.05
2023-03-01,ridge,vol_ratio,0.984848,407,0.05
2023-03-01,ridge,amihud,0.968608,407,0.05
2023-03-01,ridge,ret_1m,0.949469,407,0.05
2023-03-01,ridge,ret_6m,0.945449,407,0.05
2023-03-01,ridge,ret_12m,0.920496,407,0.05
2023-03-01,ridge,log_mktcap,0.805225,407,0.05
2023-04-03,ridge,ret_1w,0.998812,407,0.05
2023-04-03,ridge,ret_3m,0.995845,407,0.05
2023-04-03,ridge,vol_3m,0.995543,407,0.05
2023-04-03,ridge,vol_ratio,0.98811,407,0.05
2023-04-03,ridge,vol_1m,0.987683,407,0.05
2023-04-03,ridge,amihud,0.977484,407,0.05
2023-04-03,ridge,ret_6m,0.968697,407,0.05
2023-04-03,ridge,ret_1m,0.954054,407,0.05
2023-04-03,ridge,ret_12m,0.933427,407,0.05
2023-04-03,ridge,log_mktcap,0.783345,407,0.05
2023-05-01,ridge,ret_1w,0.999839,407,0.05
2023-05-01,ridge,vol_3m,0.994865,407,0.05
2023-05-01,ridge,ret_3m,0.99304,407,0.05
2023-05-01,ridge,vol_1m,0.990069,407,0.05
2023-05-01,ridge,vol_ratio,0.987099,407,0.05
2023-05-01,ridge,amihud,0.977918,407,0.05
2023-05-01,ridge,ret_1m,0.971658,407,0.05
2023-05-01,ridge,ret_6m,0.963558,407,0.05
2023-05-01,ridge,ret_12m,0.928397,407,0.05
2023-05-01,ridge,log_mktcap,0.788683,407,0.05
2023-06-01,ridge,ret_1w,0.999603,407,0.05
2023-06-01,ridge,ret_3m,0.994972,407,0.05
2023-06-01,ridge,vol_3m,0.994558,407,0.05
2023-06-01,ridge,vol_1m,0.989989,407,0.05
2023-06-01,ridge,vol_ratio,0.98753,407,0.05
2023-06-01,ridge,amihud,0.980579,407,0.05
2023-06-01,ridge,ret_6m,0.970814,407,0.05
2023-06-01,ridge,ret_1m,0.955791,407,0.05
2023-06-01,ridge,ret_12m,0.919407,407,0.05
2023-06-01,ridge,log_mktcap,0.787176,407,0.05
2023-07-03,ridge,ret_1w,0.999585,407,0.05
2023-07-03,ridge,vol_3m,0.997151,407,0.05
2023-07-03,ridge,ret_3m,0.989923,407,0.05
2023-07-03,ridge,vol_1m,0.989033,407,0.05
2023-07-03,ridge,vol_ratio,0.987781,407,0.05
2023-07-03,ridge,amihud,0.973148,407,0.05
2023-07-03,ridge,ret_6m,0.961453,407,0.05
2023-07-03,ridge,ret_1m,0.961071,407,0.05
2023-07-03,ridge,ret_12m,0.931592,407,0.05
2023-07-03,ridge,log_mktcap,0.812628,407,0.05
2023-08-01,ridge,ret_1w,0.999062,407,0.05
2023-08-01,ridge,vol_3m,0.994537,407,0.05
2023-08-01,ridge,ret_3m,0.989474,407,0.05
2023-08-01,ridge,vol_ratio,0.97973,407,0.05
2023-08-01,ridge,vol_1m,0.977721,407,0.05
2023-08-01,ridge,amihud,0.972048,407,0.05
2023-08-01,ridge,ret_1m,0.957746,407,0.05
2023-08-01,ridge,ret_6m,0.94868,407,0.05
2023-08-01,ridge,ret_12m,0.93289,407,0.05
2023-08-01,ridge,log_mktcap,0.803666,407,0.05
2023-09-01,ridge,ret_1w,0.998684,407,0.05
2023-09-01,ridge,vol_3m,0.992519,407,0.05
2023-09-01,ridge,ret_3m,0.988559,407,0.05
2023-09-01,ridge,vol_ratio,0.981207,407,0.05
2023-09-01,ridge,vol_1m,0.968385,407,0.05
2023-09-01,ridge,amihud,0.967529,407,0.05
2023-09-01,ridge,ret_6m,0.960685,407,0.05
2023-09-01,ridge,ret_1m,0.951852,407,0.05
2023-09-01,ridge,ret_12m,0.917977,407,0.05
2023-09-01,ridge,log_mktcap,0.791873,407,0.05
2023-10-02,ridge,ret_1w,0.999782,407,0.05
2023-10-02,ridge,vol_3m,0.993895,407,0.05
2023-10-02,ridge,ret_3m,0.99026,407,0.05
2023-10-02,ridge,vol_ratio,0.98026,407,0.05
2023-10-02,ridge,amihud,0.978602,407,0.05
2023-10-02,ridge,vol_1m,0.975475,407,0.05
2023-10-02,ridge,ret_1m,0.963472,407,0.05
2023-10-02,ridge,ret_6m,0.958565,407,0.05
2023-10-02,ridge,ret_12m,0.92816,407,0.05
2023-10-02,ridge,log_mktcap,0.80125,407,0.05
2023-11-01,ridge,ret_1w,0.999859,407,0.05
2023-11-01,ridge,vol_3m,0.993411,407,0.05
2023-11-01,ridge,ret_3m,0.992512,407,0.05
2023-11-01,ridge,vol_ratio,0.98647,407,0.05
2023-11-01,ridge,vol_1m,0.981041,407,0.05
2023-11-01,ridge,amihud,0.979314,407,0.05
2023-11-01,ridge,ret_1m,0.973623,407,0.05
2023-11-01,ridge,ret_6m,0.959846,407,0.05
2023-11-01,ridge,ret_12m,0.922032,407,0.05
2023-11-01,ridge,log_mktcap,0.802141,407,0.05
2023-12-01,ridge,ret_1w,0.999928,407,0.05
2023-12-01,ridge,vol_3m,0.993427,407,0.05
2023-12-01,ridge,amihud,0.984558,407,0.05
2023-12-01,ridge,vol_ratio,0.983255,407,0.05
2023-12-01,ridge,ret_3m,0.980661,407,0.05
2023-12-01,ridge,vol_1m,0.977005,407,0.05
2023-12-01,ridge,ret_1m,0.959927,407,0.05
2023-12-01,ridge,ret_6m,0.955032,407,0.05
2023-12-01,ridge,ret_12m,0.909284,407,0.05
2023-12-01,ridge,log_mktcap,0.794075,407,0.05
2024-01-01,ridge,ret_1w,0.999886,407,0.05
2024-01-01,ridge,vol_3m,0.997473,407,0.05
2024-01-01,ridge,vol_ratio,0.986121,407,0.05
2024-01-01,ridge,amihud,0.983271,407,0.05
2024-01-01,ridge,ret_1m,0.983032,407,0.05
2024-01-01,ridge,vol_1m,0.979185,407,0.05
2024-01-01,ridge,ret_3m,0.966444,407,0.05
2024-01-01,ridge,ret_6m,0.938987,407,0.05
2024-01-01,ridge,ret_12m,0.914695,407,0.05
2024-01-01,ridge,log_mktcap,0.797432,407,0.05
2024-02-01,ridge,ret_1w,0.999996,407,0.05
2024-02-01,ridge,vol_3m,0.996203,407,0.05
2024-02-01,ridge,vol_ratio,0.985896,407,0.05
2024-02-01,ridge,vol_1m,0.982699,407,0.05
2024-02-01,ridge,amihud,0.981397,407,0.05
2024-02-01,ridge,ret_1m,0.974755,407,0.05
2024-02-01,ridge,ret_3m,0.968166,407,0.05
2024-02-01,ridge,ret_6m,0.962635,407,0.05
2024-02-01,ridge,ret_12m,0.924391,407,0.05
2024-02-01,ridge,log_mktcap,0.777525,407,0.05
2024-03-01,ridge,ret_1w,0.99983,407,0.05
2024-03-01,ridge,vol_3m,0.994288,407,0.05
2024-03-01,ridge,vol_ratio,0.985529,407,0.05
2024-03-01,ridge,vol_1m,0.979188,407,0.05
2024-03-01,ridge,ret_1m,0.975151,407,0.05
2024-03-01,ridge,amihud,0.972835,407,0.05
2024-03-01,ridge,ret_3m,0.965008,407,0.05
2024-03-01,ridge,ret_6m,0.957976,407,0.05
2024-03-01,ridge,ret_12m,0.935839,407,0.05
2024-03-01,ridge,log_mktcap,0.771458,407,0.05
2024-04-01,ridge,ret_1w,0.999994,407,0.05
2024-04-01,ridge,vol_3m,0.994095,407,0.05
2024-04-01,ridge,amihud,0.98381,407,0.05
2024-04-01,ridge,vol_ratio,0.982027,407,0.05
2024-04-01,ridge,vol_1m,0.976239,407,0.05
2024-04-01,ridge,ret_1m,0.970367,407,0.05
2024-04-01,ridge,ret_3m,0.963458,407,0.05
2024-04-01,ridge,ret_6m,0.956312,407,0.05
2024-04-01,ridge,ret_12m,0.931625,407,0.05
2024-04-01,ridge,log_mktcap,0.767663,407,0.05
2024-05-01,ridge,ret_1w,0.999992,407,0.05
2024-05-01,ridge,vol_3m,0.993375,407,0.05
2024-05-01,ridge,vol_ratio,0.98649,407,0.05
2024-05-01,ridge,amihud,0.982465,407,0.05
2024-05-01,ridge,ret_1m,0.98031,407,0.05
2024-05-01,ridge,vol_1m,0.979078,407,0.05
2024-05-01,ridge,ret_3m,0.96939,407,0.05
2024-05-01,ridge,ret_6m,0.944535,407,0.05
2024-05-01,ridge,ret_12m,0.930744,407,0.05
2024-05-01,ridge,log_mktcap,0.78377,407,0.05
2024-06-03,ridge,ret_1w,0.999415,407,0.05
2024-06-03,ridge,vol_3m,0.99071,407,0.05
2024-06-03,ridge,ret_1m,0.97844,407,0.05
2024-06-03,ridge,vol_ratio,0.978044,407,0.05
2024-06-03,ridge,amihud,0.97537,407,0.05
2024-06-03,ridge,ret_3m,0.967243,407,0.05
2024-06-03,ridge,vol_1m,0.964705,407,0.05
2024-06-03,ridge,ret_6m,0.958412,407,0.05
2024-06-03,ridge,ret_12m,0.931885,407,0.05
2024-06-03,ridge,log_mktcap,0.787226,407,0.05
2024-07-01,ridge,ret_1w,0.999983,407,0.05
2024-07-01,ridge,vol_3m,0.989344,407,0.05
2024-07-01,ridge,amihud,0.982257,407,0.05
2024-07-01,ridge,ret_1m,0.980419,407,0.05
2024-07-01,ridge,vol_ratio,0.975601,407,0.05
2024-07-01,ridge,vol_1m,0.961804,407,0.05
2024-07-01,ridge,ret_3m,0.961419,407,0.05
2024-07-01,ridge,ret_6m,0.955729,407,0.05
2024-07-01,ridge,ret_12m,0.944204,407,0.05
2024-07-01,ridge,log_mktcap,0.7673,407,0.05
2024-08-01,ridge,ret_1w,0.999976,407,0.05
2024-08-01,ridge,vol_3m,0.984974,407,0.05
2024-08-01,ridge,ret_1m,0.977745,407,0.05
2024-08-01,ridge,vol_ratio,0.975398,407,0.05
2024-08-01,ridge,amihud,0.974291,407,0.05
2024-08-01,ridge,vol_1m,0.968734,407,0.05
2024-08-01,ridge,ret_3m,0.963247,407,0.05
2024-08-01,ridge,ret_6m,0.957595,407,0.05
2024-08-01,ridge,ret_12m,0.946558,407,0.05
2024-08-01,ridge,log_mktcap,0.812182,407,0.05
2024-09-02,ridge,ret_1w,0.999983,407,0.05
2024-09-02,ridge,vol_3m,0.986295,407,0.05
2024-09-02,ridge,vol_ratio,0.9797,407,0.05
2024-09-02,ridge,amihud,0.973506,407,0.05
2024-09-02,ridge,vol_1m,0.969716,407,0.05
2024-09-02,ridge,ret_1m,0.968595,407,0.05
2024-09-02,ridge,ret_3m,0.965791,407,0.05
2024-09-02,ridge,ret_6m,0.960919,407,0.05
2024-09-02,ridge,ret_12m,0.951202,407,0.05
2024-09-02,ridge,log_mktcap,0.809564,407,0.05
2024-10-01,ridge,ret_1w,0.999578,407,0.05
2024-10-01,ridge,vol_3m,0.986008,407,0.05
2024-10-01,ridge,vol_ratio,0.978257,407,0.05
2024-10-01,ridge,ret_1m,0.968514,407,0.05
2024-10-01,ridge,vol_1m,0.967918,407,0.05
2024-10-01,ridge,amihud,0.967593,407,0.05
2024-10-01,ridge,ret_6m,0.96101,407,0.05
2024-10-01,ridge,ret_3m,0.960935,407,0.05
2024-10-01,ridge,ret_12m,0.950979,407,0.05
2024-10-01,ridge,log_mktcap,0.828965,407,0.05
2024-11-01,ridge,ret_1w,0.999365,407,0.05
2024-11-01,ridge,vol_3m,0.989185,407,0.05
2024-11-01,ridge,amihud,0.982375,407,0.05
2024-11-01,ridge,vol_ratio,0.975205,407,0.05
2024-11-01,ridge,ret_6m,0.974502,407,0.05
2024-11-01,ridge,ret_1m,0.974421,407,0.05
2024-11-01,ridge,vol_1m,0.966017,407,0.05
2024-11-01,ridge,ret_12m,0.963108,407,0.05
2024-11-01,ridge,ret_3m,0.958614,407,0.05
2024-11-01,ridge,log_mktcap,0.798662,407,0.05
2024-12-02,ridge,ret_1w,0.999328,407,0.05
2024-12-02,ridge,vol_3m,0.994382,407,0.05
2024-12-02,ridge,amihud,0.984741,407,0.05
2024-12-02,ridge,ret_1m,0.977161,407,0.05
2024-12-02,ridge,vol_ratio,0.976547,407,0.05
2024-12-02,ridge,vol_1m,0.972902,407,0.05
2024-12-02,ridge,ret_12m,0.968834,407,0.05
2024-12-02,ridge,ret_3m,0.96479,407,0.05
2024-12-02,ridge,ret_6m,0.964637,407,0.05
2024-12-02,ridge,log_mktcap,0.766515,407,0.05
2025-01-01,ridge,ret_1w,0.999437,407,0.05
2025-01-01,ridge,vol_3m,0.994105,407,0.05
2025-01-01,ridge,amihud,0.991629,407,0.05
2025-01-01,ridge,ret_1m,0.980202,407,0.05
2025-01-01,ridge,vol_ratio,0.9767,407,0.05
2025-01-01,ridge,vol_1m,0.974038,407,0.05
2025-01-01,ridge,ret_12m,0.97149,407,0.05
2025-01-01,ridge,ret_3m,0.967176,407,0.05
2025-01-01,ridge,ret_6m,0.942636,407,0.05
2025-01-01,ridge,log_mktcap,0.735279,407,0.05
2025-02-03,ridge,ret_1w,0.998032,407,0.05
2025-02-03,ridge,vol_3m,0.995706,407,0.05
2025-02-03,ridge,amihud,0.984984,407,0.05
2025-02-03,ridge,ret_1m,0.976664,407,0.05
2025-02-03,ridge,ret_12m,0.971184,407,0.05
2025-02-03,ridge,vol_ratio,0.969456,407,0.05
2025-02-03,ridge,ret_3m,0.968674,407,0.05
2025-02-03,ridge,vol_1m,0.964952,407,0.05
2025-02-03,ridge,ret_6m,0.951669,407,0.05
2025-02-03,ridge,log_mktcap,0.784896,407,0.05
2025-03-03,ridge,ret_1w,0.999553,407,0.05
2025-03-03,ridge,vol_3m,0.990191,407,0.05
2025-03-03,ridge,vol_ratio,0.979341,407,0.05
2025-03-03,ridge,amihud,0.978155,407,0.05
2025-03-03,ridge,ret_12m,0.977458,407,0.05
2025-03-03,ridge,ret_1m,0.973696,407,0.05
2025-03-03,ridge,ret_3m,0.970351,407,0.05
2025-03-03,ridge,vol_1m,0.955407,407,0.05
2025-03-03,ridge,ret_6m,0.946686,407,0.05
2025-03-03,ridge,log_mktcap,0.804595,407,0.05
2025-04-01,ridge,ret_1w,0.999906,407,0.05
2025-04-01,ridge,vol_3m,0.982695,407,0.05
2025-04-01,ridge,amihud,0.979787,407,0.05
2025-04-01,ridge,ret_1m,0.977183,407,0.05
2025-04-01,ridge,ret_6m,0.973945,407,0.05
2025-04-01,ridge,ret_12m,0.97073,407,0.05
2025-04-01,ridge,ret_3m,0.969875,407,0.05
2025-04-01,ridge,vol_ratio,0.967813,407,0.05
2025-04-01,ridge,vol_1m,0.943066,407,0.05
2025-04-01,ridge,log_mktcap,0.789143,407,0.05
2025-05-01,ridge,ret_1w,0.999745,407,0.05
2025-05-01,ridge,amihud,0.984412,407,0.05
2025-05-01,ridge,vol_3m,0.979804,407,0.05
2025-05-01,ridge,ret_1m,0.974869,407,0.05
2025-05-01,ridge,ret_6m,0.974271,407,0.05
2025-05-01,ridge,ret_12m,0.97195,407,0.05
2025-05-01,ridge,vol_ratio,0.963253,407,0.05
2025-05-01,ridge,ret_3m,0.96269,407,0.05
2025-05-01,ridge,vol_1m,0.943365,407,0.05
2025-05-01,ridge,log_mktcap,0.77493,407,0.05
2025-06-02,ridge,ret_1w,0.999849,407,0.05
2025-06-02,ridge,vol_3m,0.98666,407,0.05
2025-06-02,ridge,amihud,0.98187,407,0.05
2025-06-02,ridge,ret_1m,0.978568,407,0.05
2025-06-02,ridge,vol_ratio,0.976917,407,0.05
2025-06-02,ridge,ret_12m,0.975146,407,0.05
2025-06-02,ridge,ret_6m,0.95843,407,0.05
2025-06-02,ridge,ret_3m,0.939551,407,0.05
2025-06-02,ridge,vol_1m,0.93751,407,0.05
2025-06-02,ridge,log_mktcap,0.779373,407,0.05
2025-07-01,ridge,ret_1w,0.999971,407,0.05
2025-07-01,ridge,vol_3m,0.994194,407,0.05
2025-07-01,ridge,ret_1m,0.988407,407,0.05
2025-07-01,ridge,amihud,0.980144,407,0.05
2025-07-01,ridge,vol_ratio,0.973352,407,0.05
2025-07-01,ridge,ret_12m,0.972521,407,0.05
2025-07-01,ridge,ret_6m,0.964561,407,0.05
2025-07-01,ridge,ret_3m,0.945308,407,0.05
2025-07-01,ridge,vol_1m,0.942383,407,0.05
2025-07-01,ridge,log_mktcap,0.780695,407,0.05
2025-08-01,ridge,ret_1w,0.999999,407,0.05
2025-08-01,ridge,vol_3m,0.999337,407,0.05
2025-08-01,ridge,ret_1m,0.989662,407,0.05
2025-08-01,ridge,amihud,0.982855,407,0.05
2025-08-01,ridge,ret_12m,0.98092,407,0.05
2025-08-01,ridge,vol_ratio,0.973002,407,0.05
2025-08-01,ridge,ret_3m,0.961387,407,0.05
2025-08-01,ridge,ret_6m,0.958195,407,0.05
2025-08-01,ridge,vol_1m,0.951134,407,0.05
2025-08-01,ridge,log_mktcap,0.773488,407,0.05
2025-09-01,ridge,ret_1w,0.999999,407,0.05
2025-09-01,ridge,vol_3m,0.999989,407,0.05
2025-09-01,ridge,ret_1m,0.984343,407,0.05
2025-09-01,ridge,ret_12m,0.983931,407,0.05
2025-09-01,ridge,amihud,0.980813,407,0.05
2025-09-01,ridge,ret_3m,0.9774,407,0.05
2025-09-01,ridge,vol_ratio,0.97547,407,0.05
2025-09-01,ridge,ret_6m,0.966408,407,0.05
2025-09-01,ridge,vol_1m,0.961063,407,0.05
2025-09-01,ridge,log_mktcap,0.775353,407,0.05
2025-10-01,ridge,ret_1w,0.999861,407,0.05
2025-10-01,ridge,vol_3m,0.999764,407,0.05
2025-10-01,ridge,amihud,0.988012,407,0.05
2025-10-01,ridge,ret_12m,0.98721,407,0.05
2025-10-01,ridge,ret_1m,0.984672,407,0.05
2025-10-01,ridge,vol_ratio,0.981484,407,0.05
2025-10-01,ridge,ret_3m,0.977302,407,0.05
2025-10-01,ridge,vol_1m,0.973526,407,0.05
2025-10-01,ridge,ret_6m,0.970485,407,0.05
2025-10-01,ridge,log_mktcap,0.775739,407,0.05
2025-11-03,ridge,ret_1w,0.999894,407,0.05
2025-11-03,ridge,vol_3m,0.999595,407,0.05
2025-11-03,ridge,ret_1m,0.985245,407,0.05
2025-11-03,ridge,amihud,0.98499,407,0.05
2025-11-03,ridge,ret_12m,0.982725,407,0.05
2025-11-03,ridge,vol_ratio,0.979413,407,0.05
2025-11-03,ridge,ret_3m,0.97139,407,0.05
2025-11-03,ridge,ret_6m,0.963614,407,0.05
2025-11-03,ridge,vol_1m,0.957684,407,0.05
2025-11-03,ridge,log_mktcap,0.771568,407,0.05
2025-12-01,ridge,vol_3m,0.999865,407,0.05
2025-12-01,ridge,ret_1w,0.999853,407,0.05
2025-12-01,ridge,amihud,0.982043,407,0.05
2025-12-01,ridge,ret_12m,0.981676,407,0.05
2025-12-01,ridge,ret_1m,0.981609,407,0.05
2025-12-01,ridge,vol_ratio,0.977387,407,0.05
2025-12-01,ridge,ret_3m,0.976835,407,0.05
2025-12-01,ridge,vol_1m,0.95996,407,0.05
2025-12-01,ridge,ret_6m,0.95627,407,0.05
2025-12-01,ridge,log_mktcap,0.782822,407,0.05
2023-01-02,xgboost,vol_1m,0.999709,407,0.05
2023-01-02,xgboost,vol_3m,0.999528,407,0.05
2023-01-02,xgboost,ret_3m,0.997694,407,0.05
2023-01-02,xgboost,ret_1w,0.995547,407,0.05
2023-01-02,xgboost,ret_6m,0.994932,407,0.05
2023-01-02,xgboost,vol_ratio,0.993991,407,0.05
2023-01-02,xgboost,amihud,0.992015,407,0.05
2023-01-02,xgboost,ret_12m,0.984453,407,0.05
2023-01-02,xgboost,ret_1m,0.953797,407,0.05
2023-01-02,xgboost,log_mktcap,0.88858,407,0.05
2023-02-01,xgboost,vol_1m,0.997627,407,0.05
2023-02-01,xgboost,amihud,0.996649,407,0.05
2023-02-01,xgboost,vol_3m,0.993278,407,0.05
2023-02-01,xgboost,ret_3m,0.992931,407,0.05
2023-02-01,xgboost,ret_1w,0.984444,407,0.05
2023-02-01,xgboost,ret_6m,0.97291,407,0.05
2023-02-01,xgboost,ret_1m,0.972504,407,0.05
2023-02-01,xgboost,vol_ratio,0.954699,407,0.05
2023-02-01,xgboost,ret_12m,0.932928,407,0.05
2023-02-01,xgboost,log_mktcap,0.81021,407,0.05
2023-03-01,xgboost,amihud,0.998615,407,0.05
2023-03-01,xgboost,vol_1m,0.997651,407,0.05
2023-03-01,xgboost,vol_3m,0.997316,407,0.05
2023-03-01,xgboost,ret_6m,0.996112,407,0.05
2023-03-01,xgboost,ret_1w,0.995393,407,0.05
2023-03-01,xgboost,vol_ratio,0.993019,407,0.05
2023-03-01,xgboost,ret_3m,0.987535,407,0.05
2023-03-01,xgboost,ret_12m,0.984088,407,0.05
2023-03-01,xgboost,ret_1m,0.976727,407,0.05
2023-03-01,xgboost,log_mktcap,0.870711,407,0.05
2023-04-03,xgboost,vol_1m,0.994657,407,0.05
2023-04-03,xgboost,amihud,0.988311,407,0.05
2023-04-03,xgboost,vol_3m,0.982418,407,0.05
2023-04-03,xgboost,vol_ratio,0.979362,407,0.05
2023-04-03,xgboost,ret_1w,0.972829,407,0.05
2023-04-03,xgboost,ret_6m,0.962618,407,0.05
2023-04-03,xgboost,ret_1m,0.954705,407,0.05
2023-04-03,xgboost,ret_12m,0.946839,407,0.05
2023-04-03,xgboost,ret_3m,0.928636,407,0.05
2023-04-03,xgboost,log_mktcap,0.845436,407,0.05
2023-05-01,xgboost,vol_1m,0.997809,407,0.05
2023-05-01,xgboost,amihud,0.996539,407,0.05
2023-05-01,xgboost,vol_3m,0.996398,407,0.05
2023-05-01,xgboost,ret_1w,0.990926,407,0.05
2023-05-01,xgboost,ret_3m,0.985234,407,0.05
2023-05-01,xgboost,vol_ratio,0.98017,407,0.05
2023-05-01,xgboost,ret_1m,0.973866,407,0.05
2023-05-01,xgboost,ret_6m,0.973203,407,0.05
2023-05-01,xgboost,ret_12m,0.968099,407,0.05
2023-05-01,xgboost,log_mktcap,0.837981,407,0.05
2023-06-01,xgboost,ret_1w,0.984948,407,0.05
2023-06-01,xgboost,vol_1m,0.975298,407,0.05
2023-06-01,xgboost,amihud,0.975144,407,0.05
2023-06-01,xgboost,vol_3m,0.970299,407,0.05
2023-06-01,xgboost,ret_6m,0.966526,407,0.05
2023-06-01,xgboost,ret_1m,0.960938,407,0.05
2023-06-01,xgboost,vol_ratio,0.960103,407,0.05
2023-06-01,xgboost,ret_3m,0.951679,407,0.05
2023-06-01,xgboost,ret_12m,0.94324,407,0.05
2023-06-01,xgboost,log_mktcap,0.867507,407,0.05
2023-07-03,xgboost,vol_1m,0.998378,407,0.05
2023-07-03,xgboost,vol_3m,0.99679,407,0.05
2023-07-03,xgboost,amihud,0.99553,407,0.05
2023-07-03,xgboost,ret_1w,0.993817,407,0.05
2023-07-03,xgboost,ret_3m,0.98359,407,0.05
2023-07-03,xgboost,vol_ratio,0.981695,407,0.05
2023-07-03,xgboost,ret_12m,0.976435,407,0.05
2023-07-03,xgboost,ret_6m,0.973905,407,0.05
2023-07-03,xgboost,ret_1m,0.962293,407,0.05
2023-07-03,xgboost,log_mktcap,0.873425,407,0.05
2023-08-01,xgboost,ret_1w,1.0,407,0.05
2023-08-01,xgboost,amihud,0.982319,407,0.05
2023-08-01,xgboost,vol_3m,0.980667,407,0.05
2023-08-01,xgboost,vol_ratio,0.978395,407,0.05
2023-08-01,xgboost,ret_12m,0.976126,407,0.05
2023-08-01,xgboost,vol_1m,0.957748,407,0.05
2023-08-01,xgboost,ret_1m,0.943738,407,0.05
2023-08-01,xgboost,ret_6m,0.918202,407,0.05
2023-08-01,xgboost,ret_3m,0.910156,407,0.05
2023-08-01,xgboost,log_mktcap,0.813278,407,0.05
2023-09-01,xgboost,vol_1m,1.0,407,0.05
2023-09-01,xgboost,vol_3m,0.99926,407,0.05
2023-09-01,xgboost,ret_3m,0.996413,407,0.05
2023-09-01,xgboost,amihud,0.994919,407,0.05
2023-09-01,xgboost,ret_1w,0.993432,407,0.05
2023-09-01,xgboost,ret_6m,0.993237,407,0.05
2023-09-01,xgboost,ret_12m,0.986564,407,0.05
2023-09-01,xgboost,vol_ratio,0.980365,407,0.05
2023-09-01,xgboost,ret_1m,0.956112,407,0.05
2023-09-01,xgboost,log_mktcap,0.86163,407,0.05
2023-10-02,xgboost,vol_1m,0.999301,407,0.05
2023-10-02,xgboost,vol_3m,0.99902,407,0.05
2023-10-02,xgboost,ret_1w,0.997589,407,0.05
2023-10-02,xgboost,amihud,0.995028,407,0.05
2023-10-02,xgboost,ret_12m,0.988786,407,0.05
2023-10-02,xgboost,vol_ratio,0.985218,407,0.05
2023-10-02,xgboost,ret_6m,0.976099,407,0.05
2023-10-02,xgboost,ret_3m,0.974233,407,0.05
2023-10-02,xgboost,ret_1m,0.960847,407,0.05
2023-10-02,xgboost,log_mktcap,0.879998,407,0.05
2023-11-01,xgboost,vol_1m,0.999902,407,0.05
2023-11-01,xgboost,vol_3m,0.999555,407,0.05
2023-11-01,xgboost,amihud,0.99899,407,0.05
2023-11-01,xgboost,ret_3m,0.996178,407,0.05
2023-11-01,xgboost,ret_1w,0.991427,407,0.05
2023-11-01,xgboost,ret_6m,0.99051,407,0.05
2023-11-01,xgboost,ret_1m,0.981943,407,0.05
2023-11-01,xgboost,vol_ratio,0.980034,407,0.05
2023-11-01,xgboost,ret_12m,0.974405,407,0.05
2023-11-01,xgboost,log_mktcap,0.867973,407,0.05
2023-12-01,xgboost,vol_1m,0.999982,407,0.05
2023-12-01,xgboost,vol_3m,0.999418,407,0.05
2023-12-01,xgboost,ret_1w,0.997828,407,0.05
2023-12-01,xgboost,vol_ratio,0.996852,407,0.05
2023-12-01,xgboost,amihud,0.995158,407,0.05
2023-12-01,xgboost,ret_6m,0.990857,407,0.05
2023-12-01,xgboost,ret_3m,0.990707,407,0.05
2023-12-01,xgboost,ret_12m,0.986047,407,0.05
2023-12-01,xgboost,ret_1m,0.960907,407,0.05
2023-12-01,xgboost,log_mktcap,0.85826,407,0.05
2024-01-01,xgboost,vol_1m,0.99985,407,0.05
2024-01-01,xgboost,ret_1w,0.998565,407,0.05
2024-01-01,xgboost,amihud,0.996085,407,0.05
2024-01-01,xgboost,ret_6m,0.995604,407,0.05
2024-01-01,xgboost,vol_3m,0.995589,407,0.05
2024-01-01,xgboost,vol_ratio,0.992012,407,0.05
2024-01-01,xgboost,ret_3m,0.990213,407,0.05
2024-01-01,xgboost,ret_12m,0.987524,407,0.05
2024-01-01,xgboost,ret_1m,0.971148,407,0.05
2024-01-01,xgboost,log_mktcap,0.914875,407,0.05
2024-02-01,xgboost,vol_3m,1.0,407,0.05
2024-02-01,xgboost,vol_1m,0.999823,407,0.05
2024-02-01,xgboost,ret_6m,0.998267,407,0.05
2024-02-01,xgboost,ret_1w,0.99775,407,0.05
2024-02-01,xgboost,amihud,0.993668,407,0.05
2024-02-01,xgboost,ret_1m,0.990417,407,0.05
2024-02-01,xgboost,vol_ratio,0.987728,407,0.05
2024-02-01,xgboost,ret_12m,0.981793,407,0.05
2024-02-01,xgboost,ret_3m,0.970152,407,0.05
2024-02-01,xgboost,log_mktcap,0.871231,407,0.05
2024-03-01,xgboost,ret_1w,1.0,407,0.05
2024-03-01,xgboost,ret_12m,0.989114,407,0.05
2024-03-01,xgboost,ret_6m,0.954965,407,0.05
2024-03-01,xgboost,vol_3m,0.951907,407,0.05
2024-03-01,xgboost,vol_1m,0.945735,407,0.05
2024-03-01,xgboost,amihud,0.944247,407,0.05
2024-03-01,xgboost,vol_ratio,0.938865,407,0.05
2024-03-01,xgboost,ret_3m,0.932003,407,0.05
2024-03-01,xgboost,ret_1m,0.90363,407,0.05
2024-03-01,xgboost,log_mktcap,0.868173,407,0.05
2024-04-01,xgboost,vol_3m,1.0,407,0.05
2024-04-01,xgboost,vol_1m,0.999947,407,0.05
2024-04-01,xgboost,ret_1w,0.997494,407,0.05
2024-04-01,xgboost,amihud,0.995611,407,0.05
2024-04-01,xgboost,vol_ratio,0.994976,407,0.05
2024-04-01,xgboost,ret_12m,0.994374,407,0.05
2024-04-01,xgboost,ret_3m,0.992942,407,0.05
2024-04-01,xgboost,ret_6m,0.992759,407,0.05
2024-04-01,xgboost,ret_1m,0.971148,407,0.05
2024-04-01,xgboost,log_mktcap,0.898819,407,0.05
2024-05-01,xgboost,vol_1m,0.997627,407,0.05
2024-05-01,xgboost,vol_3m,0.994932,407,0.05
2024-05-01,xgboost,amihud,0.994249,407,0.05
2024-05-01,xgboost,ret_1w,0.992596,407,0.05
2024-05-01,xgboost,ret_3m,0.985668,407,0.05
2024-05-01,xgboost,ret_12m,0.985052,407,0.05
2024-05-01,xgboost,ret_6m,0.984022,407,0.05
2024-05-01,xgboost,vol_ratio,0.972349,407,0.05
2024-05-01,xgboost,ret_1m,0.963088,407,0.05
2024-05-01,xgboost,log_mktcap,0.835208,407,0.05
2024-06-03,xgboost,vol_3m,1.0,407,0.05
2024-06-03,xgboost,vol_1m,1.0,407,0.05
2024-06-03,xgboost,ret_1w,0.996972,407,0.05
2024-06-03,xgboost,amihud,0.994561,407,0.05
2024-06-03,xgboost,ret_6m,0.993549,407,0.05
2024-06-03,xgboost,ret_12m,0.977405,407,0.05
2024-06-03,xgboost,ret_1m,0.976503,407,0.05
2024-06-03,xgboost,ret_3m,0.974178,407,0.05
2024-06-03,xgboost,vol_ratio,0.927857,407,0.05
2024-06-03,xgboost,log_mktcap,0.878425,407,0.05
2024-07-01,xgboost,ret_1w,1.0,407,0.05
2024-07-01,xgboost,vol_ratio,1.0,407,0.05
2024-07-01,xgboost,amihud,0.998695,407,0.05
2024-07-01,xgboost,vol_3m,0.997019,407,0.05
2024-07-01,xgboost,ret_6m,0.948735,407,0.05
2024-07-01,xgboost,ret_12m,0.93463,407,0.05
2024-07-01,xgboost,ret_1m,0.918935,407,0.05
2024-07-01,xgboost,ret_3m,0.918708,407,0.05
2024-07-01,xgboost,vol_1m,0.912918,407,0.05
2024-07-01,xgboost,log_mktcap,0.833948,407,0.05
2024-08-01,xgboost,vol_3m,0.999092,407,0.05
2024-08-01,xgboost,vol_1m,0.998479,407,0.05
2024-08-01,xgboost,ret_1w,0.996389,407,0.05
2024-08-01,xgboost,amihud,0.991168,407,0.05
2024-08-01,xgboost,ret_12m,0.987931,407,0.05
2024-08-01,xgboost,ret_6m,0.976068,407,0.05
2024-08-01,xgboost,vol_ratio,0.959058,407,0.05
2024-08-01,xgboost,ret_1m,0.952625,407,0.05
2024-08-01,xgboost,ret_3m,0.931458,407,0.05
2024-08-01,xgboost,log_mktcap,0.811132,407,0.05
2024-09-02,xgboost,vol_1m,0.99951,407,0.05
2024-09-02,xgboost,vol_3m,0.999101,407,0.05
2024-09-02,xgboost,ret_6m,0.997753,407,0.05
2024-09-02,xgboost,ret_1w,0.995684,407,0.05
2024-09-02,xgboost,amihud,0.992546,407,0.05
2024-09-02,xgboost,ret_12m,0.990728,407,0.05
2024-09-02,xgboost,vol_ratio,0.989153,407,0.05
2024-09-02,xgboost,ret_3m,0.987573,407,0.05
2024-09-02,xgboost,ret_1m,0.961216,407,0.05
2024-09-02,xgboost,log_mktcap,0.882761,407,0.05
2024-10-01,xgboost,vol_1m,0.999721,407,0.05
2024-10-01,xgboost,vol_3m,0.997242,407,0.05
2024-10-01,xgboost,ret_1w,0.996126,407,0.05
2024-10-01,xgboost,ret_6m,0.99495,407,0.05
2024-10-01,xgboost,ret_3m,0.992185,407,0.05
2024-10-01,xgboost,ret_12m,0.992061,407,0.05
2024-10-01,xgboost,amihud,0.991347,407,0.05
2024-10-01,xgboost,vol_ratio,0.98094,407,0.05
2024-10-01,xgboost,ret_1m,0.964082,407,0.05
2024-10-01,xgboost,log_mktcap,0.886293,407,0.05
2024-11-01,xgboost,ret_1w,1.0,407,0.05
2024-11-01,xgboost,vol_1m,1.0,407,0.05
2024-11-01,xgboost,amihud,1.0,407,0.05
2024-11-01,xgboost,vol_3m,1.0,407,0.05
2024-11-01,xgboost,ret_3m,0.98921,407,0.05
2024-11-01,xgboost,ret_12m,0.986208,407,0.05
2024-11-01,xgboost,ret_6m,0.984486,407,0.05
2024-11-01,xgboost,vol_ratio,0.981788,407,0.05
2024-11-01,xgboost,ret_1m,0.95139,407,0.05
2024-11-01,xgboost,log_mktcap,0.903477,407,0.05
2024-12-02,xgboost,ret_1w,1.0,407,0.05
2024-12-02,xgboost,vol_1m,1.0,407,0.05
2024-12-02,xgboost,amihud,1.0,407,0.05
2024-12-02,xgboost,vol_3m,1.0,407,0.05
2024-12-02,xgboost,ret_3m,0.997278,407,0.05
2024-12-02,xgboost,ret_12m,0.98705,407,0.05
2024-12-02,xgboost,ret_6m,0.986525,407,0.05
2024-12-02,xgboost,vol_ratio,0.980015,407,0.05
2024-12-02,xgboost,ret_1m,0.956482,407,0.05
2024-12-02,xgboost,log_mktcap,0.878153,407,0.05
2025-01-01,xgboost,vol_1m,0.99959,407,0.05
2025-01-01,xgboost,vol_3m,0.999474,407,0.05
2025-01-01,xgboost,ret_1w,0.996092,407,0.05
2025-01-01,xgboost,amihud,0.995805,407,0.05
2025-01-01,xgboost,ret_12m,0.994155,407,0.05
2025-01-01,xgboost,ret_6m,0.993778,407,0.05
2025-01-01,xgboost,ret_3m,0.992953,407,0.05
2025-01-01,xgboost,vol_ratio,0.979796,407,0.05
2025-01-01,xgboost,ret_1m,0.968166,407,0.05
2025-01-01,xgboost,log_mktcap,0.83689,407,0.05
2025-02-03,xgboost,ret_1w,1.0,407,0.05
2025-02-03,xgboost,vol_ratio,1.0,407,0.05
2025-02-03,xgboost,vol_3m,1.0,407,0.05
2025-02-03,xgboost,vol_1m,0.988598,407,0.05
2025-02-03,xgboost,amihud,0.983646,407,0.05
2025-02-03,xgboost,ret_12m,0.972188,407,0.05
2025-02-03,xgboost,ret_6m,0.966788,407,0.05
2025-02-03,xgboost,ret_1m,0.958967,407,0.05
2025-02-03,xgboost,log_mktcap,0.898697,407,0.05
2025-02-03,xgboost,ret_3m,0.87099,407,0.05
2025-03-03,xgboost,ret_1w,1.0,407,0.05
2025-03-03,xgboost,vol_ratio,1.0,407,0.05
2025-03-03,xgboost,amihud,0.970831,407,0.05
2025-03-03,xgboost,ret_1m,0.95162,407,0.05
2025-03-03,xgboost,ret_6m,0.938439,407,0.05
2025-03-03,xgboost,vol_3m,0.937701,407,0.05
2025-03-03,xgboost,vol_1m,0.926478,407,0.05
2025-03-03,xgboost,ret_3m,0.923167,407,0.05
2025-03-03,xgboost,ret_12m,0.855021,407,0.05
2025-03-03,xgboost,log_mktcap,0.803506,407,0.05
2025-04-01,xgboost,ret_1w,1.0,407,0.05
2025-04-01,xgboost,vol_ratio,1.0,407,0.05
2025-04-01,xgboost,vol_3m,0.988731,407,0.05
2025-04-01,xgboost,amihud,0.980009,407,0.05
2025-04-01,xgboost,vol_1m,0.970555,407,0.05
2025-04-01,xgboost,ret_6m,0.958829,407,0.05
2025-04-01,xgboost,ret_1m,0.924307,407,0.05
2025-04-01,xgboost,ret_12m,0.905707,407,0.05
2025-04-01,xgboost,ret_3m,0.871274,407,0.05
2025-04-01,xgboost,log_mktcap,0.824873,407,0.05
2025-05-01,xgboost,ret_1w,1.0,407,0.05
2025-05-01,xgboost,vol_ratio,1.0,407,0.05
2025-05-01,xgboost,amihud,0.998095,407,0.05
2025-05-01,xgboost,vol_1m,0.997191,407,0.05
2025-05-01,xgboost,ret_1m,0.982952,407,0.05
2025-05-01,xgboost,ret_6m,0.9806,407,0.05
2025-05-01,xgboost,vol_3m,0.962019,407,0.05
2025-05-01,xgboost,ret_12m,0.911889,407,0.05
2025-05-01,xgboost,ret_3m,0.849062,407,0.05
2025-05-01,xgboost,log_mktcap,0.822587,407,0.05
2025-06-02,xgboost,ret_1w,0.989969,407,0.05
2025-06-02,xgboost,vol_1m,0.988032,407,0.05
2025-06-02,xgboost,vol_ratio,0.984603,407,0.05
2025-06-02,xgboost,vol_3m,0.978981,407,0.05
2025-06-02,xgboost,ret_1m,0.972636,407,0.05
2025-06-02,xgboost,ret_6m,0.970209,407,0.05
2025-06-02,xgboost,amihud,0.967537,407,0.05
2025-06-02,xgboost,ret_12m,0.966703,407,0.05
2025-06-02,xgboost,ret_3m,0.924367,407,0.05
2025-06-02,xgboost,log_mktcap,0.834075,407,0.05
2025-07-01,xgboost,ret_12m,0.9803,407,0.05
2025-07-01,xgboost,vol_3m,0.977425,407,0.05
2025-07-01,xgboost,ret_6m,0.976331,407,0.05
2025-07-01,xgboost,vol_1m,0.975884,407,0.05
2025-07-01,xgboost,amihud,0.97386,407,0.05
2025-07-01,xgboost,vol_ratio,0.966826,407,0.05
2025-07-01,xgboost,ret_1m,0.964475,407,0.05
2025-07-01,xgboost,ret_1w,0.957529,407,0.05
2025-07-01,xgboost,ret_3m,0.927151,407,0.05
2025-07-01,xgboost,log_mktcap,0.909322,407,0.05
2025-08-01,xgboost,vol_1m,0.990301,407,0.05
2025-08-01,xgboost,ret_12m,0.984796,407,0.05
2025-08-01,xgboost,ret_1w,0.98015,407,0.05
2025-08-01,xgboost,amihud,0.972518,407,0.05
2025-08-01,xgboost,ret_1m,0.971157,407,0.05
2025-08-01,xgboost,ret_6m,0.969635,407,0.05
2025-08-01,xgboost,vol_3m,0.968625,407,0.05
2025-08-01,xgboost,vol_ratio,0.964379,407,0.05
2025-08-01,xgboost,ret_3m,0.924085,407,0.05
2025-08-01,xgboost,log_mktcap,0.887269,407,0.05
2025-09-01,xgboost,vol_3m,0.98599,407,0.05
2025-09-01,xgboost,vol_1m,0.982054,407,0.05
2025-09-01,xgboost,ret_12m,0.982043,407,0.05
2025-09-01,xgboost,amihud,0.973541,407,0.05
2025-09-01,xgboost,ret_6m,0.971991,407,0.05
2025-09-01,xgboost,ret_1w,0.968046,407,0.05
2025-09-01,xgboost,ret_1m,0.957979,407,0.05
2025-09-01,xgboost,ret_3m,0.939026,407,0.05
2025-09-01,xgboost,vol_ratio,0.920879,407,0.05
2025-09-01,xgboost,log_mktcap,0.871452,407,0.05
2025-10-01,xgboost,vol_1m,0.992216,407,0.05
2025-10-01,xgboost,ret_6m,0.983447,407,0.05
2025-10-01,xgboost,vol_3m,0.977838,407,0.05
2025-10-01,xgboost,amihud,0.970369,407,0.05
2025-10-01,xgboost,vol_ratio,0.966084,407,0.05
2025-10-01,xgboost,ret_12m,0.963265,407,0.05
2025-10-01,xgboost,ret_1w,0.959212,407,0.05
2025-10-01,xgboost,ret_3m,0.9426,407,0.05
2025-10-01,xgboost,ret_1m,0.924072,407,0.05
2025-10-01,xgboost,log_mktcap,0.85345,407,0.05
2025-11-03,xgboost,vol_1m,0.985266,407,0.05
2025-11-03,xgboost,ret_1w,0.976783,407,0.05
2025-11-03,xgboost,vol_3m,0.973834,407,0.05
2025-11-03,xgboost,ret_6m,0.971848,407,0.05
2025-11-03,xgboost,amihud,0.968045,407,0.05
2025-11-03,xgboost,ret_12m,0.963949,407,0.05
2025-11-03,xgboost,vol_ratio,0.956249,407,0.05
2025-11-03,xgboost,ret_1m,0.954257,407,0.05
2025-11-03,xgboost,ret_3m,0.910074,407,0.05
2025-11-03,xgboost,log_mktcap,0.820998,407,0.05
2025-12-01,xgboost,vol_1m,0.985996,407,0.05
2025-12-01,xgboost,ret_1w,0.974024,407,0.05
2025-12-01,xgboost,amihud,0.971765,407,0.05
2025-12-01,xgboost,vol_3m,0.963718,407,0.05
2025-12-01,xgboost,ret_12m,0.960032,407,0.05
2025-12-01,xgboost,ret_6m,0.959221,407,0.05
2025-12-01,xgboost,ret_1m,0.958851,407,0.05
2025-12-01,xgboost,vol_ratio,0.954399,407,0.05
2025-12-01,xgboost,ret_3m,0.889529,407,0.05
2025-12-01,xgboost,log_mktcap,0.81577,407,0.05
2023-01-02,mlp,amihud,0.965327,407,0.05
2023-01-02,mlp,vol_3m,0.964105,407,0.05
2023-01-02,mlp,ret_6m,0.959343,407,0.05
2023-01-02,mlp,vol_ratio,0.956832,407,0.05
2023-01-02,mlp,ret_12m,0.956431,407,0.05
2023-01-02,mlp,ret_1w,0.955247,407,0.05
2023-01-02,mlp,ret_3m,0.946757,407,0.05
2023-01-02,mlp,vol_1m,0.944568,407,0.05
2023-01-02,mlp,ret_1m,0.941871,407,0.05
2023-01-02,mlp,log_mktcap,0.908388,407,0.05
2023-02-01,mlp,ret_1m,0.955213,407,0.05
2023-02-01,mlp,amihud,0.952584,407,0.05
2023-02-01,mlp,vol_ratio,0.949062,407,0.05
2023-02-01,mlp,vol_3m,0.947952,407,0.05
2023-02-01,mlp,ret_3m,0.941479,407,0.05
2023-02-01,mlp,ret_1w,0.940363,407,0.05
2023-02-01,mlp,ret_6m,0.926818,407,0.05
2023-02-01,mlp,ret_12m,0.923012,407,0.05
2023-02-01,mlp,vol_1m,0.920289,407,0.05
2023-02-01,mlp,log_mktcap,0.87911,407,0.05
2023-03-01,mlp,ret_1m,0.961065,407,0.05
2023-03-01,mlp,vol_ratio,0.960336,407,0.05
2023-03-01,mlp,ret_6m,0.954669,407,0.05
2023-03-01,mlp,ret_3m,0.954406,407,0.05
2023-03-01,mlp,amihud,0.946852,407,0.05
2023-03-01,mlp,ret_12m,0.941838,407,0.05
2023-03-01,mlp,ret_1w,0.940997,407,0.05
2023-03-01,mlp,vol_1m,0.923444,407,0.05
2023-03-01,mlp,vol_3m,0.906086,407,0.05
2023-03-01,mlp,log_mktcap,0.879008,407,0.05
2023-04-03,mlp,amihud,0.976259,407,0.05
2023-04-03,mlp,ret_1w,0.972857,407,0.05
2023-04-03,mlp,ret_3m,0.965416,407,0.05
2023-04-03,mlp,vol_3m,0.956671,407,0.05
2023-04-03,mlp,ret_6m,0.955584,407,0.05
2023-04-03,mlp,ret_12m,0.95349,407,0.05
2023-04-03,mlp,ret_1m,0.94561,407,0.05
2023-04-03,mlp,vol_ratio,0.932388,407,0.05
2023-04-03,mlp,vol_1m,0.917597,407,0.05
2023-04-03,mlp,log_mktcap,0.861966,407,0.05
2023-05-01,mlp,ret_1w,0.964948,407,0.05
2023-05-01,mlp,ret_1m,0.962714,407,0.05
2023-05-01,mlp,ret_6m,0.962633,407,0.05
2023-05-01,mlp,amihud,0.962299,407,0.05
2023-05-01,mlp,ret_12m,0.957042,407,0.05
2023-05-01,mlp,ret_3m,0.953138,407,0.05
2023-05-01,mlp,vol_ratio,0.932088,407,0.05
2023-05-01,mlp,vol_3m,0.923371,407,0.05
2023-05-01,mlp,vol_1m,0.913338,407,0.05
2023-05-01,mlp,log_mktcap,0.897636,407,0.05
2023-06-01,mlp,ret_1m,0.968127,407,0.05
2023-06-01,mlp,ret_1w,0.963449,407,0.05
2023-06-01,mlp,amihud,0.962354,407,0.05
2023-06-01,mlp,ret_3m,0.962203,407,0.05
2023-06-01,mlp,vol_3m,0.958657,407,0.05
2023-06-01,mlp,vol_1m,0.943313,407,0.05
2023-06-01,mlp,vol_ratio,0.941513,407,0.05
2023-06-01,mlp,ret_6m,0.937482,407,0.05
2023-06-01,mlp,ret_12m,0.907127,407,0.05
2023-06-01,mlp,log_mktcap,0.903148,407,0.05
2023-07-03,mlp,amihud,0.966403,407,0.05
2023-07-03,mlp,ret_6m,0.962355,407,0.05
2023-07-03,mlp,ret_3m,0.958134,407,0.05
2023-07-03,mlp,vol_ratio,0.952491,407,0.05
2023-07-03,mlp,ret_12m,0.952001,407,0.05
2023-07-03,mlp,ret_1m,0.949905,407,0.05
2023-07-03,mlp,ret_1w,0.948435,407,0.05
2023-07-03,mlp,vol_3m,0.934306,407,0.05
2023-07-03,mlp,log_mktcap,0.9244,407,0.05
2023-07-03,mlp,vol_1m,0.912838,407,0.05
2023-08-01,mlp,ret_6m,0.96926,407,0.05
2023-08-01,mlp,ret_12m,0.961768,407,0.05
2023-08-01,mlp,vol_ratio,0.95752,407,0.05
2023-08-01,mlp,ret_1w,0.954136,407,0.05
2023-08-01,mlp,ret_1m,0.948133,407,0.05
2023-08-01,mlp,amihud,0.945473,407,0.05
2023-08-01,mlp,ret_3m,0.945055,407,0.05
2023-08-01,mlp,vol_1m,0.933889,407,0.05
2023-08-01,mlp,vol_3m,0.928946,407,0.05
2023-08-01,mlp,log_mktcap,0.927588,407,0.05
2023-09-01,mlp,ret_12m,0.975597,407,0.05
2023-09-01,mlp,vol_ratio,0.949809,407,0.05
2023-09-01,mlp,ret_1w,0.949805,407,0.05
2023-09-01,mlp,amihud,0.946221,407,0.05
2023-09-01,mlp,vol_1m,0.943502,407,0.05
2023-09-01,mlp,ret_3m,0.937382,407,0.05
2023-09-01,mlp,ret_1m,0.93713,407,0.05
2023-09-01,mlp,vol_3m,0.934176,407,0.05
2023-09-01,mlp,log_mktcap,0.929428,407,0.05
2023-09-01,mlp,ret_6m,0.916732,407,0.05
2023-10-02,mlp,vol_3m,0.964793,407,0.05
2023-10-02,mlp,ret_1w,0.95078,407,0.05
2023-10-02,mlp,ret_1m,0.947601,407,0.05
2023-10-02,mlp,vol_1m,0.946541,407,0.05
2023-10-02,mlp,ret_6m,0.938036,407,0.05
2023-10-02,mlp,amihud,0.93366,407,0.05
2023-10-02,mlp,ret_12m,0.929953,407,0.05
2023-10-02,mlp,log_mktcap,0.921862,407,0.05
2023-10-02,mlp,vol_ratio,0.913378,407,0.05
2023-10-02,mlp,ret_3m,0.902992,407,0.05
2023-11-01,mlp,ret_1w,0.962647,407,0.05
2023-11-01,mlp,ret_1m,0.961652,407,0.05
2023-11-01,mlp,ret_12m,0.96035,407,0.05
2023-11-01,mlp,ret_6m,0.957973,407,0.05
2023-11-01,mlp,vol_ratio,0.954814,407,0.05
2023-11-01,mlp,vol_3m,0.943807,407,0.05
2023-11-01,mlp,amihud,0.934755,407,0.05
2023-11-01,mlp,vol_1m,0.920413,407,0.05
2023-11-01,mlp,log_mktcap,0.919085,407,0.05
2023-11-01,mlp,ret_3m,0.918767,407,0.05
2023-12-01,mlp,ret_1m,0.954519,407,0.05
2023-12-01,mlp,log_mktcap,0.948017,407,0.05
2023-12-01,mlp,vol_3m,0.945564,407,0.05
2023-12-01,mlp,ret_1w,0.942224,407,0.05
2023-12-01,mlp,ret_3m,0.938161,407,0.05
2023-12-01,mlp,ret_12m,0.93693,407,0.05
2023-12-01,mlp,vol_ratio,0.935062,407,0.05
2023-12-01,mlp,amihud,0.93008,407,0.05
2023-12-01,mlp,vol_1m,0.916349,407,0.05
2023-12-01,mlp,ret_6m,0.89266,407,0.05
2024-01-01,mlp,amihud,0.965098,407,0.05
2024-01-01,mlp,ret_1w,0.96378,407,0.05
2024-01-01,mlp,vol_ratio,0.954344,407,0.05
2024-01-01,mlp,ret_1m,0.946536,407,0.05
2024-01-01,mlp,ret_12m,0.93155,407,0.05
2024-01-01,mlp,ret_6m,0.93089,407,0.05
2024-01-01,mlp,vol_3m,0.929989,407,0.05
2024-01-01,mlp,ret_3m,0.92464,407,0.05
2024-01-01,mlp,vol_1m,0.917617,407,0.05
2024-01-01,mlp,log_mktcap,0.894712,407,0.05
2024-02-01,mlp,vol_ratio,0.968515,407,0.05
2024-02-01,mlp,ret_6m,0.963784,407,0.05
2024-02-01,mlp,ret_1w,0.962762,407,0.05
2024-02-01,mlp,amihud,0.959175,407,0.05
2024-02-01,mlp,vol_3m,0.934354,407,0.05
2024-02-01,mlp,ret_1m,0.930072,407,0.05
2024-02-01,mlp,vol_1m,0.927831,407,0.05
2024-02-01,mlp,ret_12m,0.927613,407,0.05
2024-02-01,mlp,ret_3m,0.920415,407,0.05
2024-02-01,mlp,log_mktcap,0.877001,407,0.05
2024-03-01,mlp,amihud,0.973154,407,0.05
2024-03-01,mlp,ret_3m,0.96094,407,0.05
2024-03-01,mlp,ret_12m,0.958594,407,0.05
2024-03-01,mlp,ret_1m,0.949248,407,0.05
2024-03-01,mlp,vol_ratio,0.945187,407,0.05
2024-03-01,mlp,ret_6m,0.939017,407,0.05
2024-03-01,mlp,ret_1w,0.929978,407,0.05
2024-03-01,mlp,vol_1m,0.929336,407,0.05
2024-03-01,mlp,log_mktcap,0.920372,407,0.05
2024-03-01,mlp,vol_3m,0.904431,407,0.05
2024-04-01,mlp,vol_ratio,0.960569,407,0.05
2024-04-01,mlp,ret_12m,0.959676,407,0.05
2024-04-01,mlp,log_mktcap,0.946993,407,0.05
2024-04-01,mlp,ret_6m,0.942719,407,0.05
2024-04-01,mlp,ret_1w,0.935853,407,0.05
2024-04-01,mlp,ret_3m,0.934051,407,0.05
2024-04-01,mlp,amihud,0.928551,407,0.05
2024-04-01,mlp,vol_3m,0.927656,407,0.05
2024-04-01,mlp,ret_1m,0.926145,407,0.05
2024-04-01,mlp,vol_1m,0.893567,407,0.05
2024-05-01,mlp,ret_3m,0.949967,407,0.05
2024-05-01,mlp,vol_ratio,0.948444,407,0.05
2024-05-01,mlp,vol_1m,0.943683,407,0.05
2024-05-01,mlp,ret_1m,0.940622,407,0.05
2024-05-01,mlp,amihud,0.93004,407,0.05
2024-05-01,mlp,log_mktcap,0.928122,407,0.05
2024-05-01,mlp,ret_12m,0.927117,407,0.05
2024-05-01,mlp,ret_1w,0.924142,407,0.05
2024-05-01,mlp,vol_3m,0.917688,407,0.05
2024-05-01,mlp,ret_6m,0.894951,407,0.05
2024-06-03,mlp,ret_1m,0.950228,407,0.05
2024-06-03,mlp,amihud,0.949192,407,0.05
2024-06-03,mlp,ret_6m,0.939798,407,0.05
2024-06-03,mlp,ret_3m,0.93699,407,0.05
2024-06-03,mlp,ret_1w,0.935296,407,0.05
2024-06-03,mlp,vol_1m,0.933747,407,0.05
2024-06-03,mlp,vol_3m,0.926912,407,0.05
2024-06-03,mlp,vol_ratio,0.921362,407,0.05
2024-06-03,mlp,ret_12m,0.911553,407,0.05
2024-06-03,mlp,log_mktcap,0.902533,407,0.05
2024-07-01,mlp,ret_12m,0.975281,407,0.05
2024-07-01,mlp,amihud,0.947917,407,0.05
2024-07-01,mlp,ret_1w,0.94132,407,0.05
2024-07-01,mlp,ret_6m,0.940588,407,0.05
2024-07-01,mlp,ret_1m,0.932901,407,0.05
2024-07-01,mlp,vol_3m,0.922009,407,0.05
2024-07-01,mlp,vol_1m,0.918605,407,0.05
2024-07-01,mlp,vol_ratio,0.917293,407,0.05
2024-07-01,mlp,ret_3m,0.910225,407,0.05
2024-07-01,mlp,log_mktcap,0.896871,407,0.05
2024-08-01,mlp,ret_1m,0.966153,407,0.05
2024-08-01,mlp,amihud,0.959842,407,0.05
2024-08-01,mlp,ret_12m,0.959485,407,0.05
2024-08-01,mlp,vol_3m,0.945758,407,0.05
2024-08-01,mlp,ret_3m,0.935804,407,0.05
2024-08-01,mlp,ret_1w,0.933393,407,0.05
2024-08-01,mlp,vol_ratio,0.929923,407,0.05
2024-08-01,mlp,ret_6m,0.926141,407,0.05
2024-08-01,mlp,vol_1m,0.910571,407,0.05
2024-08-01,mlp,log_mktcap,0.894957,407,0.05
2024-09-02,mlp,ret_1m,0.958519,407,0.05
2024-09-02,mlp,ret_3m,0.942144,407,0.05
2024-09-02,mlp,vol_3m,0.940003,407,0.05
2024-09-02,mlp,ret_12m,0.939595,407,0.05
2024-09-02,mlp,vol_ratio,0.937491,407,0.05
2024-09-02,mlp,ret_6m,0.935832,407,0.05
2024-09-02,mlp,ret_1w,0.93167,407,0.05
2024-09-02,mlp,amihud,0.92466,407,0.05
2024-09-02,mlp,log_mktcap,0.920606,407,0.05
2024-09-02,mlp,vol_1m,0.910968,407,0.05
2024-10-01,mlp,vol_ratio,0.962557,407,0.05
2024-10-01,mlp,ret_1w,0.953418,407,0.05
2024-10-01,mlp,ret_6m,0.950769,407,0.05
2024-10-01,mlp,ret_12m,0.94634,407,0.05
2024-10-01,mlp,vol_1m,0.943846,407,0.05
2024-10-01,mlp,vol_3m,0.943532,407,0.05
2024-10-01,mlp,amihud,0.940677,407,0.05
2024-10-01,mlp,ret_3m,0.935242,407,0.05
2024-10-01,mlp,log_mktcap,0.933238,407,0.05
2024-10-01,mlp,ret_1m,0.923361,407,0.05
2024-11-01,mlp,ret_1w,0.967234,407,0.05
2024-11-01,mlp,ret_3m,0.959314,407,0.05
2024-11-01,mlp,ret_1m,0.95907,407,0.05
2024-11-01,mlp,vol_3m,0.957523,407,0.05
2024-11-01,mlp,vol_1m,0.957519,407,0.05
2024-11-01,mlp,amihud,0.956667,407,0.05
2024-11-01,mlp,ret_6m,0.956576,407,0.05
2024-11-01,mlp,ret_12m,0.956093,407,0.05
2024-11-01,mlp,log_mktcap,0.94267,407,0.05
2024-11-01,mlp,vol_ratio,0.90192,407,0.05
2024-12-02,mlp,vol_ratio,0.962045,407,0.05
2024-12-02,mlp,ret_12m,0.959056,407,0.05
2024-12-02,mlp,ret_1m,0.959018,407,0.05
2024-12-02,mlp,ret_6m,0.948524,407,0.05
2024-12-02,mlp,ret_1w,0.945963,407,0.05
2024-12-02,mlp,amihud,0.942176,407,0.05
2024-12-02,mlp,ret_3m,0.931035,407,0.05
2024-12-02,mlp,vol_3m,0.904639,407,0.05
2024-12-02,mlp,vol_1m,0.895399,407,0.05
2024-12-02,mlp,log_mktcap,0.888347,407,0.05
2025-01-01,mlp,ret_6m,0.958519,407,0.05
2025-01-01,mlp,ret_1m,0.956406,407,0.05
2025-01-01,mlp,amihud,0.945591,407,0.05
2025-01-01,mlp,ret_12m,0.941026,407,0.05
2025-01-01,mlp,ret_3m,0.927166,407,0.05
2025-01-01,mlp,vol_ratio,0.927061,407,0.05
2025-01-01,mlp,ret_1w,0.923567,407,0.05
2025-01-01,mlp,vol_3m,0.912592,407,0.05
2025-01-01,mlp,vol_1m,0.900788,407,0.05
2025-01-01,mlp,log_mktcap,0.898075,407,0.05
2025-02-03,mlp,ret_1m,0.961322,407,0.05
2025-02-03,mlp,log_mktcap,0.956553,407,0.05
2025-02-03,mlp,amihud,0.948498,407,0.05
2025-02-03,mlp,ret_12m,0.947601,407,0.05
2025-02-03,mlp,vol_1m,0.941049,407,0.05
2025-02-03,mlp,ret_3m,0.938991,407,0.05
2025-02-03,mlp,ret_6m,0.933746,407,0.05
2025-02-03,mlp,ret_1w,0.923269,407,0.05
2025-02-03,mlp,vol_ratio,0.907168,407,0.05
2025-02-03,mlp,vol_3m,0.906898,407,0.05
2025-03-03,mlp,ret_3m,0.958495,407,0.05
2025-03-03,mlp,log_mktcap,0.949806,407,0.05
2025-03-03,mlp,vol_ratio,0.945228,407,0.05
2025-03-03,mlp,ret_1w,0.93759,407,0.05
2025-03-03,mlp,ret_6m,0.935324,407,0.05
2025-03-03,mlp,ret_12m,0.932866,407,0.05
2025-03-03,mlp,ret_1m,0.930468,407,0.05
2025-03-03,mlp,vol_3m,0.927808,407,0.05
2025-03-03,mlp,amihud,0.926328,407,0.05
2025-03-03,mlp,vol_1m,0.887048,407,0.05
2025-04-01,mlp,ret_3m,0.956546,407,0.05
2025-04-01,mlp,ret_6m,0.954059,407,0.05
2025-04-01,mlp,log_mktcap,0.948753,407,0.05
2025-04-01,mlp,amihud,0.94146,407,0.05
2025-04-01,mlp,vol_ratio,0.941185,407,0.05
2025-04-01,mlp,ret_12m,0.940856,407,0.05
2025-04-01,mlp,ret_1m,0.928835,407,0.05
2025-04-01,mlp,vol_3m,0.925199,407,0.05
2025-04-01,mlp,ret_1w,0.919049,407,0.05
2025-04-01,mlp,vol_1m,0.918058,407,0.05
2025-05-01,mlp,ret_1m,0.967161,407,0.05
2025-05-01,mlp,vol_ratio,0.962791,407,0.05
2025-05-01,mlp,ret_1w,0.957176,407,0.05
2025-05-01,mlp,amihud,0.945918,407,0.05
2025-05-01,mlp,ret_12m,0.945486,407,0.05
2025-05-01,mlp,ret_6m,0.939054,407,0.05
2025-05-01,mlp,log_mktcap,0.934052,407,0.05
2025-05-01,mlp,ret_3m,0.924311,407,0.05
2025-05-01,mlp,vol_3m,0.917101,407,0.05
2025-05-01,mlp,vol_1m,0.902163,407,0.05
2025-06-02,mlp,ret_12m,0.966041,407,0.05
2025-06-02,mlp,vol_ratio,0.958031,407,0.05
2025-06-02,mlp,log_mktcap,0.950485,407,0.05
2025-06-02,mlp,ret_6m,0.939391,407,0.05
2025-06-02,mlp,vol_3m,0.93617,407,0.05
2025-06-02,mlp,ret_1m,0.93017,407,0.05
2025-06-02,mlp,amihud,0.926453,407,0.05
2025-06-02,mlp,ret_3m,0.920157,407,0.05
2025-06-02,mlp,ret_1w,0.905215,407,0.05
2025-06-02,mlp,vol_1m,0.893988,407,0.05
2025-07-01,mlp,ret_1m,0.96938,407,0.05
2025-07-01,mlp,amihud,0.959798,407,0.05
2025-07-01,mlp,vol_ratio,0.953236,407,0.05
2025-07-01,mlp,ret_12m,0.947874,407,0.05
2025-07-01,mlp,log_mktcap,0.944495,407,0.05
2025-07-01,mlp,ret_3m,0.935476,407,0.05
2025-07-01,mlp,vol_1m,0.933941,407,0.05
2025-07-01,mlp,ret_6m,0.933767,407,0.05
2025-07-01,mlp,ret_1w,0.931603,407,0.05
2025-07-01,mlp,vol_3m,0.920934,407,0.05
2025-08-01,mlp,ret_1m,0.975503,407,0.05
2025-08-01,mlp,amihud,0.956008,407,0.05
2025-08-01,mlp,vol_3m,0.951593,407,0.05
2025-08-01,mlp,ret_3m,0.946975,407,0.05
2025-08-01,mlp,ret_1w,0.944591,407,0.05
2025-08-01,mlp,log_mktcap,0.943024,407,0.05
2025-08-01,mlp,ret_12m,0.940563,407,0.05
2025-08-01,mlp,ret_6m,0.938019,407,0.05
2025-08-01,mlp,vol_ratio,0.93543,407,0.05
2025-08-01,mlp,vol_1m,0.910239,407,0.05
2025-09-01,mlp,ret_6m,0.971371,407,0.05
2025-09-01,mlp,ret_1w,0.960548,407,0.05
2025-09-01,mlp,ret_3m,0.947518,407,0.05
2025-09-01,mlp,log_mktcap,0.942398,407,0.05
2025-09-01,mlp,ret_12m,0.938936,407,0.05
2025-09-01,mlp,vol_3m,0.937121,407,0.05
2025-09-01,mlp,amihud,0.920491,407,0.05
2025-09-01,mlp,vol_1m,0.917665,407,0.05
2025-09-01,mlp,vol_ratio,0.915297,407,0.05
2025-09-01,mlp,ret_1m,0.909759,407,0.05
2025-10-01,mlp,amihud,0.954441,407,0.05
2025-10-01,mlp,ret_12m,0.945316,407,0.05
2025-10-01,mlp,ret_1w,0.941874,407,0.05
2025-10-01,mlp,vol_1m,0.933878,407,0.05
2025-10-01,mlp,ret_6m,0.930181,407,0.05
2025-10-01,mlp,ret_1m,0.926133,407,0.05
2025-10-01,mlp,vol_ratio,0.925348,407,0.05
2025-10-01,mlp,log_mktcap,0.920238,407,0.05
2025-10-01,mlp,vol_3m,0.919504,407,0.05
2025-10-01,mlp,ret_3m,0.910205,407,0.05
2025-11-03,mlp,amihud,0.966377,407,0.05
2025-11-03,mlp,ret_1m,0.958585,407,0.05
2025-11-03,mlp,log_mktcap,0.951333,407,0.05
2025-11-03,mlp,vol_3m,0.943695,407,0.05
2025-11-03,mlp,ret_1w,0.943374,407,0.05
2025-11-03,mlp,ret_3m,0.935115,407,0.05
2025-11-03,mlp,vol_1m,0.93226,407,0.05
2025-11-03,mlp,vol_ratio,0.922228,407,0.05
2025-11-03,mlp,ret_12m,0.910279,407,0.05
2025-11-03,mlp,ret_6m,0.910055,407,0.05
2025-12-01,mlp,ret_6m,0.955592,407,0.05
2025-12-01,mlp,ret_1w,0.950062,407,0.05
2025-12-01,mlp,vol_3m,0.945022,407,0.05
2025-12-01,mlp,ret_1m,0.937893,407,0.05
2025-12-01,mlp,amihud,0.937469,407,0.05
2025-12-01,mlp,vol_ratio,0.934881,407,0.05
2025-12-01,mlp,log_mktcap,0.920729,407,0.05
2025-12-01,mlp,ret_12m,0.91232,407,0.05
2025-12-01,mlp,vol_1m,0.905115,407,0.05
2025-12-01,mlp,ret_3m,0.899854,407,0.05
