date,model,k_removed,n_removed_segments,fraction_data_removed,RGA,random_RGA,n_assets_full,n_assets_remaining
2023-01-02,ridge,0,0,0.0,0.708823,0.48578,407,407
2023-01-02,ridge,1,1,0.1,0.65803,0.492026,407,366
2023-01-02,ridge,2,2,0.2,0.6501,0.480066,407,325
2023-01-02,ridge,3,3,0.3,0.635261,0.48701,407,284
2023-01-02,ridge,4,4,0.4,0.636651,0.483777,407,243
2023-01-02,ridge,5,5,0.5,0.654456,0.491872,407,202
2023-01-02,ridge,6,6,0.6,0.608441,0.4995,407,161
2023-01-02,ridge,7,7,0.7,0.656081,0.53159,407,120
2023-01-02,ridge,8,8,0.8,0.621207,0.545407,407,80
2023-01-02,ridge,9,9,0.9,0.616494,0.498906,407,40
2023-01-02,ridge,10,10,1.0,0.0,0.0,407,0
2023-02-01,ridge,0,0,0.0,0.509831,0.521715,407,407
2023-02-01,ridge,1,1,0.1,0.521771,0.517604,407,366
2023-02-01,ridge,2,2,0.2,0.500744,0.523786,407,325
2023-02-01,ridge,3,3,0.3,0.509213,0.530527,407,284
2023-02-01,ridge,4,4,0.4,0.486336,0.529002,407,243
2023-02-01,ridge,5,5,0.5,0.472529,0.522333,407,202
2023-02-01,ridge,6,6,0.6,0.507068,0.521703,407,161
2023-02-01,ridge,7,7,0.7,0.537036,0.514135,407,120
2023-02-01,ridge,8,8,0.8,0.63394,0.53217,407,80
2023-02-01,ridge,9,9,0.9,0.536298,0.600489,407,40
2023-02-01,ridge,10,10,1.0,0.0,0.0,407,0
2023-03-01,ridge,0,0,0.0,0.402875,0.520544,407,407
2023-03-01,ridge,1,1,0.1,0.418792,0.502572,407,366
2023-03-01,ridge,2,2,0.2,0.419532,0.489194,407,325
2023-03-01,ridge,3,3,0.3,0.399912,0.46551,407,284
2023-03-01,ridge,4,4,0.4,0.394741,0.452113,407,243
2023-03-01,ridge,5,5,0.5,0.416252,0.464782,407,202
2023-03-01,ridge,6,6,0.6,0.454739,0.450051,407,161
2023-03-01,ridge,7,7,0.7,0.462049,0.483234,407,120
2023-03-01,ridge,8,8,0.8,0.405761,0.532211,407,80
2023-03-01,ridge,9,9,0.9,0.394644,0.535502,407,40
2023-03-01,ridge,10,10,1.0,0.0,0.0,407,0
2023-04-03,ridge,0,0,0.0,0.502895,0.500656,407,407
2023-04-03,ridge,1,1,0.1,0.499641,0.522763,407,366
2023-04-03,ridge,2,2,0.2,0.509006,0.522287,407,325
2023-04-03,ridge,3,3,0.3,0.529498,0.520179,407,284
2023-04-03,ridge,4,4,0.4,0.53058,0.530248,407,243
2023-04-03,ridge,5,5,0.5,0.542401,0.517,407,202
2023-04-03,ridge,6,6,0.6,0.479932,0.509018,407,161
2023-04-03,ridge,7,7,0.7,0.446039,0.533427,407,120
2023-04-03,ridge,8,8,0.8,0.453923,0.543171,407,80
2023-04-03,ridge,9,9,0.9,0.374207,0.543633,407,40
2023-04-03,ridge,10,10,1.0,0.0,0.0,407,0
2023-05-01,ridge,0,0,0.0,0.521338,0.525373,407,407
2023-05-01,ridge,1,1,0.1,0.513915,0.524253,407,366
2023-05-01,ridge,2,2,0.2,0.508865,0.521391,407,325
2023-05-01,ridge,3,3,0.3,0.548538,0.519351,407,284
2023-05-01,ridge,4,4,0.4,0.564101,0.535032,407,243
2023-05-01,ridge,5,5,0.5,0.526088,0.549768,407,202
2023-05-01,ridge,6,6,0.6,0.497063,0.552312,407,161
2023-05-01,ridge,7,7,0.7,0.478807,0.506968,407,120
2023-05-01,ridge,8,8,0.8,0.495123,0.446084,407,80
2023-05-01,ridge,9,9,0.9,0.529888,0.453842,407,40
2023-05-01,ridge,10,10,1.0,0.0,0.0,407,0
2023-06-01,ridge,0,0,0.0,0.550416,0.500221,407,407
2023-06-01,ridge,1,1,0.1,0.5279,0.508463,407,366
2023-06-01,ridge,2,2,0.2,0.554415,0.518683,407,325
2023-06-01,ridge,3,3,0.3,0.565203,0.507059,407,284
2023-06-01,ridge,4,4,0.4,0.547533,0.526102,407,243
2023-06-01,ridge,5,5,0.5,0.561573,0.536895,407,202
2023-06-01,ridge,6,6,0.6,0.523922,0.536359,407,161
2023-06-01,ridge,7,7,0.7,0.511736,0.545941,407,120
2023-06-01,ridge,8,8,0.8,0.510474,0.588913,407,80
2023-06-01,ridge,9,9,0.9,0.338825,0.555387,407,40
2023-06-01,ridge,10,10,1.0,0.0,0.0,407,0
2023-07-03,ridge,0,0,0.0,0.510888,0.479475,407,407
2023-07-03,ridge,1,1,0.1,0.491281,0.487836,407,366
2023-07-03,ridge,2,2,0.2,0.485373,0.50555,407,325
2023-07-03,ridge,3,3,0.3,0.479416,0.511892,407,284
2023-07-03,ridge,4,4,0.4,0.448347,0.528655,407,243
2023-07-03,ridge,5,5,0.5,0.445925,0.528507,407,202
2023-07-03,ridge,6,6,0.6,0.436257,0.505406,407,161
2023-07-03,ridge,7,7,0.7,0.469778,0.538449,407,120
2023-07-03,ridge,8,8,0.8,0.440495,0.475686,407,80
2023-07-03,ridge,9,9,0.9,0.41034,0.530495,407,40
2023-07-03,ridge,10,10,1.0,0.0,0.0,407,0
2023-08-01,ridge,0,0,0.0,0.490115,0.508367,407,407
2023-08-01,ridge,1,1,0.1,0.467834,0.502907,407,366
2023-08-01,ridge,2,2,0.2,0.486709,0.514748,407,325
2023-08-01,ridge,3,3,0.3,0.488349,0.520136,407,284
2023-08-01,ridge,4,4,0.4,0.493808,0.523799,407,243
2023-08-01,ridge,5,5,0.5,0.522551,0.508068,407,202
2023-08-01,ridge,6,6,0.6,0.503887,0.525258,407,161
2023-08-01,ridge,7,7,0.7,0.517831,0.512131,407,120
2023-08-01,ridge,8,8,0.8,0.646898,0.5336,407,80
2023-08-01,ridge,9,9,0.9,0.639189,0.50962,407,40
2023-08-01,ridge,10,10,1.0,0.0,0.0,407,0
2023-09-01,ridge,0,0,0.0,0.46086,0.469367,407,407
2023-09-01,ridge,1,1,0.1,0.473641,0.473289,407,366
2023-09-01,ridge,2,2,0.2,0.464487,0.478122,407,325
2023-09-01,ridge,3,3,0.3,0.474134,0.488638,407,284
2023-09-01,ridge,4,4,0.4,0.490625,0.507151,407,243
2023-09-01,ridge,5,5,0.5,0.536489,0.511992,407,202
2023-09-01,ridge,6,6,0.6,0.493287,0.512323,407,161
2023-09-01,ridge,7,7,0.7,0.463186,0.495664,407,120
2023-09-01,ridge,8,8,0.8,0.47968,0.524453,407,80
2023-09-01,ridge,9,9,0.9,0.381946,0.578316,407,40
2023-09-01,ridge,10,10,1.0,0.0,0.0,407,0
2023-10-02,ridge,0,0,0.0,0.407,0.494544,407,407
2023-10-02,ridge,1,1,0.1,0.442186,0.50528,407,366
2023-10-02,ridge,2,2,0.2,0.452855,0.50635,407,325
2023-10-02,ridge,3,3,0.3,0.438633,0.509099,407,284
2023-10-02,ridge,4,4,0.4,0.456183,0.514617,407,243
2023-10-02,ridge,5,5,0.5,0.5092,0.503745,407,202
2023-10-02,ridge,6,6,0.6,0.529694,0.500785,407,161
2023-10-02,ridge,7,7,0.7,0.509315,0.505794,407,120
2023-10-02,ridge,8,8,0.8,0.482355,0.494922,407,80
2023-10-02,ridge,9,9,0.9,0.557994,0.438192,407,40
2023-10-02,ridge,10,10,1.0,0.0,0.0,407,0
2023-11-01,ridge,0,0,0.0,0.60621,0.515716,407,407
2023-11-01,ridge,1,1,0.1,0.566673,0.522175,407,366
2023-11-01,ridge,2,2,0.2,0.56455,0.538444,407,325
2023-11-01,ridge,3,3,0.3,0.585004,0.54344,407,284
2023-11-01,ridge,4,4,0.4,0.559041,0.570203,407,243
2023-11-01,ridge,5,5,0.5,0.589116,0.573705,407,202
2023-11-01,ridge,6,6,0.6,0.499657,0.581343,407,161
2023-11-01,ridge,7,7,0.7,0.535357,0.59618,407,120
2023-11-01,ridge,8,8,0.8,0.520786,0.585123,407,80
2023-11-01,ridge,9,9,0.9,0.498878,0.651917,407,40
2023-11-01,ridge,10,10,1.0,0.0,0.0,407,0
2023-12-01,ridge,0,0,0.0,0.457778,0.520261,407,407
2023-12-01,ridge,1,1,0.1,0.46796,0.517865,407,366
2023-12-01,ridge,2,2,0.2,0.469202,0.525827,407,325
2023-12-01,ridge,3,3,0.3,0.44854,0.526206,407,284
2023-12-01,ridge,4,4,0.4,0.430579,0.533271,407,243
2023-12-01,ridge,5,5,0.5,0.445422,0.537181,407,202
2023-12-01,ridge,6,6,0.6,0.421582,0.522916,407,161
2023-12-01,ridge,7,7,0.7,0.444234,0.547233,407,120
2023-12-01,ridge,8,8,0.8,0.454573,0.56798,407,80
2023-12-01,ridge,9,9,0.9,0.488448,0.588742,407,40
2023-12-01,ridge,10,10,1.0,0.0,0.0,407,0
2024-01-01,ridge,0,0,0.0,0.446699,0.452497,407,407
2024-01-01,ridge,1,1,0.1,0.425038,0.448895,407,366
2024-01-01,ridge,2,2,0.2,0.427289,0.458258,407,325
2024-01-01,ridge,3,3,0.3,0.427056,0.454882,407,284
2024-01-01,ridge,4,4,0.4,0.416951,0.455921,407,243
2024-01-01,ridge,5,5,0.5,0.455973,0.462234,407,202
2024-01-01,ridge,6,6,0.6,0.428924,0.447138,407,161
2024-01-01,ridge,7,7,0.7,0.450183,0.432479,407,120
2024-01-01,ridge,8,8,0.8,0.510011,0.452882,407,80
2024-01-01,ridge,9,9,0.9,0.566172,0.540581,407,40
2024-01-01,ridge,10,10,1.0,0.0,0.0,407,0
2024-02-01,ridge,0,0,0.0,0.44763,0.50227,407,407
2024-02-01,ridge,1,1,0.1,0.448475,0.526299,407,366
2024-02-01,ridge,2,2,0.2,0.448327,0.54882,407,325
2024-02-01,ridge,3,3,0.3,0.493568,0.554942,407,284
2024-02-01,ridge,4,4,0.4,0.482508,0.568464,407,243
2024-02-01,ridge,5,5,0.5,0.450405,0.577552,407,202
2024-02-01,ridge,6,6,0.6,0.464925,0.558026,407,161
2024-02-01,ridge,7,7,0.7,0.436381,0.548254,407,120
2024-02-01,ridge,8,8,0.8,0.383159,0.589166,407,80
2024-02-01,ridge,9,9,0.9,0.529639,0.515715,407,40
2024-02-01,ridge,10,10,1.0,0.0,0.0,407,0
2024-03-01,ridge,0,0,0.0,0.578813,0.519617,407,407
2024-03-01,ridge,1,1,0.1,0.580848,0.520162,407,366
2024-03-01,ridge,2,2,0.2,0.581985,0.505644,407,325
2024-03-01,ridge,3,3,0.3,0.590339,0.525767,407,284
2024-03-01,ridge,4,4,0.4,0.595943,0.507401,407,243
2024-03-01,ridge,5,5,0.5,0.648853,0.502744,407,202
2024-03-01,ridge,6,6,0.6,0.64154,0.514657,407,161
2024-03-01,ridge,7,7,0.7,0.580186,0.539337,407,120
2024-03-01,ridge,8,8,0.8,0.498684,0.564917,407,80
2024-03-01,ridge,9,9,0.9,0.361403,0.7276,407,40
2024-03-01,ridge,10,10,1.0,0.0,0.0,407,0
2024-04-01,ridge,0,0,0.0,0.488734,0.503387,407,407
2024-04-01,ridge,1,1,0.1,0.518998,0.514151,407,366
2024-04-01,ridge,2,2,0.2,0.530458,0.509124,407,325
2024-04-01,ridge,3,3,0.3,0.545314,0.489119,407,284
2024-04-01,ridge,4,4,0.4,0.532422,0.507797,407,243
2024-04-01,ridge,5,5,0.5,0.524842,0.526566,407,202
2024-04-01,ridge,6,6,0.6,0.509291,0.54484,407,161
2024-04-01,ridge,7,7,0.7,0.494244,0.551852,407,120
2024-04-01,ridge,8,8,0.8,0.453798,0.545798,407,80
2024-04-01,ridge,9,9,0.9,0.593392,0.413003,407,40
2024-04-01,ridge,10,10,1.0,0.0,0.0,407,0
2024-05-01,ridge,0,0,0.0,0.457457,0.519938,407,407
2024-05-01,ridge,1,1,0.1,0.447457,0.536011,407,366
2024-05-01,ridge,2,2,0.2,0.460035,0.53373,407,325
2024-05-01,ridge,3,3,0.3,0.463037,0.556156,407,284
2024-05-01,ridge,4,4,0.4,0.45294,0.557795,407,243
2024-05-01,ridge,5,5,0.5,0.448021,0.549386,407,202
2024-05-01,ridge,6,6,0.6,0.477706,0.581731,407,161
2024-05-01,ridge,7,7,0.7,0.470412,0.563983,407,120
2024-05-01,ridge,8,8,0.8,0.570234,0.599738,407,80
2024-05-01,ridge,9,9,0.9,0.591823,0.618127,407,40
2024-05-01,ridge,10,10,1.0,0.0,0.0,407,0
2024-06-03,ridge,0,0,0.0,0.403259,0.517778,407,407
2024-06-03,ridge,1,1,0.1,0.395266,0.51298,407,366
2024-06-03,ridge,2,2,0.2,0.378596,0.51452,407,325
2024-06-03,ridge,3,3,0.3,0.415154,0.524133,407,284
2024-06-03,ridge,4,4,0.4,0.426777,0.535588,407,243
2024-06-03,ridge,5,5,0.5,0.474519,0.557671,407,202
2024-06-03,ridge,6,6,0.6,0.488087,0.556023,407,161
2024-06-03,ridge,7,7,0.7,0.495098,0.586835,407,120
2024-06-03,ridge,8,8,0.8,0.379791,0.564936,407,80
2024-06-03,ridge,9,9,0.9,0.410456,0.517582,407,40
2024-06-03,ridge,10,10,1.0,0.0,0.0,407,0
2024-07-01,ridge,0,0,0.0,0.552855,0.511362,407,407
2024-07-01,ridge,1,1,0.1,0.554824,0.508263,407,366
2024-07-01,ridge,2,2,0.2,0.555172,0.503469,407,325
2024-07-01,ridge,3,3,0.3,0.569061,0.493793,407,284
2024-07-01,ridge,4,4,0.4,0.586379,0.492785,407,243
2024-07-01,ridge,5,5,0.5,0.548856,0.504994,407,202
2024-07-01,ridge,6,6,0.6,0.514502,0.495934,407,161
2024-07-01,ridge,7,7,0.7,0.489399,0.470382,407,120
2024-07-01,ridge,8,8,0.8,0.529385,0.491557,407,80
2024-07-01,ridge,9,9,0.9,0.427281,0.525543,407,40
2024-07-01,ridge,10,10,1.0,0.0,0.0,407,0
2024-08-01,ridge,0,0,0.0,0.447911,0.502159,407,407
2024-08-01,ridge,1,1,0.1,0.453992,0.499943,407,366
2024-08-01,ridge,2,2,0.2,0.469966,0.508648,407,325
2024-08-01,ridge,3,3,0.3,0.485929,0.493765,407,284
2024-08-01,ridge,4,4,0.4,0.457166,0.489291,407,243
2024-08-01,ridge,5,5,0.5,0.43809,0.509241,407,202
2024-08-01,ridge,6,6,0.6,0.453003,0.512172,407,161
2024-08-01,ridge,7,7,0.7,0.486879,0.51195,407,120
2024-08-01,ridge,8,8,0.8,0.562404,0.536741,407,80
2024-08-01,ridge,9,9,0.9,0.510397,0.491476,407,40
2024-08-01,ridge,10,10,1.0,0.0,0.0,407,0
2024-09-02,ridge,0,0,0.0,0.540336,0.521399,407,407
2024-09-02,ridge,1,1,0.1,0.535627,0.522402,407,366
2024-09-02,ridge,2,2,0.2,0.518933,0.523532,407,325
2024-09-02,ridge,3,3,0.3,0.498857,0.509885,407,284
2024-09-02,ridge,4,4,0.4,0.494116,0.516753,407,243
2024-09-02,ridge,5,5,0.5,0.47823,0.526096,407,202
2024-09-02,ridge,6,6,0.6,0.483629,0.529994,407,161
2024-09-02,ridge,7,7,0.7,0.461732,0.555342,407,120
2024-09-02,ridge,8,8,0.8,0.454651,0.554659,407,80
2024-09-02,ridge,9,9,0.9,0.503748,0.525109,407,40
2024-09-02,ridge,10,10,1.0,0.0,0.0,407,0
2024-10-01,ridge,0,0,0.0,0.473749,0.500263,407,407
2024-10-01,ridge,1,1,0.1,0.480783,0.50807,407,366
2024-10-01,ridge,2,2,0.2,0.493318,0.491556,407,325
2024-10-01,ridge,3,3,0.3,0.455467,0.490702,407,284
2024-10-01,ridge,4,4,0.4,0.457565,0.506626,407,243
2024-10-01,ridge,5,5,0.5,0.473166,0.519224,407,202
2024-10-01,ridge,6,6,0.6,0.501631,0.536199,407,161
2024-10-01,ridge,7,7,0.7,0.507346,0.537107,407,120
2024-10-01,ridge,8,8,0.8,0.540442,0.544494,407,80
2024-10-01,ridge,9,9,0.9,0.489656,0.591982,407,40
2024-10-01,ridge,10,10,1.0,0.0,0.0,407,0
2024-11-01,ridge,0,0,0.0,0.394148,0.518601,407,407
2024-11-01,ridge,1,1,0.1,0.41707,0.534542,407,366
2024-11-01,ridge,2,2,0.2,0.434829,0.507577,407,325
2024-11-01,ridge,3,3,0.3,0.440278,0.49279,407,284
2024-11-01,ridge,4,4,0.4,0.435238,0.496413,407,243
2024-11-01,ridge,5,5,0.5,0.438439,0.518812,407,202
2024-11-01,ridge,6,6,0.6,0.401024,0.529694,407,161
2024-11-01,ridge,7,7,0.7,0.350544,0.555655,407,120
2024-11-01,ridge,8,8,0.8,0.32613,0.494702,407,80
2024-11-01,ridge,9,9,0.9,0.371305,0.465683,407,40
2024-11-01,ridge,10,10,1.0,0.0,0.0,407,0
2024-12-02,ridge,0,0,0.0,0.485786,0.51198,407,407
2024-12-02,ridge,1,1,0.1,0.459479,0.521212,407,366
2024-12-02,ridge,2,2,0.2,0.461195,0.515903,407,325
2024-12-02,ridge,3,3,0.3,0.440298,0.515406,407,284
2024-12-02,ridge,4,4,0.4,0.438739,0.532115,407,243
2024-12-02,ridge,5,5,0.5,0.470015,0.51493,407,202
2024-12-02,ridge,6,6,0.6,0.458835,0.509182,407,161
2024-12-02,ridge,7,7,0.7,0.457845,0.543395,407,120
2024-12-02,ridge,8,8,0.8,0.503291,0.541515,407,80
2024-12-02,ridge,9,9,0.9,0.47473,0.524656,407,40
2024-12-02,ridge,10,10,1.0,0.0,0.0,407,0
2025-01-01,ridge,0,0,0.0,0.477216,0.513687,407,407
2025-01-01,ridge,1,1,0.1,0.473645,0.523529,407,366
2025-01-01,ridge,2,2,0.2,0.476467,0.515767,407,325
2025-01-01,ridge,3,3,0.3,0.466384,0.514563,407,284
2025-01-01,ridge,4,4,0.4,0.489301,0.5059,407,243
2025-01-01,ridge,5,5,0.5,0.528229,0.495675,407,202
2025-01-01,ridge,6,6,0.6,0.509585,0.492676,407,161
2025-01-01,ridge,7,7,0.7,0.4948,0.47876,407,120
2025-01-01,ridge,8,8,0.8,0.527476,0.461022,407,80
2025-01-01,ridge,9,9,0.9,0.610543,0.400319,407,40
2025-01-01,ridge,10,10,1.0,0.0,0.0,407,0
2025-02-03,ridge,0,0,0.0,0.462906,0.514238,407,407
2025-02-03,ridge,1,1,0.1,0.465475,0.500442,407,366
2025-02-03,ridge,2,2,0.2,0.469582,0.495049,407,325
2025-02-03,ridge,3,3,0.3,0.453465,0.502919,407,284
2025-02-03,ridge,4,4,0.4,0.447041,0.509972,407,243
2025-02-03,ridge,5,5,0.5,0.453086,0.501417,407,202
2025-02-03,ridge,6,6,0.6,0.473407,0.509647,407,161
2025-02-03,ridge,7,7,0.7,0.407958,0.499626,407,120
2025-02-03,ridge,8,8,0.8,0.365171,0.49555,407,80
2025-02-03,ridge,9,9,0.9,0.445733,0.565372,407,40
2025-02-03,ridge,10,10,1.0,0.0,0.0,407,0
2025-03-03,ridge,0,0,0.0,0.436632,0.532835,407,407
2025-03-03,ridge,1,1,0.1,0.459049,0.536238,407,366
2025-03-03,ridge,2,2,0.2,0.449493,0.524688,407,325
2025-03-03,ridge,3,3,0.3,0.424989,0.512387,407,284
2025-03-03,ridge,4,4,0.4,0.428669,0.525949,407,243
2025-03-03,ridge,5,5,0.5,0.461294,0.522647,407,202
2025-03-03,ridge,6,6,0.6,0.428339,0.50793,407,161
2025-03-03,ridge,7,7,0.7,0.397416,0.506303,407,120
2025-03-03,ridge,8,8,0.8,0.46557,0.530379,407,80
2025-03-03,ridge,9,9,0.9,0.465752,0.571925,407,40
2025-03-03,ridge,10,10,1.0,0.0,0.0,407,0
2025-04-01,ridge,0,0,0.0,0.461583,0.526186,407,407
2025-04-01,ridge,1,1,0.1,0.455754,0.525984,407,366
2025-04-01,ridge,2,2,0.2,0.45636,0.532898,407,325
2025-04-01,ridge,3,3,0.3,0.461449,0.548634,407,284
2025-04-01,ridge,4,4,0.4,0.482359,0.549642,407,243
2025-04-01,ridge,5,5,0.5,0.501727,0.560336,407,202
2025-04-01,ridge,6,6,0.6,0.498667,0.573466,407,161
2025-04-01,ridge,7,7,0.7,0.448502,0.525706,407,120
2025-04-01,ridge,8,8,0.8,0.488642,0.540923,407,80
2025-04-01,ridge,9,9,0.9,0.503805,0.51686,407,40
2025-04-01,ridge,10,10,1.0,0.0,0.0,407,0
2025-05-01,ridge,0,0,0.0,0.527583,0.486433,407,407
2025-05-01,ridge,1,1,0.1,0.499589,0.490138,407,366
2025-05-01,ridge,2,2,0.2,0.505993,0.494049,407,325
2025-05-01,ridge,3,3,0.3,0.482773,0.512485,407,284
2025-05-01,ridge,4,4,0.4,0.507481,0.486229,407,243
2025-05-01,ridge,5,5,0.5,0.495955,0.505646,407,202
2025-05-01,ridge,6,6,0.6,0.530879,0.50067,407,161
2025-05-01,ridge,7,7,0.7,0.508977,0.483427,407,120
2025-05-01,ridge,8,8,0.8,0.482815,0.527284,407,80
2025-05-01,ridge,9,9,0.9,0.597905,0.499532,407,40
2025-05-01,ridge,10,10,1.0,0.0,0.0,407,0
2025-06-02,ridge,0,0,0.0,0.477861,0.546104,407,407
2025-06-02,ridge,1,1,0.1,0.453707,0.541337,407,366
2025-06-02,ridge,2,2,0.2,0.436646,0.542907,407,325
2025-06-02,ridge,3,3,0.3,0.433372,0.552339,407,284
2025-06-02,ridge,4,4,0.4,0.453228,0.559477,407,243
2025-06-02,ridge,5,5,0.5,0.432614,0.537382,407,202
2025-06-02,ridge,6,6,0.6,0.369062,0.533463,407,161
2025-06-02,ridge,7,7,0.7,0.302565,0.520117,407,120
2025-06-02,ridge,8,8,0.8,0.287583,0.453797,407,80
2025-06-02,ridge,9,9,0.9,0.411852,0.584645,407,40
2025-06-02,ridge,10,10,1.0,0.0,0.0,407,0
2025-07-01,ridge,0,0,0.0,0.417234,0.512894,407,407
2025-07-01,ridge,1,1,0.1,0.423773,0.50558,407,366
2025-07-01,ridge,2,2,0.2,0.416104,0.515739,407,325
2025-07-01,ridge,3,3,0.3,0.409991,0.524175,407,284
2025-07-01,ridge,4,4,0.4,0.4043,0.524501,407,243
2025-07-01,ridge,5,5,0.5,0.418195,0.516831,407,202
2025-07-01,ridge,6,6,0.6,0.456769,0.543071,407,161
2025-07-01,ridge,7,7,0.7,0.421523,0.527435,407,120
2025-07-01,ridge,8,8,0.8,0.401246,0.560424,407,80
2025-07-01,ridge,9,9,0.9,0.374292,0.533626,407,40
2025-07-01,ridge,10,10,1.0,0.0,0.0,407,0
2025-08-01,ridge,0,0,0.0,0.538918,0.481963,407,407
2025-08-01,ridge,1,1,0.1,0.515565,0.468996,407,366
2025-08-01,ridge,2,2,0.2,0.510255,0.470479,407,325
2025-08-01,ridge,3,3,0.3,0.518439,0.474484,407,284
2025-08-01,ridge,4,4,0.4,0.518069,0.466466,407,243
2025-08-01,ridge,5,5,0.5,0.501464,0.457533,407,202
2025-08-01,ridge,6,6,0.6,0.471857,0.450962,407,161
2025-08-01,ridge,7,7,0.7,0.44811,0.431384,407,120
2025-08-01,ridge,8,8,0.8,0.435837,0.436905,407,80
2025-08-01,ridge,9,9,0.9,0.552375,0.462069,407,40
2025-08-01,ridge,10,10,1.0,0.0,0.0,407,0
2025-09-01,ridge,0,0,0.0,0.472143,0.489497,407,407
2025-09-01,ridge,1,1,0.1,0.481203,0.493109,407,366
2025-09-01,ridge,2,2,0.2,0.455256,0.490831,407,325
2025-09-01,ridge,3,3,0.3,0.499399,0.504103,407,284
2025-09-01,ridge,4,4,0.4,0.505754,0.504488,407,243
2025-09-01,ridge,5,5,0.5,0.499255,0.507659,407,202
2025-09-01,ridge,6,6,0.6,0.472117,0.511254,407,161
2025-09-01,ridge,7,7,0.7,0.433593,0.520568,407,120
2025-09-01,ridge,8,8,0.8,0.366838,0.525703,407,80
2025-09-01,ridge,9,9,0.9,0.297084,0.598486,407,40
2025-09-01,ridge,10,10,1.0,0.0,0.0,407,0
2025-10-01,ridge,0,0,0.0,0.488612,0.514459,407,407
2025-10-01,ridge,1,1,0.1,0.481123,0.515408,407,366
2025-10-01,ridge,2,2,0.2,0.476079,0.543181,407,325
2025-10-01,ridge,3,3,0.3,0.497145,0.542384,407,284
2025-10-01,ridge,4,4,0.4,0.525134,0.519645,407,243
2025-10-01,ridge,5,5,0.5,0.508652,0.510987,407,202
2025-10-01,ridge,6,6,0.6,0.505812,0.513348,407,161
2025-10-01,ridge,7,7,0.7,0.523444,0.48806,407,120
2025-10-01,ridge,8,8,0.8,0.491224,0.543686,407,80
2025-10-01,ridge,9,9,0.9,0.538247,0.574744,407,40
2025-10-01,ridge,10,10,1.0,0.0,0.0,407,0
2025-11-03,ridge,0,0,0.0,0.513209,0.472036,407,407
2025-11-03,ridge,1,1,0.1,0.508611,0.443079,407,366
2025-11-03,ridge,2,2,0.2,0.518286,0.432969,407,325
2025-11-03,ridge,3,3,0.3,0.538667,0.426176,407,284
2025-11-03,ridge,4,4,0.4,0.547891,0.447656,407,243
2025-11-03,ridge,5,5,0.5,0.563833,0.458469,407,202
2025-11-03,ridge,6,6,0.6,0.558554,0.449245,407,161
2025-11-03,ridge,7,7,0.7,0.490522,0.43794,407,120
2025-11-03,ridge,8,8,0.8,0.495552,0.464451,407,80
2025-11-03,ridge,9,9,0.9,0.451841,0.599333,407,40
2025-11-03,ridge,10,10,1.0,0.0,0.0,407,0
2025-12-01,ridge,0,0,0.0,0.533124,0.494509,407,407
2025-12-01,ridge,1,1,0.1,0.545298,0.504069,407,366
2025-12-01,ridge,2,2,0.2,0.563237,0.501525,407,325
2025-12-01,ridge,3,3,0.3,0.560883,0.497444,407,284
2025-12-01,ridge,4,4,0.4,0.547404,0.496139,407,243
2025-12-01,ridge,5,5,0.5,0.551098,0.497217,407,202
2025-12-01,ridge,6,6,0.6,0.5434,0.477996,407,161
2025-12-01,ridge,7,7,0.7,0.549199,0.500486,407,120
2025-12-01,ridge,8,8,0.8,0.527345,0.50091,407,80
2025-12-01,ridge,9,9,0.9,0.483616,0.517151,407,40
2025-12-01,ridge,10,10,1.0,0.0,0.0,407,0
2023-01-02,xgboost,0,0,0.0,0.695319,0.501909,407,407
2023-01-02,xgboost,1,1,0.1,0.654696,0.50481,407,366
2023-01-02,xgboost,2,2,0.2,0.696736,0.512339,407,325
2023-01-02,xgboost,3,3,0.3,0.680507,0.504204,407,284
2023-01-02,xgboost,4,4,0.4,0.697913,0.515538,407,243
2023-01-02,xgboost,5,5,0.5,0.696305,0.507198,407,202
2023-01-02,xgboost,6,6,0.6,0.718682,0.51671,407,161
2023-01-02,xgboost,7,7,0.7,0.737181,0.546021,407,120
2023-01-02,xgboost,8,8,0.8,0.636412,0.548695,407,80
2023-01-02,xgboost,9,9,0.9,0.57362,0.549827,407,40
2023-01-02,xgboost,10,10,1.0,0.0,0.0,407,0
2023-02-01,xgboost,0,0,0.0,0.496077,0.509649,407,407
2023-02-01,xgboost,1,1,0.1,0.49758,0.515934,407,366
2023-02-01,xgboost,2,2,0.2,0.502845,0.518183,407,325
2023-02-01,xgboost,3,3,0.3,0.516983,0.523979,407,284
2023-02-01,xgboost,4,4,0.4,0.545204,0.516114,407,243
2023-02-01,xgboost,5,5,0.5,0.489063,0.514695,407,202
2023-02-01,xgboost,6,6,0.6,0.482099,0.521102,407,161
2023-02-01,xgboost,7,7,0.7,0.460751,0.537229,407,120
2023-02-01,xgboost,8,8,0.8,0.465806,0.55062,407,80
2023-02-01,xgboost,9,9,0.9,0.557448,0.587691,407,40
2023-02-01,xgboost,10,10,1.0,0.0,0.0,407,0
2023-03-01,xgboost,0,0,0.0,0.426463,0.48198,407,407
2023-03-01,xgboost,1,1,0.1,0.445888,0.486977,407,366
2023-03-01,xgboost,2,2,0.2,0.477116,0.490427,407,325
2023-03-01,xgboost,3,3,0.3,0.482695,0.502878,407,284
2023-03-01,xgboost,4,4,0.4,0.472716,0.504459,407,243
2023-03-01,xgboost,5,5,0.5,0.460743,0.502286,407,202
2023-03-01,xgboost,6,6,0.6,0.48148,0.490777,407,161
2023-03-01,xgboost,7,7,0.7,0.487202,0.482801,407,120
2023-03-01,xgboost,8,8,0.8,0.429326,0.468015,407,80
2023-03-01,xgboost,9,9,0.9,0.425163,0.375005,407,40
2023-03-01,xgboost,10,10,1.0,0.0,0.0,407,0
2023-04-03,xgboost,0,0,0.0,0.491056,0.51072,407,407
2023-04-03,xgboost,1,1,0.1,0.510528,0.503156,407,366
2023-04-03,xgboost,2,2,0.2,0.493347,0.495893,407,325
2023-04-03,xgboost,3,3,0.3,0.498994,0.488792,407,284
2023-04-03,xgboost,4,4,0.4,0.506493,0.473825,407,243
2023-04-03,xgboost,5,5,0.5,0.510793,0.476676,407,202
2023-04-03,xgboost,6,6,0.6,0.520263,0.498991,407,161
2023-04-03,xgboost,7,7,0.7,0.51763,0.491895,407,120
2023-04-03,xgboost,8,8,0.8,0.384469,0.446293,407,80
2023-04-03,xgboost,9,9,0.9,0.393863,0.380269,407,40
2023-04-03,xgboost,10,10,1.0,0.0,0.0,407,0
2023-05-01,xgboost,0,0,0.0,0.51704,0.473681,407,407
2023-05-01,xgboost,1,1,0.1,0.545816,0.483375,407,366
2023-05-01,xgboost,2,2,0.2,0.546591,0.480636,407,325
2023-05-01,xgboost,3,3,0.3,0.504906,0.483888,407,284
2023-05-01,xgboost,4,4,0.4,0.531746,0.48325,407,243
2023-05-01,xgboost,5,5,0.5,0.542282,0.48031,407,202
2023-05-01,xgboost,6,6,0.6,0.572206,0.492854,407,161
2023-05-01,xgboost,7,7,0.7,0.526831,0.514069,407,120
2023-05-01,xgboost,8,8,0.8,0.496392,0.51764,407,80
2023-05-01,xgboost,9,9,0.9,0.488111,0.551087,407,40
2023-05-01,xgboost,10,10,1.0,0.0,0.0,407,0
2023-06-01,xgboost,0,0,0.0,0.536919,0.497961,407,407
2023-06-01,xgboost,1,1,0.1,0.503897,0.522776,407,366
2023-06-01,xgboost,2,2,0.2,0.469433,0.520895,407,325
2023-06-01,xgboost,3,3,0.3,0.454192,0.546066,407,284
2023-06-01,xgboost,4,4,0.4,0.461621,0.535777,407,243
2023-06-01,xgboost,5,5,0.5,0.471926,0.536327,407,202
2023-06-01,xgboost,6,6,0.6,0.457053,0.545921,407,161
2023-06-01,xgboost,7,7,0.7,0.500896,0.5736,407,120
2023-06-01,xgboost,8,8,0.8,0.510617,0.534802,407,80
2023-06-01,xgboost,9,9,0.9,0.600837,0.579562,407,40
2023-06-01,xgboost,10,10,1.0,0.0,0.0,407,0
2023-07-03,xgboost,0,0,0.0,0.531904,0.47388,407,407
2023-07-03,xgboost,1,1,0.1,0.504809,0.463591,407,366
2023-07-03,xgboost,2,2,0.2,0.491283,0.447062,407,325
2023-07-03,xgboost,3,3,0.3,0.463314,0.449366,407,284
2023-07-03,xgboost,4,4,0.4,0.498933,0.45292,407,243
2023-07-03,xgboost,5,5,0.5,0.480272,0.474542,407,202
2023-07-03,xgboost,6,6,0.6,0.485552,0.484818,407,161
2023-07-03,xgboost,7,7,0.7,0.517186,0.501197,407,120
2023-07-03,xgboost,8,8,0.8,0.422321,0.518082,407,80
2023-07-03,xgboost,9,9,0.9,0.46381,0.520128,407,40
2023-07-03,xgboost,10,10,1.0,0.0,0.0,407,0
2023-08-01,xgboost,0,0,0.0,0.521982,0.506706,407,407
2023-08-01,xgboost,1,1,0.1,0.526248,0.502827,407,366
2023-08-01,xgboost,2,2,0.2,0.530059,0.515621,407,325
2023-08-01,xgboost,3,3,0.3,0.515186,0.51891,407,284
2023-08-01,xgboost,4,4,0.4,0.50614,0.531636,407,243
2023-08-01,xgboost,5,5,0.5,0.485034,0.53128,407,202
2023-08-01,xgboost,6,6,0.6,0.463711,0.530804,407,161
2023-08-01,xgboost,7,7,0.7,0.49409,0.56137,407,120
2023-08-01,xgboost,8,8,0.8,0.494455,0.545748,407,80
2023-08-01,xgboost,9,9,0.9,0.451133,0.525641,407,40
2023-08-01,xgboost,10,10,1.0,0.0,0.0,407,0
2023-09-01,xgboost,0,0,0.0,0.469251,0.532702,407,407
2023-09-01,xgboost,1,1,0.1,0.460343,0.529539,407,366
2023-09-01,xgboost,2,2,0.2,0.465885,0.535006,407,325
2023-09-01,xgboost,3,3,0.3,0.491626,0.530272,407,284
2023-09-01,xgboost,4,4,0.4,0.531809,0.553827,407,243
2023-09-01,xgboost,5,5,0.5,0.546149,0.551332,407,202
2023-09-01,xgboost,6,6,0.6,0.473149,0.533499,407,161
2023-09-01,xgboost,7,7,0.7,0.519444,0.55736,407,120
2023-09-01,xgboost,8,8,0.8,0.469993,0.557778,407,80
2023-09-01,xgboost,9,9,0.9,0.574511,0.628934,407,40
2023-09-01,xgboost,10,10,1.0,0.0,0.0,407,0
2023-10-02,xgboost,0,0,0.0,0.433038,0.49753,407,407
2023-10-02,xgboost,1,1,0.1,0.436697,0.487516,407,366
2023-10-02,xgboost,2,2,0.2,0.465606,0.499956,407,325
2023-10-02,xgboost,3,3,0.3,0.447701,0.486631,407,284
2023-10-02,xgboost,4,4,0.4,0.449061,0.478703,407,243
2023-10-02,xgboost,5,5,0.5,0.484877,0.476663,407,202
2023-10-02,xgboost,6,6,0.6,0.458724,0.484712,407,161
2023-10-02,xgboost,7,7,0.7,0.529152,0.467951,407,120
2023-10-02,xgboost,8,8,0.8,0.613462,0.462662,407,80
2023-10-02,xgboost,9,9,0.9,0.514293,0.459892,407,40
2023-10-02,xgboost,10,10,1.0,0.0,0.0,407,0
2023-11-01,xgboost,0,0,0.0,0.587234,0.466828,407,407
2023-11-01,xgboost,1,1,0.1,0.58878,0.469093,407,366
2023-11-01,xgboost,2,2,0.2,0.595822,0.468493,407,325
2023-11-01,xgboost,3,3,0.3,0.603004,0.480451,407,284
2023-11-01,xgboost,4,4,0.4,0.596253,0.473286,407,243
2023-11-01,xgboost,5,5,0.5,0.559946,0.448597,407,202
2023-11-01,xgboost,6,6,0.6,0.515002,0.472923,407,161
2023-11-01,xgboost,7,7,0.7,0.464188,0.482097,407,120
2023-11-01,xgboost,8,8,0.8,0.368425,0.466562,407,80
2023-11-01,xgboost,9,9,0.9,0.46018,0.457374,407,40
2023-11-01,xgboost,10,10,1.0,0.0,0.0,407,0
2023-12-01,xgboost,0,0,0.0,0.493951,0.467193,407,407
2023-12-01,xgboost,1,1,0.1,0.443429,0.474339,407,366
2023-12-01,xgboost,2,2,0.2,0.386331,0.46543,407,325
2023-12-01,xgboost,3,3,0.3,0.372117,0.478945,407,284
2023-12-01,xgboost,4,4,0.4,0.366723,0.463169,407,243
2023-12-01,xgboost,5,5,0.5,0.372075,0.477427,407,202
2023-12-01,xgboost,6,6,0.6,0.428186,0.492898,407,161
2023-12-01,xgboost,7,7,0.7,0.442549,0.518952,407,120
2023-12-01,xgboost,8,8,0.8,0.452781,0.493186,407,80
2023-12-01,xgboost,9,9,0.9,0.434598,0.452013,407,40
2023-12-01,xgboost,10,10,1.0,0.0,0.0,407,0
2024-01-01,xgboost,0,0,0.0,0.438546,0.513795,407,407
2024-01-01,xgboost,1,1,0.1,0.460811,0.510138,407,366
2024-01-01,xgboost,2,2,0.2,0.470117,0.51584,407,325
2024-01-01,xgboost,3,3,0.3,0.490467,0.51119,407,284
2024-01-01,xgboost,4,4,0.4,0.49114,0.499155,407,243
2024-01-01,xgboost,5,5,0.5,0.529766,0.51674,407,202
2024-01-01,xgboost,6,6,0.6,0.597208,0.497521,407,161
2024-01-01,xgboost,7,7,0.7,0.584739,0.516833,407,120
2024-01-01,xgboost,8,8,0.8,0.565317,0.577098,407,80
2024-01-01,xgboost,9,9,0.9,0.432764,0.536702,407,40
2024-01-01,xgboost,10,10,1.0,0.0,0.0,407,0
2024-03-01,xgboost,0,0,0.0,0.516475,0.54352,407,407
2024-03-01,xgboost,1,1,0.1,0.531116,0.542803,407,366
2024-03-01,xgboost,2,2,0.2,0.528561,0.536397,407,325
2024-03-01,xgboost,3,3,0.3,0.53116,0.526994,407,284
2024-03-01,xgboost,4,4,0.4,0.535049,0.538468,407,243
2024-03-01,xgboost,5,5,0.5,0.530971,0.54322,407,202
2024-03-01,xgboost,6,6,0.6,0.508469,0.549871,407,161
2024-03-01,xgboost,7,7,0.7,0.544996,0.577972,407,120
2024-03-01,xgboost,8,8,0.8,0.53162,0.52958,407,80
2024-03-01,xgboost,9,9,0.9,0.533493,0.555604,407,40
2024-03-01,xgboost,10,10,1.0,0.0,0.0,407,0
2024-04-01,xgboost,0,0,0.0,0.484016,0.519091,407,407
2024-04-01,xgboost,1,1,0.1,0.458131,0.511585,407,366
2024-04-01,xgboost,2,2,0.2,0.444918,0.502862,407,325
2024-04-01,xgboost,3,3,0.3,0.475715,0.495241,407,284
2024-04-01,xgboost,4,4,0.4,0.48802,0.463832,407,243
2024-04-01,xgboost,5,5,0.5,0.487383,0.477628,407,202
2024-04-01,xgboost,6,6,0.6,0.475916,0.468076,407,161
2024-04-01,xgboost,7,7,0.7,0.478645,0.435045,407,120
2024-04-01,xgboost,8,8,0.8,0.505039,0.412075,407,80
2024-04-01,xgboost,9,9,0.9,0.576404,0.456369,407,40
2024-04-01,xgboost,10,10,1.0,0.0,0.0,407,0
2024-05-01,xgboost,0,0,0.0,0.488834,0.467747,407,407
2024-05-01,xgboost,1,1,0.1,0.475979,0.460587,407,366
2024-05-01,xgboost,2,2,0.2,0.461226,0.465855,407,325
2024-05-01,xgboost,3,3,0.3,0.458576,0.464374,407,284
2024-05-01,xgboost,4,4,0.4,0.446785,0.461656,407,243
2024-05-01,xgboost,5,5,0.5,0.461165,0.463702,407,202
2024-05-01,xgboost,6,6,0.6,0.468543,0.421784,407,161
2024-05-01,xgboost,7,7,0.7,0.421919,0.474234,407,120
2024-05-01,xgboost,8,8,0.8,0.308637,0.493901,407,80
2024-05-01,xgboost,9,9,0.9,0.422936,0.382457,407,40
2024-05-01,xgboost,10,10,1.0,0.0,0.0,407,0
2024-06-03,xgboost,0,0,0.0,0.402645,0.516289,407,407
2024-06-03,xgboost,1,1,0.1,0.417557,0.501873,407,366
2024-06-03,xgboost,2,2,0.2,0.411521,0.480302,407,325
2024-06-03,xgboost,3,3,0.3,0.423406,0.474522,407,284
2024-06-03,xgboost,4,4,0.4,0.433322,0.477695,407,243
2024-06-03,xgboost,5,5,0.5,0.472804,0.485416,407,202
2024-06-03,xgboost,6,6,0.6,0.434871,0.4883,407,161
2024-06-03,xgboost,7,7,0.7,0.3657,0.466234,407,120
2024-06-03,xgboost,8,8,0.8,0.407461,0.493901,407,80
2024-06-03,xgboost,9,9,0.9,0.369657,0.48449,407,40
2024-06-03,xgboost,10,10,1.0,0.0,0.0,407,0
2024-07-01,xgboost,0,0,0.0,0.562509,0.52367,407,407
2024-07-01,xgboost,1,1,0.1,0.568282,0.51796,407,366
2024-07-01,xgboost,2,2,0.2,0.593026,0.531667,407,325
2024-07-01,xgboost,3,3,0.3,0.592506,0.531234,407,284
2024-07-01,xgboost,4,4,0.4,0.595167,0.547545,407,243
2024-07-01,xgboost,5,5,0.5,0.569926,0.540087,407,202
2024-07-01,xgboost,6,6,0.6,0.591734,0.545648,407,161
2024-07-01,xgboost,7,7,0.7,0.558375,0.525472,407,120
2024-07-01,xgboost,8,8,0.8,0.520438,0.494825,407,80
2024-07-01,xgboost,9,9,0.9,0.435815,0.511656,407,40
2024-07-01,xgboost,10,10,1.0,0.0,0.0,407,0
2024-08-01,xgboost,0,0,0.0,0.502891,0.506118,407,407
2024-08-01,xgboost,1,1,0.1,0.508558,0.520982,407,366
2024-08-01,xgboost,2,2,0.2,0.504829,0.527311,407,325
2024-08-01,xgboost,3,3,0.3,0.476738,0.511886,407,284
2024-08-01,xgboost,4,4,0.4,0.489816,0.494037,407,243
2024-08-01,xgboost,5,5,0.5,0.464065,0.471028,407,202
2024-08-01,xgboost,6,6,0.6,0.405577,0.471499,407,161
2024-08-01,xgboost,7,7,0.7,0.35209,0.454359,407,120
2024-08-01,xgboost,8,8,0.8,0.30428,0.45226,407,80
2024-08-01,xgboost,9,9,0.9,0.535368,0.399314,407,40
2024-08-01,xgboost,10,10,1.0,0.0,0.0,407,0
2024-09-02,xgboost,0,0,0.0,0.579773,0.496858,407,407
2024-09-02,xgboost,1,1,0.1,0.545699,0.496594,407,366
2024-09-02,xgboost,2,2,0.2,0.547462,0.498798,407,325
2024-09-02,xgboost,3,3,0.3,0.512864,0.48089,407,284
2024-09-02,xgboost,4,4,0.4,0.523795,0.479172,407,243
2024-09-02,xgboost,5,5,0.5,0.515198,0.486791,407,202
2024-09-02,xgboost,6,6,0.6,0.512002,0.489243,407,161
2024-09-02,xgboost,7,7,0.7,0.515676,0.487645,407,120
2024-09-02,xgboost,8,8,0.8,0.565832,0.49341,407,80
2024-09-02,xgboost,9,9,0.9,0.542543,0.526983,407,40
2024-09-02,xgboost,10,10,1.0,0.0,0.0,407,0
2024-10-01,xgboost,0,0,0.0,0.471704,0.493256,407,407
2024-10-01,xgboost,1,1,0.1,0.477817,0.494368,407,366
2024-10-01,xgboost,2,2,0.2,0.483954,0.489415,407,325
2024-10-01,xgboost,3,3,0.3,0.440752,0.504927,407,284
2024-10-01,xgboost,4,4,0.4,0.458297,0.48559,407,243
2024-10-01,xgboost,5,5,0.5,0.429144,0.481614,407,202
2024-10-01,xgboost,6,6,0.6,0.455043,0.454209,407,161
2024-10-01,xgboost,7,7,0.7,0.434802,0.427179,407,120
2024-10-01,xgboost,8,8,0.8,0.516747,0.478756,407,80
2024-10-01,xgboost,9,9,0.9,0.591694,0.464773,407,40
2024-10-01,xgboost,10,10,1.0,0.0,0.0,407,0
2025-01-01,xgboost,0,0,0.0,0.511362,0.533276,407,407
2025-01-01,xgboost,1,1,0.1,0.511167,0.529257,407,366
2025-01-01,xgboost,2,2,0.2,0.537679,0.532222,407,325
2025-01-01,xgboost,3,3,0.3,0.502518,0.521935,407,284
2025-01-01,xgboost,4,4,0.4,0.489952,0.523862,407,243
2025-01-01,xgboost,5,5,0.5,0.477393,0.545156,407,202
2025-01-01,xgboost,6,6,0.6,0.478242,0.534275,407,161
2025-01-01,xgboost,7,7,0.7,0.501917,0.511702,407,120
2025-01-01,xgboost,8,8,0.8,0.478861,0.497195,407,80
2025-01-01,xgboost,9,9,0.9,0.554312,0.399522,407,40
2025-01-01,xgboost,10,10,1.0,0.0,0.0,407,0
2025-03-03,xgboost,0,0,0.0,0.479964,0.514745,407,407
2025-03-03,xgboost,1,1,0.1,0.505396,0.518723,407,366
2025-03-03,xgboost,2,2,0.2,0.504486,0.520899,407,325
2025-03-03,xgboost,3,3,0.3,0.490173,0.518297,407,284
2025-03-03,xgboost,4,4,0.4,0.497023,0.517683,407,243
2025-03-03,xgboost,5,5,0.5,0.507003,0.53755,407,202
2025-03-03,xgboost,6,6,0.6,0.556561,0.526559,407,161
2025-03-03,xgboost,7,7,0.7,0.552632,0.520645,407,120
2025-03-03,xgboost,8,8,0.8,0.528592,0.505894,407,80
2025-03-03,xgboost,9,9,0.9,0.611127,0.464824,407,40
2025-03-03,xgboost,10,10,1.0,0.0,0.0,407,0
2025-04-01,xgboost,0,0,0.0,0.496126,0.525171,407,407
2025-04-01,xgboost,1,1,0.1,0.467918,0.519465,407,366
2025-04-01,xgboost,2,2,0.2,0.469243,0.506959,407,325
2025-04-01,xgboost,3,3,0.3,0.473084,0.504871,407,284
2025-04-01,xgboost,4,4,0.4,0.477897,0.492554,407,243
2025-04-01,xgboost,5,5,0.5,0.479953,0.505486,407,202
2025-04-01,xgboost,6,6,0.6,0.518857,0.510287,407,161
2025-04-01,xgboost,7,7,0.7,0.555584,0.49159,407,120
2025-04-01,xgboost,8,8,0.8,0.590682,0.466132,407,80
2025-04-01,xgboost,9,9,0.9,0.51746,0.553424,407,40
2025-04-01,xgboost,10,10,1.0,0.0,0.0,407,0
2025-05-01,xgboost,0,0,0.0,0.552713,0.52425,407,407
2025-05-01,xgboost,1,1,0.1,0.555856,0.528831,407,366
2025-05-01,xgboost,2,2,0.2,0.577848,0.532068,407,325
2025-05-01,xgboost,3,3,0.3,0.59358,0.529897,407,284
2025-05-01,xgboost,4,4,0.4,0.57529,0.540296,407,243
2025-05-01,xgboost,5,5,0.5,0.531889,0.538448,407,202
2025-05-01,xgboost,6,6,0.6,0.529261,0.559629,407,161
2025-05-01,xgboost,7,7,0.7,0.551158,0.560467,407,120
2025-05-01,xgboost,8,8,0.8,0.49426,0.535227,407,80
2025-05-01,xgboost,9,9,0.9,0.526324,0.523434,407,40
2025-05-01,xgboost,10,10,1.0,0.0,0.0,407,0
2025-06-02,xgboost,0,0,0.0,0.482384,0.47714,407,407
2025-06-02,xgboost,1,1,0.1,0.42251,0.46597,407,366
2025-06-02,xgboost,2,2,0.2,0.411961,0.485017,407,325
2025-06-02,xgboost,3,3,0.3,0.424182,0.495353,407,284
2025-06-02,xgboost,4,4,0.4,0.452145,0.492851,407,243
2025-06-02,xgboost,5,5,0.5,0.421305,0.493552,407,202
2025-06-02,xgboost,6,6,0.6,0.443257,0.480122,407,161
2025-06-02,xgboost,7,7,0.7,0.508536,0.49315,407,120
2025-06-02,xgboost,8,8,0.8,0.446906,0.511327,407,80
2025-06-02,xgboost,9,9,0.9,0.488427,0.424256,407,40
2025-06-02,xgboost,10,10,1.0,0.0,0.0,407,0
2025-07-01,xgboost,0,0,0.0,0.492295,0.538171,407,407
2025-07-01,xgboost,1,1,0.1,0.4449,0.527455,407,366
2025-07-01,xgboost,2,2,0.2,0.432148,0.51353,407,325
2025-07-01,xgboost,3,3,0.3,0.444716,0.519209,407,284
2025-07-01,xgboost,4,4,0.4,0.445768,0.495559,407,243
2025-07-01,xgboost,5,5,0.5,0.407236,0.501329,407,202
2025-07-01,xgboost,6,6,0.6,0.492107,0.482476,407,161
2025-07-01,xgboost,7,7,0.7,0.48455,0.457592,407,120
2025-07-01,xgboost,8,8,0.8,0.570615,0.472802,407,80
2025-07-01,xgboost,9,9,0.9,0.421627,0.472687,407,40
2025-07-01,xgboost,10,10,1.0,0.0,0.0,407,0
2025-08-01,xgboost,0,0,0.0,0.564262,0.474448,407,407
2025-08-01,xgboost,1,1,0.1,0.553256,0.475515,407,366
2025-08-01,xgboost,2,2,0.2,0.553458,0.474972,407,325
2025-08-01,xgboost,3,3,0.3,0.594383,0.486945,407,284
2025-08-01,xgboost,4,4,0.4,0.590487,0.471729,407,243
2025-08-01,xgboost,5,5,0.5,0.635864,0.474854,407,202
2025-08-01,xgboost,6,6,0.6,0.631518,0.487726,407,161
2025-08-01,xgboost,7,7,0.7,0.578248,0.494697,407,120
2025-08-01,xgboost,8,8,0.8,0.537178,0.516286,407,80
2025-08-01,xgboost,9,9,0.9,0.530468,0.439729,407,40
2025-08-01,xgboost,10,10,1.0,0.0,0.0,407,0
2025-09-01,xgboost,0,0,0.0,0.507501,0.482933,407,407
2025-09-01,xgboost,1,1,0.1,0.502975,0.469386,407,366
2025-09-01,xgboost,2,2,0.2,0.484472,0.452431,407,325
2025-09-01,xgboost,3,3,0.3,0.509962,0.454672,407,284
2025-09-01,xgboost,4,4,0.4,0.473852,0.466696,407,243
2025-09-01,xgboost,5,5,0.5,0.522723,0.47932,407,202
2025-09-01,xgboost,6,6,0.6,0.469907,0.483446,407,161
2025-09-01,xgboost,7,7,0.7,0.42885,0.483639,407,120
2025-09-01,xgboost,8,8,0.8,0.474798,0.479367,407,80
2025-09-01,xgboost,9,9,0.9,0.526812,0.477036,407,40
2025-09-01,xgboost,10,10,1.0,0.0,0.0,407,0
2025-10-01,xgboost,0,0,0.0,0.418533,0.485828,407,407
2025-10-01,xgboost,1,1,0.1,0.414986,0.502948,407,366
2025-10-01,xgboost,2,2,0.2,0.399371,0.497105,407,325
2025-10-01,xgboost,3,3,0.3,0.426923,0.482356,407,284
2025-10-01,xgboost,4,4,0.4,0.467269,0.46439,407,243
2025-10-01,xgboost,5,5,0.5,0.455773,0.46951,407,202
2025-10-01,xgboost,6,6,0.6,0.516153,0.484067,407,161
2025-10-01,xgboost,7,7,0.7,0.489856,0.461647,407,120
2025-10-01,xgboost,8,8,0.8,0.470283,0.492402,407,80
2025-10-01,xgboost,9,9,0.9,0.462531,0.540423,407,40
2025-10-01,xgboost,10,10,1.0,0.0,0.0,407,0
2025-11-03,xgboost,0,0,0.0,0.511972,0.516923,407,407
2025-11-03,xgboost,1,1,0.1,0.511099,0.511766,407,366
2025-11-03,xgboost,2,2,0.2,0.524839,0.499476,407,325
2025-11-03,xgboost,3,3,0.3,0.545977,0.501378,407,284
2025-11-03,xgboost,4,4,0.4,0.549905,0.494595,407,243
2025-11-03,xgboost,5,5,0.5,0.553958,0.495422,407,202
2025-11-03,xgboost,6,6,0.6,0.571577,0.499518,407,161
2025-11-03,xgboost,7,7,0.7,0.585929,0.477835,407,120
2025-11-03,xgboost,8,8,0.8,0.61824,0.442777,407,80
2025-11-03,xgboost,9,9,0.9,0.664806,0.462406,407,40
2025-11-03,xgboost,10,10,1.0,0.0,0.0,407,0
2025-12-01,xgboost,0,0,0.0,0.508399,0.46128,407,407
2025-12-01,xgboost,1,1,0.1,0.522527,0.463101,407,366
2025-12-01,xgboost,2,2,0.2,0.509717,0.471804,407,325
2025-12-01,xgboost,3,3,0.3,0.498039,0.484872,407,284
2025-12-01,xgboost,4,4,0.4,0.507251,0.482991,407,243
2025-12-01,xgboost,5,5,0.5,0.536051,0.472798,407,202
2025-12-01,xgboost,6,6,0.6,0.46732,0.463262,407,161
2025-12-01,xgboost,7,7,0.7,0.515294,0.450467,407,120
2025-12-01,xgboost,8,8,0.8,0.519774,0.498631,407,80
2025-12-01,xgboost,9,9,0.9,0.48059,0.406109,407,40
2025-12-01,xgboost,10,10,1.0,0.0,0.0,407,0
2023-01-02,mlp,0,0,0.0,0.590252,0.452254,407,407
2023-01-02,mlp,1,1,0.1,0.579567,0.440257,407,366
2023-01-02,mlp,2,2,0.2,0.596058,0.443869,407,325
2023-01-02,mlp,3,3,0.3,0.606715,0.442075,407,284
2023-01-02,mlp,4,4,0.4,0.600178,0.440691,407,243
2023-01-02,mlp,5,5,0.5,0.588836,0.435835,407,202
2023-01-02,mlp,6,6,0.6,0.610656,0.400086,407,161
2023-01-02,mlp,7,7,0.7,0.565277,0.429642,407,120
2023-01-02,mlp,8,8,0.8,0.564216,0.38549,407,80
2023-01-02,mlp,9,9,0.9,0.539297,0.411134,407,40
2023-01-02,mlp,10,10,1.0,0.0,0.0,407,0
2023-02-01,mlp,0,0,0.0,0.529795,0.478979,407,407
2023-02-01,mlp,1,1,0.1,0.515532,0.485414,407,366
2023-02-01,mlp,2,2,0.2,0.502159,0.500835,407,325
2023-02-01,mlp,3,3,0.3,0.527314,0.530987,407,284
2023-02-01,mlp,4,4,0.4,0.538132,0.518341,407,243
2023-02-01,mlp,5,5,0.5,0.55501,0.49903,407,202
2023-02-01,mlp,6,6,0.6,0.500322,0.514876,407,161
2023-02-01,mlp,7,7,0.7,0.445549,0.523784,407,120
2023-02-01,mlp,8,8,0.8,0.416083,0.50996,407,80
2023-02-01,mlp,9,9,0.9,0.357173,0.591028,407,40
2023-02-01,mlp,10,10,1.0,0.0,0.0,407,0
2023-03-01,mlp,0,0,0.0,0.425122,0.52177,407,407
2023-03-01,mlp,1,1,0.1,0.419891,0.531783,407,366
2023-03-01,mlp,2,2,0.2,0.431616,0.536371,407,325
2023-03-01,mlp,3,3,0.3,0.401603,0.525166,407,284
2023-03-01,mlp,4,4,0.4,0.396028,0.524714,407,243
2023-03-01,mlp,5,5,0.5,0.40921,0.509722,407,202
2023-03-01,mlp,6,6,0.6,0.437102,0.51538,407,161
2023-03-01,mlp,7,7,0.7,0.438559,0.493045,407,120
2023-03-01,mlp,8,8,0.8,0.450173,0.500526,407,80
2023-03-01,mlp,9,9,0.9,0.368312,0.528492,407,40
2023-03-01,mlp,10,10,1.0,0.0,0.0,407,0
2023-04-03,mlp,0,0,0.0,0.48396,0.458578,407,407
2023-04-03,mlp,1,1,0.1,0.505305,0.461209,407,366
2023-04-03,mlp,2,2,0.2,0.506418,0.463022,407,325
2023-04-03,mlp,3,3,0.3,0.4738,0.479632,407,284
2023-04-03,mlp,4,4,0.4,0.461156,0.510126,407,243
2023-04-03,mlp,5,5,0.5,0.497947,0.527041,407,202
2023-04-03,mlp,6,6,0.6,0.462241,0.500364,407,161
2023-04-03,mlp,7,7,0.7,0.490875,0.46644,407,120
2023-04-03,mlp,8,8,0.8,0.509411,0.530081,407,80
2023-04-03,mlp,9,9,0.9,0.45495,0.510094,407,40
2023-04-03,mlp,10,10,1.0,0.0,0.0,407,0
2023-05-01,mlp,0,0,0.0,0.534448,0.54563,407,407
2023-05-01,mlp,1,1,0.1,0.542932,0.53311,407,366
2023-05-01,mlp,2,2,0.2,0.519154,0.518567,407,325
2023-05-01,mlp,3,3,0.3,0.522954,0.509153,407,284
2023-05-01,mlp,4,4,0.4,0.532582,0.510518,407,243
2023-05-01,mlp,5,5,0.5,0.490832,0.524462,407,202
2023-05-01,mlp,6,6,0.6,0.494501,0.496805,407,161
2023-05-01,mlp,7,7,0.7,0.4921,0.491902,407,120
2023-05-01,mlp,8,8,0.8,0.508482,0.487955,407,80
2023-05-01,mlp,9,9,0.9,0.566443,0.434453,407,40
2023-05-01,mlp,10,10,1.0,0.0,0.0,407,0
2023-06-01,mlp,0,0,0.0,0.527003,0.500284,407,407
2023-06-01,mlp,1,1,0.1,0.518291,0.512237,407,366
2023-06-01,mlp,2,2,0.2,0.506603,0.497778,407,325
2023-06-01,mlp,3,3,0.3,0.513051,0.480543,407,284
2023-06-01,mlp,4,4,0.4,0.506907,0.492144,407,243
2023-06-01,mlp,5,5,0.5,0.476817,0.490999,407,202
2023-06-01,mlp,6,6,0.6,0.438078,0.478431,407,161
2023-06-01,mlp,7,7,0.7,0.456676,0.500442,407,120
2023-06-01,mlp,8,8,0.8,0.509695,0.546473,407,80
2023-06-01,mlp,9,9,0.9,0.583922,0.484979,407,40
2023-06-01,mlp,10,10,1.0,0.0,0.0,407,0
2023-07-03,mlp,0,0,0.0,0.557821,0.498626,407,407
2023-07-03,mlp,1,1,0.1,0.551355,0.486124,407,366
2023-07-03,mlp,2,2,0.2,0.572626,0.472156,407,325
2023-07-03,mlp,3,3,0.3,0.569052,0.461777,407,284
2023-07-03,mlp,4,4,0.4,0.575647,0.466916,407,243
2023-07-03,mlp,5,5,0.5,0.563817,0.46285,407,202
2023-07-03,mlp,6,6,0.6,0.567091,0.460951,407,161
2023-07-03,mlp,7,7,0.7,0.567861,0.397037,407,120
2023-07-03,mlp,8,8,0.8,0.48161,0.414687,407,80
2023-07-03,mlp,9,9,0.9,0.530013,0.45314,407,40
2023-07-03,mlp,10,10,1.0,0.0,0.0,407,0
2023-08-01,mlp,0,0,0.0,0.493439,0.503132,407,407
2023-08-01,mlp,1,1,0.1,0.489401,0.486515,407,366
2023-08-01,mlp,2,2,0.2,0.488767,0.495315,407,325
2023-08-01,mlp,3,3,0.3,0.530667,0.49188,407,284
2023-08-01,mlp,4,4,0.4,0.549608,0.487648,407,243
2023-08-01,mlp,5,5,0.5,0.524894,0.508107,407,202
2023-08-01,mlp,6,6,0.6,0.549027,0.499178,407,161
2023-08-01,mlp,7,7,0.7,0.550032,0.515362,407,120
2023-08-01,mlp,8,8,0.8,0.550236,0.432899,407,80
2023-08-01,mlp,9,9,0.9,0.508956,0.404083,407,40
2023-08-01,mlp,10,10,1.0,0.0,0.0,407,0
2023-09-01,mlp,0,0,0.0,0.496953,0.477661,407,407
2023-09-01,mlp,1,1,0.1,0.504399,0.478383,407,366
2023-09-01,mlp,2,2,0.2,0.498551,0.489604,407,325
2023-09-01,mlp,3,3,0.3,0.501311,0.491323,407,284
2023-09-01,mlp,4,4,0.4,0.521773,0.498151,407,243
2023-09-01,mlp,5,5,0.5,0.542001,0.485121,407,202
2023-09-01,mlp,6,6,0.6,0.573105,0.452456,407,161
2023-09-01,mlp,7,7,0.7,0.537001,0.461919,407,120
2023-09-01,mlp,8,8,0.8,0.65997,0.524404,407,80
2023-09-01,mlp,9,9,0.9,0.50569,0.589088,407,40
2023-09-01,mlp,10,10,1.0,0.0,0.0,407,0
2023-10-02,mlp,0,0,0.0,0.439302,0.523074,407,407
2023-10-02,mlp,1,1,0.1,0.434292,0.524376,407,366
2023-10-02,mlp,2,2,0.2,0.447121,0.52823,407,325
2023-10-02,mlp,3,3,0.3,0.460904,0.521201,407,284
2023-10-02,mlp,4,4,0.4,0.45042,0.520767,407,243
2023-10-02,mlp,5,5,0.5,0.483729,0.515931,407,202
2023-10-02,mlp,6,6,0.6,0.531637,0.52469,407,161
2023-10-02,mlp,7,7,0.7,0.575407,0.512798,407,120
2023-10-02,mlp,8,8,0.8,0.527378,0.498944,407,80
2023-10-02,mlp,9,9,0.9,0.601125,0.447845,407,40
2023-10-02,mlp,10,10,1.0,0.0,0.0,407,0
2023-11-01,mlp,0,0,0.0,0.584825,0.486446,407,407
2023-11-01,mlp,1,1,0.1,0.560932,0.469056,407,366
2023-11-01,mlp,2,2,0.2,0.538923,0.469638,407,325
2023-11-01,mlp,3,3,0.3,0.543669,0.464803,407,284
2023-11-01,mlp,4,4,0.4,0.562182,0.468287,407,243
2023-11-01,mlp,5,5,0.5,0.579422,0.487574,407,202
2023-11-01,mlp,6,6,0.6,0.542818,0.457377,407,161
2023-11-01,mlp,7,7,0.7,0.51172,0.471566,407,120
2023-11-01,mlp,8,8,0.8,0.509943,0.445669,407,80
2023-11-01,mlp,9,9,0.9,0.547875,0.518675,407,40
2023-11-01,mlp,10,10,1.0,0.0,0.0,407,0
2023-12-01,mlp,0,0,0.0,0.492714,0.530381,407,407
2023-12-01,mlp,1,1,0.1,0.482149,0.537225,407,366
2023-12-01,mlp,2,2,0.2,0.4866,0.547849,407,325
2023-12-01,mlp,3,3,0.3,0.496171,0.531351,407,284
2023-12-01,mlp,4,4,0.4,0.491012,0.522989,407,243
2023-12-01,mlp,5,5,0.5,0.503057,0.531866,407,202
2023-12-01,mlp,6,6,0.6,0.501266,0.502332,407,161
2023-12-01,mlp,7,7,0.7,0.542213,0.536203,407,120
2023-12-01,mlp,8,8,0.8,0.622472,0.507974,407,80
2023-12-01,mlp,9,9,0.9,0.653626,0.451441,407,40
2023-12-01,mlp,10,10,1.0,0.0,0.0,407,0
2024-01-01,mlp,0,0,0.0,0.452696,0.489783,407,407
2024-01-01,mlp,1,1,0.1,0.446984,0.495899,407,366
2024-01-01,mlp,2,2,0.2,0.442407,0.487285,407,325
2024-01-01,mlp,3,3,0.3,0.429015,0.489946,407,284
2024-01-01,mlp,4,4,0.4,0.424456,0.5048,407,243
2024-01-01,mlp,5,5,0.5,0.39514,0.520748,407,202
2024-01-01,mlp,6,6,0.6,0.418331,0.543144,407,161
2024-01-01,mlp,7,7,0.7,0.427716,0.575652,407,120
2024-01-01,mlp,8,8,0.8,0.454963,0.569334,407,80
2024-01-01,mlp,9,9,0.9,0.410952,0.608009,407,40
2024-01-01,mlp,10,10,1.0,0.0,0.0,407,0
2024-02-01,mlp,0,0,0.0,0.469244,0.476914,407,407
2024-02-01,mlp,1,1,0.1,0.491215,0.478462,407,366
2024-02-01,mlp,2,2,0.2,0.47049,0.467096,407,325
2024-02-01,mlp,3,3,0.3,0.462405,0.472357,407,284
2024-02-01,mlp,4,4,0.4,0.429281,0.461108,407,243
2024-02-01,mlp,5,5,0.5,0.462134,0.472427,407,202
2024-02-01,mlp,6,6,0.6,0.512908,0.482808,407,161
2024-02-01,mlp,7,7,0.7,0.514098,0.45797,407,120
2024-02-01,mlp,8,8,0.8,0.490815,0.484549,407,80
2024-02-01,mlp,9,9,0.9,0.48787,0.475763,407,40
2024-02-01,mlp,10,10,1.0,0.0,0.0,407,0
2024-03-01,mlp,0,0,0.0,0.512933,0.50169,407,407
2024-03-01,mlp,1,1,0.1,0.549345,0.509897,407,366
2024-03-01,mlp,2,2,0.2,0.534095,0.505124,407,325
2024-03-01,mlp,3,3,0.3,0.50027,0.500161,407,284
2024-03-01,mlp,4,4,0.4,0.490314,0.504978,407,243
2024-03-01,mlp,5,5,0.5,0.511194,0.481773,407,202
2024-03-01,mlp,6,6,0.6,0.550997,0.453918,407,161
2024-03-01,mlp,7,7,0.7,0.513944,0.480436,407,120
2024-03-01,mlp,8,8,0.8,0.575401,0.417015,407,80
2024-03-01,mlp,9,9,0.9,0.492099,0.454618,407,40
2024-03-01,mlp,10,10,1.0,0.0,0.0,407,0
2024-04-01,mlp,0,0,0.0,0.526176,0.527637,407,407
2024-04-01,mlp,1,1,0.1,0.519448,0.537268,407,366
2024-04-01,mlp,2,2,0.2,0.505363,0.547371,407,325
2024-04-01,mlp,3,3,0.3,0.561154,0.548082,407,284
2024-04-01,mlp,4,4,0.4,0.566153,0.569685,407,243
2024-04-01,mlp,5,5,0.5,0.572424,0.568645,407,202
2024-04-01,mlp,6,6,0.6,0.594047,0.574437,407,161
2024-04-01,mlp,7,7,0.7,0.564672,0.585908,407,120
2024-04-01,mlp,8,8,0.8,0.63537,0.61538,407,80
2024-04-01,mlp,9,9,0.9,0.702485,0.625122,407,40
2024-04-01,mlp,10,10,1.0,0.0,0.0,407,0
2024-05-01,mlp,0,0,0.0,0.51129,0.491029,407,407
2024-05-01,mlp,1,1,0.1,0.50016,0.486911,407,366
2024-05-01,mlp,2,2,0.2,0.513838,0.48348,407,325
2024-05-01,mlp,3,3,0.3,0.535912,0.499389,407,284
2024-05-01,mlp,4,4,0.4,0.560701,0.505465,407,243
2024-05-01,mlp,5,5,0.5,0.589905,0.504948,407,202
2024-05-01,mlp,6,6,0.6,0.576158,0.495045,407,161
2024-05-01,mlp,7,7,0.7,0.545485,0.508931,407,120
2024-05-01,mlp,8,8,0.8,0.457108,0.432711,407,80
2024-05-01,mlp,9,9,0.9,0.413592,0.483165,407,40
2024-05-01,mlp,10,10,1.0,0.0,0.0,407,0
2024-06-03,mlp,0,0,0.0,0.442939,0.487748,407,407
2024-06-03,mlp,1,1,0.1,0.442572,0.471728,407,366
2024-06-03,mlp,2,2,0.2,0.434461,0.468958,407,325
2024-06-03,mlp,3,3,0.3,0.441436,0.458655,407,284
2024-06-03,mlp,4,4,0.4,0.471056,0.441194,407,243
2024-06-03,mlp,5,5,0.5,0.450053,0.434604,407,202
2024-06-03,mlp,6,6,0.6,0.467604,0.456452,407,161
2024-06-03,mlp,7,7,0.7,0.517762,0.464893,407,120
2024-06-03,mlp,8,8,0.8,0.578227,0.471429,407,80
2024-06-03,mlp,9,9,0.9,0.392705,0.510693,407,40
2024-06-03,mlp,10,10,1.0,0.0,0.0,407,0
2024-07-01,mlp,0,0,0.0,0.548723,0.500453,407,407
2024-07-01,mlp,1,1,0.1,0.556603,0.505086,407,366
2024-07-01,mlp,2,2,0.2,0.55455,0.499887,407,325
2024-07-01,mlp,3,3,0.3,0.573007,0.498169,407,284
2024-07-01,mlp,4,4,0.4,0.531845,0.47747,407,243
2024-07-01,mlp,5,5,0.5,0.53121,0.490361,407,202
2024-07-01,mlp,6,6,0.6,0.52102,0.496789,407,161
2024-07-01,mlp,7,7,0.7,0.535078,0.474479,407,120
2024-07-01,mlp,8,8,0.8,0.579243,0.440616,407,80
2024-07-01,mlp,9,9,0.9,0.613714,0.415261,407,40
2024-07-01,mlp,10,10,1.0,0.0,0.0,407,0
2024-08-01,mlp,0,0,0.0,0.456229,0.470966,407,407
2024-08-01,mlp,1,1,0.1,0.443542,0.46014,407,366
2024-08-01,mlp,2,2,0.2,0.473404,0.446919,407,325
2024-08-01,mlp,3,3,0.3,0.483811,0.450647,407,284
2024-08-01,mlp,4,4,0.4,0.44287,0.431774,407,243
2024-08-01,mlp,5,5,0.5,0.442859,0.426748,407,202
2024-08-01,mlp,6,6,0.6,0.425793,0.447809,407,161
2024-08-01,mlp,7,7,0.7,0.456844,0.481525,407,120
2024-08-01,mlp,8,8,0.8,0.412464,0.477347,407,80
2024-08-01,mlp,9,9,0.9,0.313665,0.445302,407,40
2024-08-01,mlp,10,10,1.0,0.0,0.0,407,0
2024-09-02,mlp,0,0,0.0,0.474069,0.538488,407,407
2024-09-02,mlp,1,1,0.1,0.48807,0.557418,407,366
2024-09-02,mlp,2,2,0.2,0.471428,0.554591,407,325
2024-09-02,mlp,3,3,0.3,0.491565,0.55854,407,284
2024-09-02,mlp,4,4,0.4,0.488439,0.554347,407,243
2024-09-02,mlp,5,5,0.5,0.506953,0.536694,407,202
2024-09-02,mlp,6,6,0.6,0.523318,0.543728,407,161
2024-09-02,mlp,7,7,0.7,0.4921,0.554442,407,120
2024-09-02,mlp,8,8,0.8,0.492298,0.590778,407,80
2024-09-02,mlp,9,9,0.9,0.389392,0.549643,407,40
2024-09-02,mlp,10,10,1.0,0.0,0.0,407,0
2024-10-01,mlp,0,0,0.0,0.452148,0.540281,407,407
2024-10-01,mlp,1,1,0.1,0.442097,0.542797,407,366
2024-10-01,mlp,2,2,0.2,0.440711,0.54645,407,325
2024-10-01,mlp,3,3,0.3,0.442957,0.553437,407,284
2024-10-01,mlp,4,4,0.4,0.459501,0.55281,407,243
2024-10-01,mlp,5,5,0.5,0.452312,0.578994,407,202
2024-10-01,mlp,6,6,0.6,0.448421,0.555323,407,161
2024-10-01,mlp,7,7,0.7,0.460281,0.592194,407,120
2024-10-01,mlp,8,8,0.8,0.493056,0.577001,407,80
2024-10-01,mlp,9,9,0.9,0.528496,0.592012,407,40
2024-10-01,mlp,10,10,1.0,0.0,0.0,407,0
2024-11-01,mlp,0,0,0.0,0.427397,0.487674,407,407
2024-11-01,mlp,1,1,0.1,0.420358,0.493432,407,366
2024-11-01,mlp,2,2,0.2,0.389526,0.502692,407,325
2024-11-01,mlp,3,3,0.3,0.415142,0.500425,407,284
2024-11-01,mlp,4,4,0.4,0.432778,0.492543,407,243
2024-11-01,mlp,5,5,0.5,0.430348,0.458976,407,202
2024-11-01,mlp,6,6,0.6,0.507352,0.461054,407,161
2024-11-01,mlp,7,7,0.7,0.456628,0.455829,407,120
2024-11-01,mlp,8,8,0.8,0.509796,0.487844,407,80
2024-11-01,mlp,9,9,0.9,0.589009,0.423167,407,40
2024-11-01,mlp,10,10,1.0,0.0,0.0,407,0
2024-12-02,mlp,0,0,0.0,0.496753,0.515082,407,407
2024-12-02,mlp,1,1,0.1,0.496821,0.510881,407,366
2024-12-02,mlp,2,2,0.2,0.469008,0.511545,407,325
2024-12-02,mlp,3,3,0.3,0.517648,0.508023,407,284
2024-12-02,mlp,4,4,0.4,0.485016,0.52268,407,243
2024-12-02,mlp,5,5,0.5,0.477143,0.526165,407,202
2024-12-02,mlp,6,6,0.6,0.499529,0.533601,407,161
2024-12-02,mlp,7,7,0.7,0.471888,0.552927,407,120
2024-12-02,mlp,8,8,0.8,0.535131,0.551874,407,80
2024-12-02,mlp,9,9,0.9,0.516929,0.500999,407,40
2024-12-02,mlp,10,10,1.0,0.0,0.0,407,0
2025-01-01,mlp,0,0,0.0,0.533618,0.535831,407,407
2025-01-01,mlp,1,1,0.1,0.545939,0.541186,407,366
2025-01-01,mlp,2,2,0.2,0.508808,0.540723,407,325
2025-01-01,mlp,3,3,0.3,0.523574,0.555988,407,284
2025-01-01,mlp,4,4,0.4,0.501261,0.548206,407,243
2025-01-01,mlp,5,5,0.5,0.508599,0.552079,407,202
2025-01-01,mlp,6,6,0.6,0.515757,0.566667,407,161
2025-01-01,mlp,7,7,0.7,0.456352,0.536713,407,120
2025-01-01,mlp,8,8,0.8,0.514421,0.565948,407,80
2025-01-01,mlp,9,9,0.9,0.430159,0.552756,407,40
2025-01-01,mlp,10,10,1.0,0.0,0.0,407,0
2025-02-03,mlp,0,0,0.0,0.504421,0.493693,407,407
2025-02-03,mlp,1,1,0.1,0.511976,0.474632,407,366
2025-02-03,mlp,2,2,0.2,0.533711,0.467083,407,325
2025-02-03,mlp,3,3,0.3,0.523343,0.486249,407,284
2025-02-03,mlp,4,4,0.4,0.570315,0.48603,407,243
2025-02-03,mlp,5,5,0.5,0.595459,0.48822,407,202
2025-02-03,mlp,6,6,0.6,0.603113,0.501306,407,161
2025-02-03,mlp,7,7,0.7,0.613735,0.488713,407,120
2025-02-03,mlp,8,8,0.8,0.630913,0.515393,407,80
2025-02-03,mlp,9,9,0.9,0.524029,0.474925,407,40
2025-02-03,mlp,10,10,1.0,0.0,0.0,407,0
2025-03-03,mlp,0,0,0.0,0.4671,0.489238,407,407
2025-03-03,mlp,1,1,0.1,0.477392,0.476617,407,366
2025-03-03,mlp,2,2,0.2,0.489087,0.474269,407,325
2025-03-03,mlp,3,3,0.3,0.471586,0.479027,407,284
2025-03-03,mlp,4,4,0.4,0.479038,0.479062,407,243
2025-03-03,mlp,5,5,0.5,0.50785,0.501237,407,202
2025-03-03,mlp,6,6,0.6,0.51567,0.510949,407,161
2025-03-03,mlp,7,7,0.7,0.420576,0.552581,407,120
2025-03-03,mlp,8,8,0.8,0.39647,0.539192,407,80
2025-03-03,mlp,9,9,0.9,0.5064,0.535424,407,40
2025-03-03,mlp,10,10,1.0,0.0,0.0,407,0
2025-04-01,mlp,0,0,0.0,0.474042,0.479372,407,407
2025-04-01,mlp,1,1,0.1,0.469857,0.474232,407,366
2025-04-01,mlp,2,2,0.2,0.490961,0.475276,407,325
2025-04-01,mlp,3,3,0.3,0.49391,0.479786,407,284
2025-04-01,mlp,4,4,0.4,0.498496,0.472528,407,243
2025-04-01,mlp,5,5,0.5,0.477241,0.453764,407,202
2025-04-01,mlp,6,6,0.6,0.465771,0.469521,407,161
2025-04-01,mlp,7,7,0.7,0.504078,0.455198,407,120
2025-04-01,mlp,8,8,0.8,0.513011,0.46952,407,80
2025-04-01,mlp,9,9,0.9,0.41171,0.484645,407,40
2025-04-01,mlp,10,10,1.0,0.0,0.0,407,0
2025-05-01,mlp,0,0,0.0,0.590431,0.498393,407,407
2025-05-01,mlp,1,1,0.1,0.573183,0.508106,407,366
2025-05-01,mlp,2,2,0.2,0.544383,0.517544,407,325
2025-05-01,mlp,3,3,0.3,0.532325,0.524011,407,284
2025-05-01,mlp,4,4,0.4,0.532745,0.528462,407,243
2025-05-01,mlp,5,5,0.5,0.550925,0.548112,407,202
2025-05-01,mlp,6,6,0.6,0.547616,0.567283,407,161
2025-05-01,mlp,7,7,0.7,0.510912,0.577813,407,120
2025-05-01,mlp,8,8,0.8,0.494129,0.561743,407,80
2025-05-01,mlp,9,9,0.9,0.516276,0.584263,407,40
2025-05-01,mlp,10,10,1.0,0.0,0.0,407,0
2025-06-02,mlp,0,0,0.0,0.517403,0.467964,407,407
2025-06-02,mlp,1,1,0.1,0.522596,0.468691,407,366
2025-06-02,mlp,2,2,0.2,0.522769,0.469968,407,325
2025-06-02,mlp,3,3,0.3,0.537108,0.470682,407,284
2025-06-02,mlp,4,4,0.4,0.561492,0.493454,407,243
2025-06-02,mlp,5,5,0.5,0.558807,0.506356,407,202
2025-06-02,mlp,6,6,0.6,0.528626,0.503557,407,161
2025-06-02,mlp,7,7,0.7,0.518441,0.503837,407,120
2025-06-02,mlp,8,8,0.8,0.473219,0.466794,407,80
2025-06-02,mlp,9,9,0.9,0.497395,0.472992,407,40
2025-06-02,mlp,10,10,1.0,0.0,0.0,407,0
2025-07-01,mlp,0,0,0.0,0.440586,0.507935,407,407
2025-07-01,mlp,1,1,0.1,0.43297,0.506844,407,366
2025-07-01,mlp,2,2,0.2,0.439408,0.510709,407,325
2025-07-01,mlp,3,3,0.3,0.434366,0.5261,407,284
2025-07-01,mlp,4,4,0.4,0.41822,0.536681,407,243
2025-07-01,mlp,5,5,0.5,0.436514,0.539944,407,202
2025-07-01,mlp,6,6,0.6,0.383687,0.533548,407,161
2025-07-01,mlp,7,7,0.7,0.388579,0.532085,407,120
2025-07-01,mlp,8,8,0.8,0.390872,0.522153,407,80
2025-07-01,mlp,9,9,0.9,0.585326,0.441581,407,40
2025-07-01,mlp,10,10,1.0,0.0,0.0,407,0
2025-08-01,mlp,0,0,0.0,0.5302,0.472782,407,407
2025-08-01,mlp,1,1,0.1,0.49935,0.459749,407,366
2025-08-01,mlp,2,2,0.2,0.501313,0.451392,407,325
2025-08-01,mlp,3,3,0.3,0.499479,0.458193,407,284
2025-08-01,mlp,4,4,0.4,0.506931,0.45081,407,243
2025-08-01,mlp,5,5,0.5,0.512614,0.461259,407,202
2025-08-01,mlp,6,6,0.6,0.524743,0.482299,407,161
2025-08-01,mlp,7,7,0.7,0.527351,0.47516,407,120
2025-08-01,mlp,8,8,0.8,0.58432,0.464525,407,80
2025-08-01,mlp,9,9,0.9,0.517129,0.499741,407,40
2025-08-01,mlp,10,10,1.0,0.0,0.0,407,0
2025-09-01,mlp,0,0,0.0,0.481178,0.520061,407,407
2025-09-01,mlp,1,1,0.1,0.472366,0.527757,407,366
2025-09-01,mlp,2,2,0.2,0.467883,0.518991,407,325
2025-09-01,mlp,3,3,0.3,0.467938,0.522376,407,284
2025-09-01,mlp,4,4,0.4,0.467123,0.504786,407,243
2025-09-01,mlp,5,5,0.5,0.481964,0.494879,407,202
2025-09-01,mlp,6,6,0.6,0.472082,0.51489,407,161
2025-09-01,mlp,7,7,0.7,0.476216,0.520933,407,120
2025-09-01,mlp,8,8,0.8,0.522688,0.446525,407,80
2025-09-01,mlp,9,9,0.9,0.637946,0.387952,407,40
2025-09-01,mlp,10,10,1.0,0.0,0.0,407,0
2025-10-01,mlp,0,0,0.0,0.498264,0.505559,407,407
2025-10-01,mlp,1,1,0.1,0.492529,0.515568,407,366
2025-10-01,mlp,2,2,0.2,0.496779,0.520834,407,325
2025-10-01,mlp,3,3,0.3,0.51381,0.525431,407,284
2025-10-01,mlp,4,4,0.4,0.472872,0.519816,407,243
2025-10-01,mlp,5,5,0.5,0.43947,0.546283,407,202
2025-10-01,mlp,6,6,0.6,0.453298,0.522627,407,161
2025-10-01,mlp,7,7,0.7,0.465784,0.518654,407,120
2025-10-01,mlp,8,8,0.8,0.479207,0.495007,407,80
2025-10-01,mlp,9,9,0.9,0.573511,0.428392,407,40
2025-10-01,mlp,10,10,1.0,0.0,0.0,407,0
2025-11-03,mlp,0,0,0.0,0.523804,0.515377,407,407
2025-11-03,mlp,1,1,0.1,0.522507,0.521691,407,366
2025-11-03,mlp,2,2,0.2,0.497606,0.499312,407,325
2025-11-03,mlp,3,3,0.3,0.499327,0.504673,407,284
2025-11-03,mlp,4,4,0.4,0.511099,0.50217,407,243
2025-11-03,mlp,5,5,0.5,0.540618,0.495692,407,202
2025-11-03,mlp,6,6,0.6,0.520051,0.481037,407,161
2025-11-03,mlp,7,7,0.7,0.522066,0.513005,407,120
2025-11-03,mlp,8,8,0.8,0.492247,0.488646,407,80
2025-11-03,mlp,9,9,0.9,0.701219,0.503182,407,40
2025-11-03,mlp,10,10,1.0,0.0,0.0,407,0
2025-12-01,mlp,0,0,0.0,0.478603,0.484474,407,407
2025-12-01,mlp,1,1,0.1,0.480044,0.487683,407,366
2025-12-01,mlp,2,2,0.2,0.501184,0.477307,407,325
2025-12-01,mlp,3,3,0.3,0.505951,0.488125,407,284
2025-12-01,mlp,4,4,0.4,0.526902,0.474915,407,243
2025-12-01,mlp,5,5,0.5,0.50931,0.479119,407,202
2025-12-01,mlp,6,6,0.6,0.468433,0.450965,407,161
2025-12-01,mlp,7,7,0.7,0.384099,0.451742,407,120
2025-12-01,mlp,8,8,0.8,0.376082,0.461198,407,80
2025-12-01,mlp,9,9,0.9,0.404788,0.504388,407,40
2025-12-01,mlp,10,10,1.0,0.0,0.0,407,0
