date,model,model_date,rank,variable,RGE,order_type
2023-01-02,ridge,2023-01-02,1,ret_1w,0.000104,date_specific_ascending_RGE
2023-01-02,ridge,2023-01-02,2,ret_3m,0.001244,date_specific_ascending_RGE
2023-01-02,ridge,2023-01-02,3,vol_1m,0.001282,date_specific_ascending_RGE
2023-01-02,ridge,2023-01-02,4,vol_3m,0.001348,date_specific_ascending_RGE
2023-01-02,ridge,2023-01-02,5,vol_ratio,0.011405,date_specific_ascending_RGE
2023-01-02,ridge,2023-01-02,6,ret_1m,0.032415,date_specific_ascending_RGE
2023-01-02,ridge,2023-01-02,7,amihud,0.037119,date_specific_ascending_RGE
2023-01-02,ridge,2023-01-02,8,ret_6m,0.043615,date_specific_ascending_RGE
2023-01-02,ridge,2023-01-02,9,ret_12m,0.068263,date_specific_ascending_RGE
2023-01-02,ridge,2023-01-02,10,log_mktcap,0.51516,date_specific_ascending_RGE
2023-02-01,ridge,2023-02-01,1,ret_3m,0.00078,date_specific_ascending_RGE
2023-02-01,ridge,2023-02-01,2,ret_1w,0.002262,date_specific_ascending_RGE
2023-02-01,ridge,2023-02-01,3,vol_3m,0.003749,date_specific_ascending_RGE
2023-02-01,ridge,2023-02-01,4,vol_1m,0.013788,date_specific_ascending_RGE
2023-02-01,ridge,2023-02-01,5,vol_ratio,0.025892,date_specific_ascending_RGE
2023-02-01,ridge,2023-02-01,6,amihud,0.044567,date_specific_ascending_RGE
2023-02-01,ridge,2023-02-01,7,ret_1m,0.05485,date_specific_ascending_RGE
2023-02-01,ridge,2023-02-01,8,ret_6m,0.071267,date_specific_ascending_RGE
2023-02-01,ridge,2023-02-01,9,ret_12m,0.115846,date_specific_ascending_RGE
2023-02-01,ridge,2023-02-01,10,log_mktcap,0.576863,date_specific_ascending_RGE
2023-03-01,ridge,2023-03-01,1,ret_1w,0.002279,date_specific_ascending_RGE
2023-03-01,ridge,2023-03-01,2,ret_3m,0.003954,date_specific_ascending_RGE
2023-03-01,ridge,2023-03-01,3,vol_3m,0.004891,date_specific_ascending_RGE
2023-03-01,ridge,2023-03-01,4,vol_1m,0.01126,date_specific_ascending_RGE
2023-03-01,ridge,2023-03-01,5,vol_ratio,0.016313,date_specific_ascending_RGE
2023-03-01,ridge,2023-03-01,6,amihud,0.046636,date_specific_ascending_RGE
2023-03-01,ridge,2023-03-01,7,ret_1m,0.054693,date_specific_ascending_RGE
2023-03-01,ridge,2023-03-01,8,ret_6m,0.070159,date_specific_ascending_RGE
2023-03-01,ridge,2023-03-01,9,ret_12m,0.103388,date_specific_ascending_RGE
2023-03-01,ridge,2023-03-01,10,log_mktcap,0.493958,date_specific_ascending_RGE
2023-04-03,ridge,2023-04-03,1,ret_1w,0.001133,date_specific_ascending_RGE
2023-04-03,ridge,2023-04-03,2,ret_3m,0.003841,date_specific_ascending_RGE
2023-04-03,ridge,2023-04-03,3,vol_3m,0.00416,date_specific_ascending_RGE
2023-04-03,ridge,2023-04-03,4,vol_1m,0.0109,date_specific_ascending_RGE
2023-04-03,ridge,2023-04-03,5,vol_ratio,0.01132,date_specific_ascending_RGE
2023-04-03,ridge,2023-04-03,6,amihud,0.032446,date_specific_ascending_RGE
2023-04-03,ridge,2023-04-03,7,ret_1m,0.041207,date_specific_ascending_RGE
2023-04-03,ridge,2023-04-03,8,ret_6m,0.051577,date_specific_ascending_RGE
2023-04-03,ridge,2023-04-03,9,ret_12m,0.079536,date_specific_ascending_RGE
2023-04-03,ridge,2023-04-03,10,log_mktcap,0.515195,date_specific_ascending_RGE
2023-05-01,ridge,2023-05-01,1,ret_1w,0.000168,date_specific_ascending_RGE
2023-05-01,ridge,2023-05-01,2,vol_3m,0.00577,date_specific_ascending_RGE
2023-05-01,ridge,2023-05-01,3,ret_3m,0.006156,date_specific_ascending_RGE
2023-05-01,ridge,2023-05-01,4,vol_1m,0.009328,date_specific_ascending_RGE
2023-05-01,ridge,2023-05-01,5,vol_ratio,0.011818,date_specific_ascending_RGE
2023-05-01,ridge,2023-05-01,6,ret_1m,0.029929,date_specific_ascending_RGE
2023-05-01,ridge,2023-05-01,7,amihud,0.039038,date_specific_ascending_RGE
2023-05-01,ridge,2023-05-01,8,ret_6m,0.053721,date_specific_ascending_RGE
2023-05-01,ridge,2023-05-01,9,ret_12m,0.08291,date_specific_ascending_RGE
2023-05-01,ridge,2023-05-01,10,log_mktcap,0.473971,date_specific_ascending_RGE
2023-06-01,ridge,2023-06-01,1,ret_1w,0.000449,date_specific_ascending_RGE
2023-06-01,ridge,2023-06-01,2,ret_3m,0.004504,date_specific_ascending_RGE
2023-06-01,ridge,2023-06-01,3,vol_3m,0.005208,date_specific_ascending_RGE
2023-06-01,ridge,2023-06-01,4,vol_1m,0.009687,date_specific_ascending_RGE
2023-06-01,ridge,2023-06-01,5,vol_ratio,0.012916,date_specific_ascending_RGE
2023-06-01,ridge,2023-06-01,6,ret_1m,0.041296,date_specific_ascending_RGE
2023-06-01,ridge,2023-06-01,7,amihud,0.043576,date_specific_ascending_RGE
2023-06-01,ridge,2023-06-01,8,ret_6m,0.053802,date_specific_ascending_RGE
2023-06-01,ridge,2023-06-01,9,ret_12m,0.090514,date_specific_ascending_RGE
2023-06-01,ridge,2023-06-01,10,log_mktcap,0.526317,date_specific_ascending_RGE
2023-07-03,ridge,2023-07-03,1,ret_1w,0.000405,date_specific_ascending_RGE
2023-07-03,ridge,2023-07-03,2,vol_3m,0.003065,date_specific_ascending_RGE
2023-07-03,ridge,2023-07-03,3,ret_3m,0.008785,date_specific_ascending_RGE
2023-07-03,ridge,2023-07-03,4,vol_1m,0.009619,date_specific_ascending_RGE
2023-07-03,ridge,2023-07-03,5,vol_ratio,0.012254,date_specific_ascending_RGE
2023-07-03,ridge,2023-07-03,6,ret_1m,0.037222,date_specific_ascending_RGE
2023-07-03,ridge,2023-07-03,7,amihud,0.054753,date_specific_ascending_RGE
2023-07-03,ridge,2023-07-03,8,ret_6m,0.060745,date_specific_ascending_RGE
2023-07-03,ridge,2023-07-03,9,ret_12m,0.080785,date_specific_ascending_RGE
2023-07-03,ridge,2023-07-03,10,log_mktcap,0.423264,date_specific_ascending_RGE
2023-08-01,ridge,2023-08-01,1,ret_1w,0.000866,date_specific_ascending_RGE
2023-08-01,ridge,2023-08-01,2,vol_3m,0.005817,date_specific_ascending_RGE
2023-08-01,ridge,2023-08-01,3,ret_3m,0.009415,date_specific_ascending_RGE
2023-08-01,ridge,2023-08-01,4,vol_ratio,0.01982,date_specific_ascending_RGE
2023-08-01,ridge,2023-08-01,5,vol_1m,0.022185,date_specific_ascending_RGE
2023-08-01,ridge,2023-08-01,6,ret_1m,0.04339,date_specific_ascending_RGE
2023-08-01,ridge,2023-08-01,7,amihud,0.048668,date_specific_ascending_RGE
2023-08-01,ridge,2023-08-01,8,ret_6m,0.069334,date_specific_ascending_RGE
2023-08-01,ridge,2023-08-01,9,ret_12m,0.083296,date_specific_ascending_RGE
2023-08-01,ridge,2023-08-01,10,log_mktcap,0.464969,date_specific_ascending_RGE
2023-09-01,ridge,2023-09-01,1,ret_1w,0.001174,date_specific_ascending_RGE
2023-09-01,ridge,2023-09-01,2,vol_3m,0.008565,date_specific_ascending_RGE
2023-09-01,ridge,2023-09-01,3,ret_3m,0.010227,date_specific_ascending_RGE
2023-09-01,ridge,2023-09-01,4,vol_ratio,0.022143,date_specific_ascending_RGE
2023-09-01,ridge,2023-09-01,5,vol_1m,0.029089,date_specific_ascending_RGE
2023-09-01,ridge,2023-09-01,6,amihud,0.043136,date_specific_ascending_RGE
2023-09-01,ridge,2023-09-01,7,ret_1m,0.043811,date_specific_ascending_RGE
2023-09-01,ridge,2023-09-01,8,ret_6m,0.057716,date_specific_ascending_RGE
2023-09-01,ridge,2023-09-01,9,ret_12m,0.083615,date_specific_ascending_RGE
2023-09-01,ridge,2023-09-01,10,log_mktcap,0.478771,date_specific_ascending_RGE
2023-10-02,ridge,2023-10-02,1,ret_1w,0.000198,date_specific_ascending_RGE
2023-10-02,ridge,2023-10-02,2,vol_3m,0.007982,date_specific_ascending_RGE
2023-10-02,ridge,2023-10-02,3,ret_3m,0.009327,date_specific_ascending_RGE
2023-10-02,ridge,2023-10-02,4,vol_ratio,0.019682,date_specific_ascending_RGE
2023-10-02,ridge,2023-10-02,5,vol_1m,0.024685,date_specific_ascending_RGE
2023-10-02,ridge,2023-10-02,6,ret_1m,0.034896,date_specific_ascending_RGE
2023-10-02,ridge,2023-10-02,7,amihud,0.036991,date_specific_ascending_RGE
2023-10-02,ridge,2023-10-02,8,ret_6m,0.063723,date_specific_ascending_RGE
2023-10-02,ridge,2023-10-02,9,ret_12m,0.078771,date_specific_ascending_RGE
2023-10-02,ridge,2023-10-02,10,log_mktcap,0.473378,date_specific_ascending_RGE
2023-11-01,ridge,2023-11-01,1,ret_1w,0.000154,date_specific_ascending_RGE
2023-11-01,ridge,2023-11-01,2,vol_3m,0.007268,date_specific_ascending_RGE
2023-11-01,ridge,2023-11-01,3,ret_3m,0.007384,date_specific_ascending_RGE
2023-11-01,ridge,2023-11-01,4,vol_ratio,0.013443,date_specific_ascending_RGE
2023-11-01,ridge,2023-11-01,5,vol_1m,0.01788,date_specific_ascending_RGE
2023-11-01,ridge,2023-11-01,6,ret_1m,0.024511,date_specific_ascending_RGE
2023-11-01,ridge,2023-11-01,7,amihud,0.041371,date_specific_ascending_RGE
2023-11-01,ridge,2023-11-01,8,ret_6m,0.057432,date_specific_ascending_RGE
2023-11-01,ridge,2023-11-01,9,ret_12m,0.080716,date_specific_ascending_RGE
2023-11-01,ridge,2023-11-01,10,log_mktcap,0.443319,date_specific_ascending_RGE
2023-12-01,ridge,2023-12-01,1,ret_1w,6.8e-05,date_specific_ascending_RGE
2023-12-01,ridge,2023-12-01,2,vol_3m,0.007123,date_specific_ascending_RGE
2023-12-01,ridge,2023-12-01,3,vol_ratio,0.017152,date_specific_ascending_RGE
2023-12-01,ridge,2023-12-01,4,ret_3m,0.018708,date_specific_ascending_RGE
2023-12-01,ridge,2023-12-01,5,vol_1m,0.022143,date_specific_ascending_RGE
2023-12-01,ridge,2023-12-01,6,ret_1m,0.037021,date_specific_ascending_RGE
2023-12-01,ridge,2023-12-01,7,amihud,0.048838,date_specific_ascending_RGE
2023-12-01,ridge,2023-12-01,8,ret_6m,0.071933,date_specific_ascending_RGE
2023-12-01,ridge,2023-12-01,9,ret_12m,0.097998,date_specific_ascending_RGE
2023-12-01,ridge,2023-12-01,10,log_mktcap,0.488971,date_specific_ascending_RGE
2024-01-01,ridge,2024-01-01,1,ret_1w,0.0001,date_specific_ascending_RGE
2024-01-01,ridge,2024-01-01,2,vol_3m,0.003054,date_specific_ascending_RGE
2024-01-01,ridge,2024-01-01,3,vol_ratio,0.012676,date_specific_ascending_RGE
2024-01-01,ridge,2024-01-01,4,ret_1m,0.018293,date_specific_ascending_RGE
2024-01-01,ridge,2024-01-01,5,vol_1m,0.020112,date_specific_ascending_RGE
2024-01-01,ridge,2024-01-01,6,ret_3m,0.030999,date_specific_ascending_RGE
2024-01-01,ridge,2024-01-01,7,amihud,0.044548,date_specific_ascending_RGE
2024-01-01,ridge,2024-01-01,8,ret_6m,0.077114,date_specific_ascending_RGE
2024-01-01,ridge,2024-01-01,9,ret_12m,0.099454,date_specific_ascending_RGE
2024-01-01,ridge,2024-01-01,10,log_mktcap,0.473203,date_specific_ascending_RGE
2024-02-01,ridge,2024-02-01,1,ret_1w,4e-06,date_specific_ascending_RGE
2024-02-01,ridge,2024-02-01,2,vol_3m,0.004023,date_specific_ascending_RGE
2024-02-01,ridge,2024-02-01,3,vol_ratio,0.012967,date_specific_ascending_RGE
2024-02-01,ridge,2024-02-01,4,vol_1m,0.016126,date_specific_ascending_RGE
2024-02-01,ridge,2024-02-01,5,ret_1m,0.022619,date_specific_ascending_RGE
2024-02-01,ridge,2024-02-01,6,ret_3m,0.029509,date_specific_ascending_RGE
2024-02-01,ridge,2024-02-01,7,amihud,0.039754,date_specific_ascending_RGE
2024-02-01,ridge,2024-02-01,8,ret_6m,0.053824,date_specific_ascending_RGE
2024-02-01,ridge,2024-02-01,9,ret_12m,0.066036,date_specific_ascending_RGE
2024-02-01,ridge,2024-02-01,10,log_mktcap,0.469154,date_specific_ascending_RGE
2024-03-01,ridge,2024-03-01,1,ret_1w,0.000151,date_specific_ascending_RGE
2024-03-01,ridge,2024-03-01,2,vol_3m,0.005473,date_specific_ascending_RGE
2024-03-01,ridge,2024-03-01,3,vol_ratio,0.015084,date_specific_ascending_RGE
2024-03-01,ridge,2024-03-01,4,vol_1m,0.021787,date_specific_ascending_RGE
2024-03-01,ridge,2024-03-01,5,ret_1m,0.023261,date_specific_ascending_RGE
2024-03-01,ridge,2024-03-01,6,ret_3m,0.031183,date_specific_ascending_RGE
2024-03-01,ridge,2024-03-01,7,amihud,0.046058,date_specific_ascending_RGE
2024-03-01,ridge,2024-03-01,8,ret_12m,0.06395,date_specific_ascending_RGE
2024-03-01,ridge,2024-03-01,9,ret_6m,0.0648,date_specific_ascending_RGE
2024-03-01,ridge,2024-03-01,10,log_mktcap,0.479355,date_specific_ascending_RGE
2024-04-01,ridge,2024-04-01,1,ret_1w,5e-06,date_specific_ascending_RGE
2024-04-01,ridge,2024-04-01,2,vol_3m,0.005883,date_specific_ascending_RGE
2024-04-01,ridge,2024-04-01,3,vol_ratio,0.018501,date_specific_ascending_RGE
2024-04-01,ridge,2024-04-01,4,vol_1m,0.023786,date_specific_ascending_RGE
2024-04-01,ridge,2024-04-01,5,ret_1m,0.028593,date_specific_ascending_RGE
2024-04-01,ridge,2024-04-01,6,ret_3m,0.032242,date_specific_ascending_RGE
2024-04-01,ridge,2024-04-01,7,amihud,0.035149,date_specific_ascending_RGE
2024-04-01,ridge,2024-04-01,8,ret_12m,0.073488,date_specific_ascending_RGE
2024-04-01,ridge,2024-04-01,9,ret_6m,0.073714,date_specific_ascending_RGE
2024-04-01,ridge,2024-04-01,10,log_mktcap,0.489634,date_specific_ascending_RGE
2024-05-01,ridge,2024-05-01,1,ret_1w,9e-06,date_specific_ascending_RGE
2024-05-01,ridge,2024-05-01,2,vol_3m,0.006988,date_specific_ascending_RGE
2024-05-01,ridge,2024-05-01,3,vol_ratio,0.015289,date_specific_ascending_RGE
2024-05-01,ridge,2024-05-01,4,ret_1m,0.018081,date_specific_ascending_RGE
2024-05-01,ridge,2024-05-01,5,vol_1m,0.021751,date_specific_ascending_RGE
2024-05-01,ridge,2024-05-01,6,ret_3m,0.031263,date_specific_ascending_RGE
2024-05-01,ridge,2024-05-01,7,amihud,0.03596,date_specific_ascending_RGE
2024-05-01,ridge,2024-05-01,8,ret_12m,0.068734,date_specific_ascending_RGE
2024-05-01,ridge,2024-05-01,9,ret_6m,0.072016,date_specific_ascending_RGE
2024-05-01,ridge,2024-05-01,10,log_mktcap,0.456131,date_specific_ascending_RGE
2024-06-03,ridge,2024-06-03,1,ret_1w,0.000512,date_specific_ascending_RGE
2024-06-03,ridge,2024-06-03,2,vol_3m,0.012949,date_specific_ascending_RGE
2024-06-03,ridge,2024-06-03,3,ret_1m,0.021329,date_specific_ascending_RGE
2024-06-03,ridge,2024-06-03,4,vol_ratio,0.023956,date_specific_ascending_RGE
2024-06-03,ridge,2024-06-03,5,ret_3m,0.032127,date_specific_ascending_RGE
2024-06-03,ridge,2024-06-03,6,vol_1m,0.040316,date_specific_ascending_RGE
2024-06-03,ridge,2024-06-03,7,amihud,0.041772,date_specific_ascending_RGE
2024-06-03,ridge,2024-06-03,8,ret_6m,0.058058,date_specific_ascending_RGE
2024-06-03,ridge,2024-06-03,9,ret_12m,0.070804,date_specific_ascending_RGE
2024-06-03,ridge,2024-06-03,10,log_mktcap,0.469777,date_specific_ascending_RGE
2024-07-01,ridge,2024-07-01,1,ret_1w,1.7e-05,date_specific_ascending_RGE
2024-07-01,ridge,2024-07-01,2,vol_3m,0.012531,date_specific_ascending_RGE
2024-07-01,ridge,2024-07-01,3,ret_1m,0.016932,date_specific_ascending_RGE
2024-07-01,ridge,2024-07-01,4,vol_ratio,0.022909,date_specific_ascending_RGE
2024-07-01,ridge,2024-07-01,5,ret_3m,0.036227,date_specific_ascending_RGE
2024-07-01,ridge,2024-07-01,6,amihud,0.037156,date_specific_ascending_RGE
2024-07-01,ridge,2024-07-01,7,vol_1m,0.039986,date_specific_ascending_RGE
2024-07-01,ridge,2024-07-01,8,ret_12m,0.056443,date_specific_ascending_RGE
2024-07-01,ridge,2024-07-01,9,ret_6m,0.060438,date_specific_ascending_RGE
2024-07-01,ridge,2024-07-01,10,log_mktcap,0.501503,date_specific_ascending_RGE
2024-08-01,ridge,2024-08-01,1,ret_1w,2.4e-05,date_specific_ascending_RGE
2024-08-01,ridge,2024-08-01,2,vol_3m,0.015428,date_specific_ascending_RGE
2024-08-01,ridge,2024-08-01,3,ret_1m,0.0208,date_specific_ascending_RGE
2024-08-01,ridge,2024-08-01,4,vol_ratio,0.024065,date_specific_ascending_RGE
2024-08-01,ridge,2024-08-01,5,vol_1m,0.033352,date_specific_ascending_RGE
2024-08-01,ridge,2024-08-01,6,ret_3m,0.034277,date_specific_ascending_RGE
2024-08-01,ridge,2024-08-01,7,amihud,0.035673,date_specific_ascending_RGE
2024-08-01,ridge,2024-08-01,8,ret_12m,0.051304,date_specific_ascending_RGE
2024-08-01,ridge,2024-08-01,9,ret_6m,0.063696,date_specific_ascending_RGE
2024-08-01,ridge,2024-08-01,10,log_mktcap,0.415206,date_specific_ascending_RGE
2024-09-02,ridge,2024-09-02,1,ret_1w,1.6e-05,date_specific_ascending_RGE
2024-09-02,ridge,2024-09-02,2,vol_3m,0.014097,date_specific_ascending_RGE
2024-09-02,ridge,2024-09-02,3,vol_ratio,0.020221,date_specific_ascending_RGE
2024-09-02,ridge,2024-09-02,4,ret_1m,0.026283,date_specific_ascending_RGE
2024-09-02,ridge,2024-09-02,5,vol_1m,0.031773,date_specific_ascending_RGE
2024-09-02,ridge,2024-09-02,6,ret_3m,0.031971,date_specific_ascending_RGE
2024-09-02,ridge,2024-09-02,7,amihud,0.038581,date_specific_ascending_RGE
2024-09-02,ridge,2024-09-02,8,ret_12m,0.042698,date_specific_ascending_RGE
2024-09-02,ridge,2024-09-02,9,ret_6m,0.059867,date_specific_ascending_RGE
2024-09-02,ridge,2024-09-02,10,log_mktcap,0.415255,date_specific_ascending_RGE
2024-10-01,ridge,2024-10-01,1,ret_1w,0.000398,date_specific_ascending_RGE
2024-10-01,ridge,2024-10-01,2,vol_3m,0.013426,date_specific_ascending_RGE
2024-10-01,ridge,2024-10-01,3,vol_ratio,0.023071,date_specific_ascending_RGE
2024-10-01,ridge,2024-10-01,4,ret_1m,0.029301,date_specific_ascending_RGE
2024-10-01,ridge,2024-10-01,5,ret_3m,0.036132,date_specific_ascending_RGE
2024-10-01,ridge,2024-10-01,6,vol_1m,0.041685,date_specific_ascending_RGE
2024-10-01,ridge,2024-10-01,7,amihud,0.041981,date_specific_ascending_RGE
2024-10-01,ridge,2024-10-01,8,ret_12m,0.043352,date_specific_ascending_RGE
2024-10-01,ridge,2024-10-01,9,ret_6m,0.07057,date_specific_ascending_RGE
2024-10-01,ridge,2024-10-01,10,log_mktcap,0.443001,date_specific_ascending_RGE
2024-11-01,ridge,2024-11-01,1,ret_1w,0.000659,date_specific_ascending_RGE
2024-11-01,ridge,2024-11-01,2,vol_3m,0.01073,date_specific_ascending_RGE
2024-11-01,ridge,2024-11-01,3,ret_1m,0.021593,date_specific_ascending_RGE
2024-11-01,ridge,2024-11-01,4,vol_ratio,0.024571,date_specific_ascending_RGE
2024-11-01,ridge,2024-11-01,5,amihud,0.02916,date_specific_ascending_RGE
2024-11-01,ridge,2024-11-01,6,ret_12m,0.030806,date_specific_ascending_RGE
2024-11-01,ridge,2024-11-01,7,vol_1m,0.036909,date_specific_ascending_RGE
2024-11-01,ridge,2024-11-01,8,ret_3m,0.038771,date_specific_ascending_RGE
2024-11-01,ridge,2024-11-01,9,ret_6m,0.055111,date_specific_ascending_RGE
2024-11-01,ridge,2024-11-01,10,log_mktcap,0.423039,date_specific_ascending_RGE
2024-12-02,ridge,2024-12-02,1,ret_1w,0.000672,date_specific_ascending_RGE
2024-12-02,ridge,2024-12-02,2,vol_3m,0.005909,date_specific_ascending_RGE
2024-12-02,ridge,2024-12-02,3,ret_1m,0.020222,date_specific_ascending_RGE
2024-12-02,ridge,2024-12-02,4,vol_ratio,0.023914,date_specific_ascending_RGE
2024-12-02,ridge,2024-12-02,5,amihud,0.025062,date_specific_ascending_RGE
2024-12-02,ridge,2024-12-02,6,vol_1m,0.027627,date_specific_ascending_RGE
2024-12-02,ridge,2024-12-02,7,ret_12m,0.028581,date_specific_ascending_RGE
2024-12-02,ridge,2024-12-02,8,ret_3m,0.032246,date_specific_ascending_RGE
2024-12-02,ridge,2024-12-02,9,ret_6m,0.058093,date_specific_ascending_RGE
2024-12-02,ridge,2024-12-02,10,log_mktcap,0.476494,date_specific_ascending_RGE
2025-01-01,ridge,2025-01-01,1,ret_1w,0.000518,date_specific_ascending_RGE
2025-01-01,ridge,2025-01-01,2,vol_3m,0.006035,date_specific_ascending_RGE
2025-01-01,ridge,2025-01-01,3,amihud,0.018628,date_specific_ascending_RGE
2025-01-01,ridge,2025-01-01,4,ret_1m,0.020005,date_specific_ascending_RGE
2025-01-01,ridge,2025-01-01,5,vol_ratio,0.022391,date_specific_ascending_RGE
2025-01-01,ridge,2025-01-01,6,ret_12m,0.029304,date_specific_ascending_RGE
2025-01-01,ridge,2025-01-01,7,vol_1m,0.029508,date_specific_ascending_RGE
2025-01-01,ridge,2025-01-01,8,ret_3m,0.030133,date_specific_ascending_RGE
2025-01-01,ridge,2025-01-01,9,ret_6m,0.072974,date_specific_ascending_RGE
2025-01-01,ridge,2025-01-01,10,log_mktcap,0.55941,date_specific_ascending_RGE
2025-02-03,ridge,2025-02-03,1,ret_1w,0.001768,date_specific_ascending_RGE
2025-02-03,ridge,2025-02-03,2,vol_3m,0.004501,date_specific_ascending_RGE
2025-02-03,ridge,2025-02-03,3,ret_1m,0.022005,date_specific_ascending_RGE
2025-02-03,ridge,2025-02-03,4,amihud,0.025628,date_specific_ascending_RGE
2025-02-03,ridge,2025-02-03,5,ret_12m,0.028421,date_specific_ascending_RGE
2025-02-03,ridge,2025-02-03,6,vol_ratio,0.029826,date_specific_ascending_RGE
2025-02-03,ridge,2025-02-03,7,ret_3m,0.030802,date_specific_ascending_RGE
2025-02-03,ridge,2025-02-03,8,vol_1m,0.035078,date_specific_ascending_RGE
2025-02-03,ridge,2025-02-03,9,ret_6m,0.073009,date_specific_ascending_RGE
2025-02-03,ridge,2025-02-03,10,log_mktcap,0.457097,date_specific_ascending_RGE
2025-03-03,ridge,2025-03-03,1,ret_1w,0.000417,date_specific_ascending_RGE
2025-03-03,ridge,2025-03-03,2,vol_3m,0.01068,date_specific_ascending_RGE
2025-03-03,ridge,2025-03-03,3,ret_12m,0.021434,date_specific_ascending_RGE
2025-03-03,ridge,2025-03-03,4,ret_1m,0.02297,date_specific_ascending_RGE
2025-03-03,ridge,2025-03-03,5,ret_3m,0.025153,date_specific_ascending_RGE
2025-03-03,ridge,2025-03-03,6,vol_ratio,0.025745,date_specific_ascending_RGE
2025-03-03,ridge,2025-03-03,7,amihud,0.027336,date_specific_ascending_RGE
2025-03-03,ridge,2025-03-03,8,vol_1m,0.042349,date_specific_ascending_RGE
2025-03-03,ridge,2025-03-03,9,ret_6m,0.062769,date_specific_ascending_RGE
2025-03-03,ridge,2025-03-03,10,log_mktcap,0.379915,date_specific_ascending_RGE
2025-04-01,ridge,2025-04-01,1,ret_1w,9.8e-05,date_specific_ascending_RGE
2025-04-01,ridge,2025-04-01,2,vol_3m,0.019171,date_specific_ascending_RGE
2025-04-01,ridge,2025-04-01,3,ret_1m,0.02328,date_specific_ascending_RGE
2025-04-01,ridge,2025-04-01,4,amihud,0.025295,date_specific_ascending_RGE
2025-04-01,ridge,2025-04-01,5,ret_3m,0.027721,date_specific_ascending_RGE
2025-04-01,ridge,2025-04-01,6,ret_12m,0.0279,date_specific_ascending_RGE
2025-04-01,ridge,2025-04-01,7,vol_ratio,0.033392,date_specific_ascending_RGE
2025-04-01,ridge,2025-04-01,8,ret_6m,0.044562,date_specific_ascending_RGE
2025-04-01,ridge,2025-04-01,9,vol_1m,0.059177,date_specific_ascending_RGE
2025-04-01,ridge,2025-04-01,10,log_mktcap,0.490658,date_specific_ascending_RGE
2025-05-01,ridge,2025-05-01,1,ret_1w,0.000242,date_specific_ascending_RGE
2025-05-01,ridge,2025-05-01,2,vol_3m,0.022151,date_specific_ascending_RGE
2025-05-01,ridge,2025-05-01,3,ret_1m,0.023785,date_specific_ascending_RGE
2025-05-01,ridge,2025-05-01,4,ret_12m,0.025979,date_specific_ascending_RGE
2025-05-01,ridge,2025-05-01,5,amihud,0.030289,date_specific_ascending_RGE
2025-05-01,ridge,2025-05-01,6,ret_3m,0.03717,date_specific_ascending_RGE
2025-05-01,ridge,2025-05-01,7,vol_ratio,0.040289,date_specific_ascending_RGE
2025-05-01,ridge,2025-05-01,8,ret_6m,0.053674,date_specific_ascending_RGE
2025-05-01,ridge,2025-05-01,9,vol_1m,0.064784,date_specific_ascending_RGE
2025-05-01,ridge,2025-05-01,10,log_mktcap,0.571788,date_specific_ascending_RGE
2025-06-02,ridge,2025-06-02,1,ret_1w,0.000164,date_specific_ascending_RGE
2025-06-02,ridge,2025-06-02,2,vol_3m,0.014484,date_specific_ascending_RGE
2025-06-02,ridge,2025-06-02,3,ret_1m,0.020275,date_specific_ascending_RGE
2025-06-02,ridge,2025-06-02,4,ret_12m,0.024187,date_specific_ascending_RGE
2025-06-02,ridge,2025-06-02,5,vol_ratio,0.026898,date_specific_ascending_RGE
2025-06-02,ridge,2025-06-02,6,amihud,0.037063,date_specific_ascending_RGE
2025-06-02,ridge,2025-06-02,7,ret_3m,0.063653,date_specific_ascending_RGE
2025-06-02,ridge,2025-06-02,8,ret_6m,0.069736,date_specific_ascending_RGE
2025-06-02,ridge,2025-06-02,9,vol_1m,0.069997,date_specific_ascending_RGE
2025-06-02,ridge,2025-06-02,10,log_mktcap,0.510826,date_specific_ascending_RGE
2025-07-01,ridge,2025-07-01,1,ret_1w,2.6e-05,date_specific_ascending_RGE
2025-07-01,ridge,2025-07-01,2,vol_3m,0.006468,date_specific_ascending_RGE
2025-07-01,ridge,2025-07-01,3,ret_1m,0.011534,date_specific_ascending_RGE
2025-07-01,ridge,2025-07-01,4,ret_12m,0.025369,date_specific_ascending_RGE
2025-07-01,ridge,2025-07-01,5,vol_ratio,0.036693,date_specific_ascending_RGE
2025-07-01,ridge,2025-07-01,6,amihud,0.03823,date_specific_ascending_RGE
2025-07-01,ridge,2025-07-01,7,ret_3m,0.053727,date_specific_ascending_RGE
2025-07-01,ridge,2025-07-01,8,ret_6m,0.055832,date_specific_ascending_RGE
2025-07-01,ridge,2025-07-01,9,vol_1m,0.068552,date_specific_ascending_RGE
2025-07-01,ridge,2025-07-01,10,log_mktcap,0.539542,date_specific_ascending_RGE
2025-08-01,ridge,2025-08-01,1,ret_1w,1e-06,date_specific_ascending_RGE
2025-08-01,ridge,2025-08-01,2,vol_3m,0.00074,date_specific_ascending_RGE
2025-08-01,ridge,2025-08-01,3,ret_1m,0.009136,date_specific_ascending_RGE
2025-08-01,ridge,2025-08-01,4,ret_12m,0.016498,date_specific_ascending_RGE
2025-08-01,ridge,2025-08-01,5,vol_ratio,0.029776,date_specific_ascending_RGE
2025-08-01,ridge,2025-08-01,6,amihud,0.03107,date_specific_ascending_RGE
2025-08-01,ridge,2025-08-01,7,ret_3m,0.040058,date_specific_ascending_RGE
2025-08-01,ridge,2025-08-01,8,vol_1m,0.048309,date_specific_ascending_RGE
2025-08-01,ridge,2025-08-01,9,ret_6m,0.0521,date_specific_ascending_RGE
2025-08-01,ridge,2025-08-01,10,log_mktcap,0.502714,date_specific_ascending_RGE
2025-09-01,ridge,2025-09-01,1,ret_1w,1e-06,date_specific_ascending_RGE
2025-09-01,ridge,2025-09-01,2,vol_3m,1.2e-05,date_specific_ascending_RGE
2025-09-01,ridge,2025-09-01,3,ret_1m,0.014881,date_specific_ascending_RGE
2025-09-01,ridge,2025-09-01,4,ret_12m,0.016499,date_specific_ascending_RGE
2025-09-01,ridge,2025-09-01,5,ret_3m,0.025298,date_specific_ascending_RGE
2025-09-01,ridge,2025-09-01,6,vol_ratio,0.027254,date_specific_ascending_RGE
2025-09-01,ridge,2025-09-01,7,amihud,0.029073,date_specific_ascending_RGE
2025-09-01,ridge,2025-09-01,8,vol_1m,0.040117,date_specific_ascending_RGE
2025-09-01,ridge,2025-09-01,9,ret_6m,0.041962,date_specific_ascending_RGE
2025-09-01,ridge,2025-09-01,10,log_mktcap,0.513758,date_specific_ascending_RGE
2025-10-01,ridge,2025-10-01,1,ret_1w,0.000132,date_specific_ascending_RGE
2025-10-01,ridge,2025-10-01,2,vol_3m,0.00023,date_specific_ascending_RGE
2025-10-01,ridge,2025-10-01,3,ret_12m,0.011127,date_specific_ascending_RGE
2025-10-01,ridge,2025-10-01,4,ret_1m,0.014178,date_specific_ascending_RGE
2025-10-01,ridge,2025-10-01,5,vol_ratio,0.019319,date_specific_ascending_RGE
2025-10-01,ridge,2025-10-01,6,ret_3m,0.020655,date_specific_ascending_RGE
2025-10-01,ridge,2025-10-01,7,vol_1m,0.02529,date_specific_ascending_RGE
2025-10-01,ridge,2025-10-01,8,amihud,0.025938,date_specific_ascending_RGE
2025-10-01,ridge,2025-10-01,9,ret_6m,0.041345,date_specific_ascending_RGE
2025-10-01,ridge,2025-10-01,10,log_mktcap,0.406693,date_specific_ascending_RGE
2025-11-03,ridge,2025-11-03,1,ret_1w,9.4e-05,date_specific_ascending_RGE
2025-11-03,ridge,2025-11-03,2,vol_3m,0.000377,date_specific_ascending_RGE
2025-11-03,ridge,2025-11-03,3,ret_1m,0.014141,date_specific_ascending_RGE
2025-11-03,ridge,2025-11-03,4,ret_12m,0.015804,date_specific_ascending_RGE
2025-11-03,ridge,2025-11-03,5,vol_ratio,0.022478,date_specific_ascending_RGE
2025-11-03,ridge,2025-11-03,6,ret_3m,0.0273,date_specific_ascending_RGE
2025-11-03,ridge,2025-11-03,7,amihud,0.02979,date_specific_ascending_RGE
2025-11-03,ridge,2025-11-03,8,vol_1m,0.038401,date_specific_ascending_RGE
2025-11-03,ridge,2025-11-03,9,ret_6m,0.05688,date_specific_ascending_RGE
2025-11-03,ridge,2025-11-03,10,log_mktcap,0.491456,date_specific_ascending_RGE
2025-12-01,ridge,2025-12-01,1,vol_3m,0.000117,date_specific_ascending_RGE
2025-12-01,ridge,2025-12-01,2,ret_1w,0.000156,date_specific_ascending_RGE
2025-12-01,ridge,2025-12-01,3,ret_12m,0.016788,date_specific_ascending_RGE
2025-12-01,ridge,2025-12-01,4,ret_1m,0.017656,date_specific_ascending_RGE
2025-12-01,ridge,2025-12-01,5,ret_3m,0.022568,date_specific_ascending_RGE
2025-12-01,ridge,2025-12-01,6,vol_ratio,0.026522,date_specific_ascending_RGE
2025-12-01,ridge,2025-12-01,7,amihud,0.030205,date_specific_ascending_RGE
2025-12-01,ridge,2025-12-01,8,vol_1m,0.041709,date_specific_ascending_RGE
2025-12-01,ridge,2025-12-01,9,ret_6m,0.055511,date_specific_ascending_RGE
2025-12-01,ridge,2025-12-01,10,log_mktcap,0.481487,date_specific_ascending_RGE
2023-01-02,xgboost,2023-01-02,1,vol_3m,0.000598,date_specific_ascending_RGE
2023-01-02,xgboost,2023-01-02,2,vol_1m,0.000791,date_specific_ascending_RGE
2023-01-02,xgboost,2023-01-02,3,ret_3m,0.002019,date_specific_ascending_RGE
2023-01-02,xgboost,2023-01-02,4,ret_6m,0.002766,date_specific_ascending_RGE
2023-01-02,xgboost,2023-01-02,5,amihud,0.003147,date_specific_ascending_RGE
2023-01-02,xgboost,2023-01-02,6,ret_1w,0.003516,date_specific_ascending_RGE
2023-01-02,xgboost,2023-01-02,7,vol_ratio,0.003679,date_specific_ascending_RGE
2023-01-02,xgboost,2023-01-02,8,ret_12m,0.025529,date_specific_ascending_RGE
2023-01-02,xgboost,2023-01-02,9,ret_1m,0.07647,date_specific_ascending_RGE
2023-01-02,xgboost,2023-01-02,10,log_mktcap,0.133254,date_specific_ascending_RGE
2023-02-01,xgboost,2023-02-01,1,vol_1m,0.002881,date_specific_ascending_RGE
2023-02-01,xgboost,2023-02-01,2,ret_3m,0.005939,date_specific_ascending_RGE
2023-02-01,xgboost,2023-02-01,3,vol_3m,0.007219,date_specific_ascending_RGE
2023-02-01,xgboost,2023-02-01,4,amihud,0.008291,date_specific_ascending_RGE
2023-02-01,xgboost,2023-02-01,5,ret_1w,0.011427,date_specific_ascending_RGE
2023-02-01,xgboost,2023-02-01,6,ret_6m,0.022522,date_specific_ascending_RGE
2023-02-01,xgboost,2023-02-01,7,vol_ratio,0.022711,date_specific_ascending_RGE
2023-02-01,xgboost,2023-02-01,8,ret_1m,0.044899,date_specific_ascending_RGE
2023-02-01,xgboost,2023-02-01,9,ret_12m,0.053083,date_specific_ascending_RGE
2023-02-01,xgboost,2023-02-01,10,log_mktcap,0.375664,date_specific_ascending_RGE
2023-03-01,xgboost,2023-03-01,1,vol_1m,0.002945,date_specific_ascending_RGE
2023-03-01,xgboost,2023-03-01,2,ret_1w,0.003542,date_specific_ascending_RGE
2023-03-01,xgboost,2023-03-01,3,ret_6m,0.003932,date_specific_ascending_RGE
2023-03-01,xgboost,2023-03-01,4,amihud,0.004061,date_specific_ascending_RGE
2023-03-01,xgboost,2023-03-01,5,ret_3m,0.004519,date_specific_ascending_RGE
2023-03-01,xgboost,2023-03-01,6,vol_3m,0.005323,date_specific_ascending_RGE
2023-03-01,xgboost,2023-03-01,7,vol_ratio,0.00534,date_specific_ascending_RGE
2023-03-01,xgboost,2023-03-01,8,ret_12m,0.038315,date_specific_ascending_RGE
2023-03-01,xgboost,2023-03-01,9,ret_1m,0.081993,date_specific_ascending_RGE
2023-03-01,xgboost,2023-03-01,10,log_mktcap,0.26224,date_specific_ascending_RGE
2023-04-03,xgboost,2023-04-03,1,vol_1m,0.010825,date_specific_ascending_RGE
2023-04-03,xgboost,2023-04-03,2,vol_3m,0.019018,date_specific_ascending_RGE
2023-04-03,xgboost,2023-04-03,3,vol_ratio,0.019781,date_specific_ascending_RGE
2023-04-03,xgboost,2023-04-03,4,amihud,0.019914,date_specific_ascending_RGE
2023-04-03,xgboost,2023-04-03,5,ret_1w,0.031885,date_specific_ascending_RGE
2023-04-03,xgboost,2023-04-03,6,ret_6m,0.038426,date_specific_ascending_RGE
2023-04-03,xgboost,2023-04-03,7,ret_3m,0.047945,date_specific_ascending_RGE
2023-04-03,xgboost,2023-04-03,8,ret_12m,0.07458,date_specific_ascending_RGE
2023-04-03,xgboost,2023-04-03,9,ret_1m,0.105715,date_specific_ascending_RGE
2023-04-03,xgboost,2023-04-03,10,log_mktcap,0.282222,date_specific_ascending_RGE
2023-05-01,xgboost,2023-05-01,1,vol_1m,0.003118,date_specific_ascending_RGE
2023-05-01,xgboost,2023-05-01,2,vol_3m,0.005517,date_specific_ascending_RGE
2023-05-01,xgboost,2023-05-01,3,amihud,0.007529,date_specific_ascending_RGE
2023-05-01,xgboost,2023-05-01,4,ret_1w,0.007555,date_specific_ascending_RGE
2023-05-01,xgboost,2023-05-01,5,vol_ratio,0.010624,date_specific_ascending_RGE
2023-05-01,xgboost,2023-05-01,6,ret_3m,0.013207,date_specific_ascending_RGE
2023-05-01,xgboost,2023-05-01,7,ret_6m,0.018973,date_specific_ascending_RGE
2023-05-01,xgboost,2023-05-01,8,ret_12m,0.045352,date_specific_ascending_RGE
2023-05-01,xgboost,2023-05-01,9,ret_1m,0.046512,date_specific_ascending_RGE
2023-05-01,xgboost,2023-05-01,10,log_mktcap,0.226308,date_specific_ascending_RGE
2023-06-01,xgboost,2023-06-01,1,vol_1m,0.011204,date_specific_ascending_RGE
2023-06-01,xgboost,2023-06-01,2,ret_1w,0.024001,date_specific_ascending_RGE
2023-06-01,xgboost,2023-06-01,3,ret_6m,0.027666,date_specific_ascending_RGE
2023-06-01,xgboost,2023-06-01,4,vol_ratio,0.03514,date_specific_ascending_RGE
2023-06-01,xgboost,2023-06-01,5,ret_12m,0.037471,date_specific_ascending_RGE
2023-06-01,xgboost,2023-06-01,6,ret_3m,0.047541,date_specific_ascending_RGE
2023-06-01,xgboost,2023-06-01,7,ret_1m,0.082211,date_specific_ascending_RGE
2023-06-01,xgboost,2023-06-01,8,amihud,0.087412,date_specific_ascending_RGE
2023-06-01,xgboost,2023-06-01,9,vol_3m,0.10163,date_specific_ascending_RGE
2023-06-01,xgboost,2023-06-01,10,log_mktcap,0.276497,date_specific_ascending_RGE
2023-07-03,xgboost,2023-07-03,1,vol_1m,0.000827,date_specific_ascending_RGE
2023-07-03,xgboost,2023-07-03,2,vol_3m,0.005002,date_specific_ascending_RGE
2023-07-03,xgboost,2023-07-03,3,ret_1w,0.005413,date_specific_ascending_RGE
2023-07-03,xgboost,2023-07-03,4,amihud,0.007084,date_specific_ascending_RGE
2023-07-03,xgboost,2023-07-03,5,ret_3m,0.008201,date_specific_ascending_RGE
2023-07-03,xgboost,2023-07-03,6,vol_ratio,0.011384,date_specific_ascending_RGE
2023-07-03,xgboost,2023-07-03,7,ret_6m,0.017389,date_specific_ascending_RGE
2023-07-03,xgboost,2023-07-03,8,ret_12m,0.037007,date_specific_ascending_RGE
2023-07-03,xgboost,2023-07-03,9,ret_1m,0.070253,date_specific_ascending_RGE
2023-07-03,xgboost,2023-07-03,10,log_mktcap,0.208646,date_specific_ascending_RGE
2023-08-01,xgboost,2023-08-01,1,ret_1w,0.0,date_specific_ascending_RGE
2023-08-01,xgboost,2023-08-01,2,vol_3m,0.011266,date_specific_ascending_RGE
2023-08-01,xgboost,2023-08-01,3,vol_1m,0.038191,date_specific_ascending_RGE
2023-08-01,xgboost,2023-08-01,4,amihud,0.040138,date_specific_ascending_RGE
2023-08-01,xgboost,2023-08-01,5,vol_ratio,0.042378,date_specific_ascending_RGE
2023-08-01,xgboost,2023-08-01,6,ret_12m,0.057293,date_specific_ascending_RGE
2023-08-01,xgboost,2023-08-01,7,ret_6m,0.096203,date_specific_ascending_RGE
2023-08-01,xgboost,2023-08-01,8,ret_3m,0.115171,date_specific_ascending_RGE
2023-08-01,xgboost,2023-08-01,9,ret_1m,0.144013,date_specific_ascending_RGE
2023-08-01,xgboost,2023-08-01,10,log_mktcap,0.21602,date_specific_ascending_RGE
2023-09-01,xgboost,2023-09-01,1,vol_1m,0.0,date_specific_ascending_RGE
2023-09-01,xgboost,2023-09-01,2,vol_3m,0.00116,date_specific_ascending_RGE
2023-09-01,xgboost,2023-09-01,3,ret_6m,0.003183,date_specific_ascending_RGE
2023-09-01,xgboost,2023-09-01,4,ret_3m,0.00358,date_specific_ascending_RGE
2023-09-01,xgboost,2023-09-01,5,ret_1w,0.004307,date_specific_ascending_RGE
2023-09-01,xgboost,2023-09-01,6,amihud,0.008616,date_specific_ascending_RGE
2023-09-01,xgboost,2023-09-01,7,vol_ratio,0.01028,date_specific_ascending_RGE
2023-09-01,xgboost,2023-09-01,8,ret_12m,0.020922,date_specific_ascending_RGE
2023-09-01,xgboost,2023-09-01,9,ret_1m,0.130556,date_specific_ascending_RGE
2023-09-01,xgboost,2023-09-01,10,log_mktcap,0.186061,date_specific_ascending_RGE
2023-10-02,xgboost,2023-10-02,1,vol_1m,0.001405,date_specific_ascending_RGE
2023-10-02,xgboost,2023-10-02,2,vol_3m,0.00142,date_specific_ascending_RGE
2023-10-02,xgboost,2023-10-02,3,ret_1w,0.002133,date_specific_ascending_RGE
2023-10-02,xgboost,2023-10-02,4,amihud,0.004757,date_specific_ascending_RGE
2023-10-02,xgboost,2023-10-02,5,vol_ratio,0.004921,date_specific_ascending_RGE
2023-10-02,xgboost,2023-10-02,6,ret_6m,0.009847,date_specific_ascending_RGE
2023-10-02,xgboost,2023-10-02,7,ret_3m,0.014991,date_specific_ascending_RGE
2023-10-02,xgboost,2023-10-02,8,ret_12m,0.017145,date_specific_ascending_RGE
2023-10-02,xgboost,2023-10-02,9,ret_1m,0.091991,date_specific_ascending_RGE
2023-10-02,xgboost,2023-10-02,10,log_mktcap,0.208022,date_specific_ascending_RGE
2023-11-01,xgboost,2023-11-01,1,vol_1m,0.000126,date_specific_ascending_RGE
2023-11-01,xgboost,2023-11-01,2,amihud,0.002085,date_specific_ascending_RGE
2023-11-01,xgboost,2023-11-01,3,vol_3m,0.002186,date_specific_ascending_RGE
2023-11-01,xgboost,2023-11-01,4,ret_3m,0.002454,date_specific_ascending_RGE
2023-11-01,xgboost,2023-11-01,5,vol_ratio,0.00431,date_specific_ascending_RGE
2023-11-01,xgboost,2023-11-01,6,ret_1w,0.006117,date_specific_ascending_RGE
2023-11-01,xgboost,2023-11-01,7,ret_6m,0.006429,date_specific_ascending_RGE
2023-11-01,xgboost,2023-11-01,8,ret_12m,0.035337,date_specific_ascending_RGE
2023-11-01,xgboost,2023-11-01,9,ret_1m,0.122425,date_specific_ascending_RGE
2023-11-01,xgboost,2023-11-01,10,log_mktcap,0.167833,date_specific_ascending_RGE
2023-12-01,xgboost,2023-12-01,1,vol_1m,8.9e-05,date_specific_ascending_RGE
2023-12-01,xgboost,2023-12-01,2,vol_3m,0.001246,date_specific_ascending_RGE
2023-12-01,xgboost,2023-12-01,3,ret_1w,0.001458,date_specific_ascending_RGE
2023-12-01,xgboost,2023-12-01,4,vol_ratio,0.00205,date_specific_ascending_RGE
2023-12-01,xgboost,2023-12-01,5,ret_6m,0.004471,date_specific_ascending_RGE
2023-12-01,xgboost,2023-12-01,6,amihud,0.005535,date_specific_ascending_RGE
2023-12-01,xgboost,2023-12-01,7,ret_3m,0.01198,date_specific_ascending_RGE
2023-12-01,xgboost,2023-12-01,8,ret_12m,0.022364,date_specific_ascending_RGE
2023-12-01,xgboost,2023-12-01,9,ret_1m,0.107388,date_specific_ascending_RGE
2023-12-01,xgboost,2023-12-01,10,log_mktcap,0.265109,date_specific_ascending_RGE
2024-01-01,xgboost,2024-01-01,1,vol_1m,0.000239,date_specific_ascending_RGE
2024-01-01,xgboost,2024-01-01,2,vol_ratio,0.000975,date_specific_ascending_RGE
2024-01-01,xgboost,2024-01-01,3,ret_1w,0.001113,date_specific_ascending_RGE
2024-01-01,xgboost,2024-01-01,4,ret_6m,0.002966,date_specific_ascending_RGE
2024-01-01,xgboost,2024-01-01,5,vol_3m,0.005529,date_specific_ascending_RGE
2024-01-01,xgboost,2024-01-01,6,amihud,0.008475,date_specific_ascending_RGE
2024-01-01,xgboost,2024-01-01,7,ret_3m,0.010612,date_specific_ascending_RGE
2024-01-01,xgboost,2024-01-01,8,ret_12m,0.023193,date_specific_ascending_RGE
2024-01-01,xgboost,2024-01-01,9,ret_1m,0.06234,date_specific_ascending_RGE
2024-01-01,xgboost,2024-01-01,10,log_mktcap,0.142133,date_specific_ascending_RGE
2024-02-01,xgboost,2024-02-01,1,vol_3m,0.0,date_specific_ascending_RGE
2024-02-01,xgboost,2024-02-01,2,vol_1m,0.000122,date_specific_ascending_RGE
2024-02-01,xgboost,2024-02-01,3,ret_1w,0.00225,date_specific_ascending_RGE
2024-02-01,xgboost,2024-02-01,4,ret_6m,0.004183,date_specific_ascending_RGE
2024-02-01,xgboost,2024-02-01,5,vol_ratio,0.008018,date_specific_ascending_RGE
2024-02-01,xgboost,2024-02-01,6,amihud,0.009033,date_specific_ascending_RGE
2024-02-01,xgboost,2024-02-01,7,ret_3m,0.02348,date_specific_ascending_RGE
2024-02-01,xgboost,2024-02-01,8,ret_12m,0.033646,date_specific_ascending_RGE
2024-02-01,xgboost,2024-02-01,9,ret_1m,0.049636,date_specific_ascending_RGE
2024-02-01,xgboost,2024-02-01,10,log_mktcap,0.208459,date_specific_ascending_RGE
2024-03-01,xgboost,2024-03-01,1,ret_1w,0.0,date_specific_ascending_RGE
2024-03-01,xgboost,2024-03-01,2,vol_1m,0.027577,date_specific_ascending_RGE
2024-03-01,xgboost,2024-03-01,3,vol_3m,0.035696,date_specific_ascending_RGE
2024-03-01,xgboost,2024-03-01,4,ret_6m,0.038007,date_specific_ascending_RGE
2024-03-01,xgboost,2024-03-01,5,ret_12m,0.038727,date_specific_ascending_RGE
2024-03-01,xgboost,2024-03-01,6,vol_ratio,0.069455,date_specific_ascending_RGE
2024-03-01,xgboost,2024-03-01,7,ret_3m,0.075372,date_specific_ascending_RGE
2024-03-01,xgboost,2024-03-01,8,amihud,0.07856,date_specific_ascending_RGE
2024-03-01,xgboost,2024-03-01,9,ret_1m,0.205888,date_specific_ascending_RGE
2024-03-01,xgboost,2024-03-01,10,log_mktcap,0.224339,date_specific_ascending_RGE
2024-04-01,xgboost,2024-04-01,1,vol_3m,0.0,date_specific_ascending_RGE
2024-04-01,xgboost,2024-04-01,2,vol_1m,0.0,date_specific_ascending_RGE
2024-04-01,xgboost,2024-04-01,3,ret_1w,0.002506,date_specific_ascending_RGE
2024-04-01,xgboost,2024-04-01,4,vol_ratio,0.006134,date_specific_ascending_RGE
2024-04-01,xgboost,2024-04-01,5,ret_6m,0.007714,date_specific_ascending_RGE
2024-04-01,xgboost,2024-04-01,6,ret_12m,0.009171,date_specific_ascending_RGE
2024-04-01,xgboost,2024-04-01,7,amihud,0.010053,date_specific_ascending_RGE
2024-04-01,xgboost,2024-04-01,8,ret_3m,0.011984,date_specific_ascending_RGE
2024-04-01,xgboost,2024-04-01,9,ret_1m,0.076903,date_specific_ascending_RGE
2024-04-01,xgboost,2024-04-01,10,log_mktcap,0.175786,date_specific_ascending_RGE
2024-05-01,xgboost,2024-05-01,1,ret_1w,0.002187,date_specific_ascending_RGE
2024-05-01,xgboost,2024-05-01,2,vol_1m,0.002296,date_specific_ascending_RGE
2024-05-01,xgboost,2024-05-01,3,ret_6m,0.005406,date_specific_ascending_RGE
2024-05-01,xgboost,2024-05-01,4,vol_3m,0.006248,date_specific_ascending_RGE
2024-05-01,xgboost,2024-05-01,5,amihud,0.012772,date_specific_ascending_RGE
2024-05-01,xgboost,2024-05-01,6,ret_3m,0.016051,date_specific_ascending_RGE
2024-05-01,xgboost,2024-05-01,7,ret_12m,0.022743,date_specific_ascending_RGE
2024-05-01,xgboost,2024-05-01,8,vol_ratio,0.026545,date_specific_ascending_RGE
2024-05-01,xgboost,2024-05-01,9,ret_1m,0.065012,date_specific_ascending_RGE
2024-05-01,xgboost,2024-05-01,10,log_mktcap,0.226654,date_specific_ascending_RGE
2024-06-03,xgboost,2024-06-03,1,vol_3m,0.0,date_specific_ascending_RGE
2024-06-03,xgboost,2024-06-03,2,vol_1m,0.0,date_specific_ascending_RGE
2024-06-03,xgboost,2024-06-03,3,ret_1w,0.002051,date_specific_ascending_RGE
2024-06-03,xgboost,2024-06-03,4,ret_6m,0.003125,date_specific_ascending_RGE
2024-06-03,xgboost,2024-06-03,5,amihud,0.006234,date_specific_ascending_RGE
2024-06-03,xgboost,2024-06-03,6,ret_3m,0.010641,date_specific_ascending_RGE
2024-06-03,xgboost,2024-06-03,7,ret_12m,0.026742,date_specific_ascending_RGE
2024-06-03,xgboost,2024-06-03,8,vol_ratio,0.027367,date_specific_ascending_RGE
2024-06-03,xgboost,2024-06-03,9,ret_1m,0.074493,date_specific_ascending_RGE
2024-06-03,xgboost,2024-06-03,10,log_mktcap,0.165593,date_specific_ascending_RGE
2024-07-01,xgboost,2024-07-01,1,vol_ratio,0.0,date_specific_ascending_RGE
2024-07-01,xgboost,2024-07-01,2,ret_1w,0.0,date_specific_ascending_RGE
2024-07-01,xgboost,2024-07-01,3,vol_3m,0.003205,date_specific_ascending_RGE
2024-07-01,xgboost,2024-07-01,4,amihud,0.014891,date_specific_ascending_RGE
2024-07-01,xgboost,2024-07-01,5,ret_6m,0.070265,date_specific_ascending_RGE
2024-07-01,xgboost,2024-07-01,6,vol_1m,0.080417,date_specific_ascending_RGE
2024-07-01,xgboost,2024-07-01,7,ret_12m,0.170954,date_specific_ascending_RGE
2024-07-01,xgboost,2024-07-01,8,ret_3m,0.179436,date_specific_ascending_RGE
2024-07-01,xgboost,2024-07-01,9,ret_1m,0.23653,date_specific_ascending_RGE
2024-07-01,xgboost,2024-07-01,10,log_mktcap,0.265666,date_specific_ascending_RGE
2024-08-01,xgboost,2024-08-01,1,vol_1m,0.001484,date_specific_ascending_RGE
2024-08-01,xgboost,2024-08-01,2,ret_1w,0.004974,date_specific_ascending_RGE
2024-08-01,xgboost,2024-08-01,3,vol_3m,0.005361,date_specific_ascending_RGE
2024-08-01,xgboost,2024-08-01,4,amihud,0.015025,date_specific_ascending_RGE
2024-08-01,xgboost,2024-08-01,5,ret_3m,0.016643,date_specific_ascending_RGE
2024-08-01,xgboost,2024-08-01,6,ret_6m,0.018566,date_specific_ascending_RGE
2024-08-01,xgboost,2024-08-01,7,vol_ratio,0.018814,date_specific_ascending_RGE
2024-08-01,xgboost,2024-08-01,8,ret_12m,0.027962,date_specific_ascending_RGE
2024-08-01,xgboost,2024-08-01,9,ret_1m,0.084157,date_specific_ascending_RGE
2024-08-01,xgboost,2024-08-01,10,log_mktcap,0.249298,date_specific_ascending_RGE
2024-09-02,xgboost,2024-09-02,1,vol_1m,0.000511,date_specific_ascending_RGE
2024-09-02,xgboost,2024-09-02,2,vol_3m,0.001173,date_specific_ascending_RGE
2024-09-02,xgboost,2024-09-02,3,ret_6m,0.002787,date_specific_ascending_RGE
2024-09-02,xgboost,2024-09-02,4,ret_1w,0.003361,date_specific_ascending_RGE
2024-09-02,xgboost,2024-09-02,5,vol_ratio,0.003387,date_specific_ascending_RGE
2024-09-02,xgboost,2024-09-02,6,ret_3m,0.008373,date_specific_ascending_RGE
2024-09-02,xgboost,2024-09-02,7,amihud,0.00972,date_specific_ascending_RGE
2024-09-02,xgboost,2024-09-02,8,ret_12m,0.013904,date_specific_ascending_RGE
2024-09-02,xgboost,2024-09-02,9,ret_1m,0.138028,date_specific_ascending_RGE
2024-09-02,xgboost,2024-09-02,10,log_mktcap,0.154831,date_specific_ascending_RGE
2024-10-01,xgboost,2024-10-01,1,vol_1m,0.000228,date_specific_ascending_RGE
2024-10-01,xgboost,2024-10-01,2,ret_6m,0.002502,date_specific_ascending_RGE
2024-10-01,xgboost,2024-10-01,3,vol_3m,0.002806,date_specific_ascending_RGE
2024-10-01,xgboost,2024-10-01,4,ret_1w,0.004374,date_specific_ascending_RGE
2024-10-01,xgboost,2024-10-01,5,ret_3m,0.006287,date_specific_ascending_RGE
2024-10-01,xgboost,2024-10-01,6,vol_ratio,0.007639,date_specific_ascending_RGE
2024-10-01,xgboost,2024-10-01,7,amihud,0.009008,date_specific_ascending_RGE
2024-10-01,xgboost,2024-10-01,8,ret_12m,0.012079,date_specific_ascending_RGE
2024-10-01,xgboost,2024-10-01,9,ret_1m,0.130607,date_specific_ascending_RGE
2024-10-01,xgboost,2024-10-01,10,log_mktcap,0.189548,date_specific_ascending_RGE
2024-11-01,xgboost,2024-11-01,1,ret_1w,0.0,date_specific_ascending_RGE
2024-11-01,xgboost,2024-11-01,2,vol_1m,0.0,date_specific_ascending_RGE
2024-11-01,xgboost,2024-11-01,3,amihud,0.0,date_specific_ascending_RGE
2024-11-01,xgboost,2024-11-01,4,vol_3m,0.0,date_specific_ascending_RGE
2024-11-01,xgboost,2024-11-01,5,vol_ratio,0.00244,date_specific_ascending_RGE
2024-11-01,xgboost,2024-11-01,6,ret_6m,0.012021,date_specific_ascending_RGE
2024-11-01,xgboost,2024-11-01,7,ret_3m,0.013745,date_specific_ascending_RGE
2024-11-01,xgboost,2024-11-01,8,ret_12m,0.031939,date_specific_ascending_RGE
2024-11-01,xgboost,2024-11-01,9,ret_1m,0.219981,date_specific_ascending_RGE
2024-11-01,xgboost,2024-11-01,10,log_mktcap,0.230557,date_specific_ascending_RGE
2024-12-02,xgboost,2024-12-02,1,ret_1w,0.0,date_specific_ascending_RGE
2024-12-02,xgboost,2024-12-02,2,vol_1m,0.0,date_specific_ascending_RGE
2024-12-02,xgboost,2024-12-02,3,amihud,0.0,date_specific_ascending_RGE
2024-12-02,xgboost,2024-12-02,4,vol_3m,0.0,date_specific_ascending_RGE
2024-12-02,xgboost,2024-12-02,5,vol_ratio,0.005158,date_specific_ascending_RGE
2024-12-02,xgboost,2024-12-02,6,ret_3m,0.010341,date_specific_ascending_RGE
2024-12-02,xgboost,2024-12-02,7,ret_6m,0.014521,date_specific_ascending_RGE
2024-12-02,xgboost,2024-12-02,8,ret_12m,0.030933,date_specific_ascending_RGE
2024-12-02,xgboost,2024-12-02,9,ret_1m,0.199283,date_specific_ascending_RGE
2024-12-02,xgboost,2024-12-02,10,log_mktcap,0.258806,date_specific_ascending_RGE
2025-01-01,xgboost,2025-01-01,1,vol_3m,0.000738,date_specific_ascending_RGE
2025-01-01,xgboost,2025-01-01,2,vol_1m,0.001012,date_specific_ascending_RGE
2025-01-01,xgboost,2025-01-01,3,ret_6m,0.005782,date_specific_ascending_RGE
2025-01-01,xgboost,2025-01-01,4,ret_1w,0.005991,date_specific_ascending_RGE
2025-01-01,xgboost,2025-01-01,5,ret_3m,0.007462,date_specific_ascending_RGE
2025-01-01,xgboost,2025-01-01,6,vol_ratio,0.007891,date_specific_ascending_RGE
2025-01-01,xgboost,2025-01-01,7,ret_12m,0.007954,date_specific_ascending_RGE
2025-01-01,xgboost,2025-01-01,8,amihud,0.008112,date_specific_ascending_RGE
2025-01-01,xgboost,2025-01-01,9,ret_1m,0.075254,date_specific_ascending_RGE
2025-01-01,xgboost,2025-01-01,10,log_mktcap,0.222882,date_specific_ascending_RGE
2025-02-03,xgboost,2025-02-03,1,ret_1w,0.0,date_specific_ascending_RGE
2025-02-03,xgboost,2025-02-03,2,vol_ratio,0.0,date_specific_ascending_RGE
2025-02-03,xgboost,2025-02-03,3,vol_3m,0.0,date_specific_ascending_RGE
2025-02-03,xgboost,2025-02-03,4,vol_1m,0.014383,date_specific_ascending_RGE
2025-02-03,xgboost,2025-02-03,5,amihud,0.01493,date_specific_ascending_RGE
2025-02-03,xgboost,2025-02-03,6,ret_6m,0.020461,date_specific_ascending_RGE
2025-02-03,xgboost,2025-02-03,7,ret_12m,0.031869,date_specific_ascending_RGE
2025-02-03,xgboost,2025-02-03,8,ret_3m,0.045895,date_specific_ascending_RGE
2025-02-03,xgboost,2025-02-03,9,ret_1m,0.216778,date_specific_ascending_RGE
2025-02-03,xgboost,2025-02-03,10,log_mktcap,0.223589,date_specific_ascending_RGE
2025-03-03,xgboost,2025-03-03,1,vol_ratio,0.0,date_specific_ascending_RGE
2025-03-03,xgboost,2025-03-03,2,ret_1w,0.0,date_specific_ascending_RGE
2025-03-03,xgboost,2025-03-03,3,ret_6m,0.055784,date_specific_ascending_RGE
2025-03-03,xgboost,2025-03-03,4,amihud,0.068345,date_specific_ascending_RGE
2025-03-03,xgboost,2025-03-03,5,vol_3m,0.068376,date_specific_ascending_RGE
2025-03-03,xgboost,2025-03-03,6,vol_1m,0.117794,date_specific_ascending_RGE
2025-03-03,xgboost,2025-03-03,7,ret_1m,0.129763,date_specific_ascending_RGE
2025-03-03,xgboost,2025-03-03,8,ret_3m,0.143034,date_specific_ascending_RGE
2025-03-03,xgboost,2025-03-03,9,log_mktcap,0.220856,date_specific_ascending_RGE
2025-03-03,xgboost,2025-03-03,10,ret_12m,0.26111,date_specific_ascending_RGE
2025-04-01,xgboost,2025-04-01,1,vol_ratio,0.0,date_specific_ascending_RGE
2025-04-01,xgboost,2025-04-01,2,ret_1w,0.0,date_specific_ascending_RGE
2025-04-01,xgboost,2025-04-01,3,vol_3m,0.017638,date_specific_ascending_RGE
2025-04-01,xgboost,2025-04-01,4,vol_1m,0.036394,date_specific_ascending_RGE
2025-04-01,xgboost,2025-04-01,5,amihud,0.068132,date_specific_ascending_RGE
2025-04-01,xgboost,2025-04-01,6,ret_6m,0.077232,date_specific_ascending_RGE
2025-04-01,xgboost,2025-04-01,7,ret_3m,0.132184,date_specific_ascending_RGE
2025-04-01,xgboost,2025-04-01,8,ret_1m,0.14644,date_specific_ascending_RGE
2025-04-01,xgboost,2025-04-01,9,ret_12m,0.190803,date_specific_ascending_RGE
2025-04-01,xgboost,2025-04-01,10,log_mktcap,0.219689,date_specific_ascending_RGE
2025-05-01,xgboost,2025-05-01,1,ret_1w,0.0,date_specific_ascending_RGE
2025-05-01,xgboost,2025-05-01,2,vol_1m,0.0,date_specific_ascending_RGE
2025-05-01,xgboost,2025-05-01,3,vol_ratio,0.0,date_specific_ascending_RGE
2025-05-01,xgboost,2025-05-01,4,amihud,0.054192,date_specific_ascending_RGE
2025-05-01,xgboost,2025-05-01,5,ret_6m,0.054207,date_specific_ascending_RGE
2025-05-01,xgboost,2025-05-01,6,vol_3m,0.065293,date_specific_ascending_RGE
2025-05-01,xgboost,2025-05-01,7,ret_1m,0.161225,date_specific_ascending_RGE
2025-05-01,xgboost,2025-05-01,8,log_mktcap,0.211852,date_specific_ascending_RGE
2025-05-01,xgboost,2025-05-01,9,ret_12m,0.212865,date_specific_ascending_RGE
2025-05-01,xgboost,2025-05-01,10,ret_3m,0.242464,date_specific_ascending_RGE
2025-06-02,xgboost,2025-06-02,1,vol_1m,0.010732,date_specific_ascending_RGE
2025-06-02,xgboost,2025-06-02,2,vol_ratio,0.010734,date_specific_ascending_RGE
2025-06-02,xgboost,2025-06-02,3,ret_1w,0.012597,date_specific_ascending_RGE
2025-06-02,xgboost,2025-06-02,4,vol_3m,0.028988,date_specific_ascending_RGE
2025-06-02,xgboost,2025-06-02,5,ret_6m,0.038182,date_specific_ascending_RGE
2025-06-02,xgboost,2025-06-02,6,ret_12m,0.039844,date_specific_ascending_RGE
2025-06-02,xgboost,2025-06-02,7,amihud,0.058395,date_specific_ascending_RGE
2025-06-02,xgboost,2025-06-02,8,ret_1m,0.059914,date_specific_ascending_RGE
2025-06-02,xgboost,2025-06-02,9,ret_3m,0.249459,date_specific_ascending_RGE
2025-06-02,xgboost,2025-06-02,10,log_mktcap,0.336582,date_specific_ascending_RGE
2025-07-01,xgboost,2025-07-01,1,ret_12m,0.015168,date_specific_ascending_RGE
2025-07-01,xgboost,2025-07-01,2,vol_1m,0.016696,date_specific_ascending_RGE
2025-07-01,xgboost,2025-07-01,3,vol_3m,0.024796,date_specific_ascending_RGE
2025-07-01,xgboost,2025-07-01,4,ret_6m,0.029627,date_specific_ascending_RGE
2025-07-01,xgboost,2025-07-01,5,vol_ratio,0.036198,date_specific_ascending_RGE
2025-07-01,xgboost,2025-07-01,6,amihud,0.049672,date_specific_ascending_RGE
2025-07-01,xgboost,2025-07-01,7,ret_1w,0.051313,date_specific_ascending_RGE
2025-07-01,xgboost,2025-07-01,8,ret_1m,0.089306,date_specific_ascending_RGE
2025-07-01,xgboost,2025-07-01,9,log_mktcap,0.166475,date_specific_ascending_RGE
2025-07-01,xgboost,2025-07-01,10,ret_3m,0.229779,date_specific_ascending_RGE
2025-08-01,xgboost,2025-08-01,1,vol_1m,0.018631,date_specific_ascending_RGE
2025-08-01,xgboost,2025-08-01,2,vol_ratio,0.022699,date_specific_ascending_RGE
2025-08-01,xgboost,2025-08-01,3,ret_6m,0.024895,date_specific_ascending_RGE
2025-08-01,xgboost,2025-08-01,4,ret_1w,0.037245,date_specific_ascending_RGE
2025-08-01,xgboost,2025-08-01,5,vol_3m,0.04154,date_specific_ascending_RGE
2025-08-01,xgboost,2025-08-01,6,ret_12m,0.04481,date_specific_ascending_RGE
2025-08-01,xgboost,2025-08-01,7,amihud,0.065552,date_specific_ascending_RGE
2025-08-01,xgboost,2025-08-01,8,ret_1m,0.084284,date_specific_ascending_RGE
2025-08-01,xgboost,2025-08-01,9,ret_3m,0.119421,date_specific_ascending_RGE
2025-08-01,xgboost,2025-08-01,10,log_mktcap,0.260409,date_specific_ascending_RGE
2025-09-01,xgboost,2025-09-01,1,vol_1m,0.019658,date_specific_ascending_RGE
2025-09-01,xgboost,2025-09-01,2,ret_6m,0.023542,date_specific_ascending_RGE
2025-09-01,xgboost,2025-09-01,3,vol_3m,0.026964,date_specific_ascending_RGE
2025-09-01,xgboost,2025-09-01,4,vol_ratio,0.027959,date_specific_ascending_RGE
2025-09-01,xgboost,2025-09-01,5,ret_12m,0.030696,date_specific_ascending_RGE
2025-09-01,xgboost,2025-09-01,6,amihud,0.049687,date_specific_ascending_RGE
2025-09-01,xgboost,2025-09-01,7,ret_1w,0.054148,date_specific_ascending_RGE
2025-09-01,xgboost,2025-09-01,8,ret_3m,0.069363,date_specific_ascending_RGE
2025-09-01,xgboost,2025-09-01,9,ret_1m,0.078274,date_specific_ascending_RGE
2025-09-01,xgboost,2025-09-01,10,log_mktcap,0.203655,date_specific_ascending_RGE
2025-10-01,xgboost,2025-10-01,1,vol_1m,0.011211,date_specific_ascending_RGE
2025-10-01,xgboost,2025-10-01,2,ret_6m,0.018488,date_specific_ascending_RGE
2025-10-01,xgboost,2025-10-01,3,vol_ratio,0.023929,date_specific_ascending_RGE
2025-10-01,xgboost,2025-10-01,4,vol_3m,0.031181,date_specific_ascending_RGE
2025-10-01,xgboost,2025-10-01,5,amihud,0.042182,date_specific_ascending_RGE
2025-10-01,xgboost,2025-10-01,6,ret_3m,0.058538,date_specific_ascending_RGE
2025-10-01,xgboost,2025-10-01,7,ret_12m,0.06183,date_specific_ascending_RGE
2025-10-01,xgboost,2025-10-01,8,ret_1w,0.065662,date_specific_ascending_RGE
2025-10-01,xgboost,2025-10-01,9,ret_1m,0.113927,date_specific_ascending_RGE
2025-10-01,xgboost,2025-10-01,10,log_mktcap,0.161123,date_specific_ascending_RGE
2025-11-03,xgboost,2025-11-03,1,vol_1m,0.019896,date_specific_ascending_RGE
2025-11-03,xgboost,2025-11-03,2,vol_ratio,0.025023,date_specific_ascending_RGE
2025-11-03,xgboost,2025-11-03,3,ret_1w,0.026162,date_specific_ascending_RGE
2025-11-03,xgboost,2025-11-03,4,ret_12m,0.029783,date_specific_ascending_RGE
2025-11-03,xgboost,2025-11-03,5,ret_6m,0.031227,date_specific_ascending_RGE
2025-11-03,xgboost,2025-11-03,6,vol_3m,0.031499,date_specific_ascending_RGE
2025-11-03,xgboost,2025-11-03,7,ret_3m,0.056696,date_specific_ascending_RGE
2025-11-03,xgboost,2025-11-03,8,amihud,0.077066,date_specific_ascending_RGE
2025-11-03,xgboost,2025-11-03,9,ret_1m,0.098163,date_specific_ascending_RGE
2025-11-03,xgboost,2025-11-03,10,log_mktcap,0.207938,date_specific_ascending_RGE
2025-12-01,xgboost,2025-12-01,1,vol_1m,0.018761,date_specific_ascending_RGE
2025-12-01,xgboost,2025-12-01,2,ret_6m,0.031585,date_specific_ascending_RGE
2025-12-01,xgboost,2025-12-01,3,vol_ratio,0.033775,date_specific_ascending_RGE
2025-12-01,xgboost,2025-12-01,4,ret_12m,0.042819,date_specific_ascending_RGE
2025-12-01,xgboost,2025-12-01,5,vol_3m,0.04647,date_specific_ascending_RGE
2025-12-01,xgboost,2025-12-01,6,ret_1w,0.051807,date_specific_ascending_RGE
2025-12-01,xgboost,2025-12-01,7,amihud,0.067576,date_specific_ascending_RGE
2025-12-01,xgboost,2025-12-01,8,ret_3m,0.075459,date_specific_ascending_RGE
2025-12-01,xgboost,2025-12-01,9,ret_1m,0.106807,date_specific_ascending_RGE
2025-12-01,xgboost,2025-12-01,10,log_mktcap,0.171047,date_specific_ascending_RGE
2023-01-02,mlp,2023-01-02,1,ret_3m,0.104597,date_specific_ascending_RGE
2023-01-02,mlp,2023-01-02,2,ret_1w,0.112935,date_specific_ascending_RGE
2023-01-02,mlp,2023-01-02,3,ret_6m,0.114988,date_specific_ascending_RGE
2023-01-02,mlp,2023-01-02,4,vol_ratio,0.116387,date_specific_ascending_RGE
2023-01-02,mlp,2023-01-02,5,ret_1m,0.127075,date_specific_ascending_RGE
2023-01-02,mlp,2023-01-02,6,amihud,0.130391,date_specific_ascending_RGE
2023-01-02,mlp,2023-01-02,7,ret_12m,0.137696,date_specific_ascending_RGE
2023-01-02,mlp,2023-01-02,8,vol_3m,0.148019,date_specific_ascending_RGE
2023-01-02,mlp,2023-01-02,9,log_mktcap,0.163039,date_specific_ascending_RGE
2023-01-02,mlp,2023-01-02,10,vol_1m,0.16579,date_specific_ascending_RGE
2023-02-01,mlp,2023-02-01,1,ret_1m,0.101205,date_specific_ascending_RGE
2023-02-01,mlp,2023-02-01,2,ret_3m,0.119963,date_specific_ascending_RGE
2023-02-01,mlp,2023-02-01,3,vol_ratio,0.120124,date_specific_ascending_RGE
2023-02-01,mlp,2023-02-01,4,ret_12m,0.130839,date_specific_ascending_RGE
2023-02-01,mlp,2023-02-01,5,amihud,0.147507,date_specific_ascending_RGE
2023-02-01,mlp,2023-02-01,6,vol_3m,0.158058,date_specific_ascending_RGE
2023-02-01,mlp,2023-02-01,7,ret_6m,0.159448,date_specific_ascending_RGE
2023-02-01,mlp,2023-02-01,8,ret_1w,0.163796,date_specific_ascending_RGE
2023-02-01,mlp,2023-02-01,9,vol_1m,0.212865,date_specific_ascending_RGE
2023-02-01,mlp,2023-02-01,10,log_mktcap,0.267996,date_specific_ascending_RGE
2023-03-01,mlp,2023-03-01,1,vol_ratio,0.118647,date_specific_ascending_RGE
2023-03-01,mlp,2023-03-01,2,ret_3m,0.128399,date_specific_ascending_RGE
2023-03-01,mlp,2023-03-01,3,amihud,0.129377,date_specific_ascending_RGE
2023-03-01,mlp,2023-03-01,4,ret_1m,0.135537,date_specific_ascending_RGE
2023-03-01,mlp,2023-03-01,5,ret_1w,0.143827,date_specific_ascending_RGE
2023-03-01,mlp,2023-03-01,6,ret_12m,0.143882,date_specific_ascending_RGE
2023-03-01,mlp,2023-03-01,7,ret_6m,0.147356,date_specific_ascending_RGE
2023-03-01,mlp,2023-03-01,8,log_mktcap,0.190121,date_specific_ascending_RGE
2023-03-01,mlp,2023-03-01,9,vol_3m,0.215325,date_specific_ascending_RGE
2023-03-01,mlp,2023-03-01,10,vol_1m,0.244577,date_specific_ascending_RGE
2023-04-03,mlp,2023-04-03,1,ret_6m,0.085936,date_specific_ascending_RGE
2023-04-03,mlp,2023-04-03,2,ret_3m,0.086059,date_specific_ascending_RGE
2023-04-03,mlp,2023-04-03,3,amihud,0.102688,date_specific_ascending_RGE
2023-04-03,mlp,2023-04-03,4,ret_1w,0.118464,date_specific_ascending_RGE
2023-04-03,mlp,2023-04-03,5,vol_ratio,0.123995,date_specific_ascending_RGE
2023-04-03,mlp,2023-04-03,6,ret_1m,0.131082,date_specific_ascending_RGE
2023-04-03,mlp,2023-04-03,7,vol_3m,0.146305,date_specific_ascending_RGE
2023-04-03,mlp,2023-04-03,8,ret_12m,0.146464,date_specific_ascending_RGE
2023-04-03,mlp,2023-04-03,9,vol_1m,0.173207,date_specific_ascending_RGE
2023-04-03,mlp,2023-04-03,10,log_mktcap,0.297576,date_specific_ascending_RGE
2023-05-01,mlp,2023-05-01,1,ret_1m,0.092545,date_specific_ascending_RGE
2023-05-01,mlp,2023-05-01,2,ret_3m,0.094935,date_specific_ascending_RGE
2023-05-01,mlp,2023-05-01,3,ret_1w,0.100518,date_specific_ascending_RGE
2023-05-01,mlp,2023-05-01,4,ret_6m,0.102025,date_specific_ascending_RGE
2023-05-01,mlp,2023-05-01,5,ret_12m,0.102597,date_specific_ascending_RGE
2023-05-01,mlp,2023-05-01,6,vol_ratio,0.109421,date_specific_ascending_RGE
2023-05-01,mlp,2023-05-01,7,amihud,0.117799,date_specific_ascending_RGE
2023-05-01,mlp,2023-05-01,8,vol_3m,0.120457,date_specific_ascending_RGE
2023-05-01,mlp,2023-05-01,9,log_mktcap,0.173682,date_specific_ascending_RGE
2023-05-01,mlp,2023-05-01,10,vol_1m,0.195213,date_specific_ascending_RGE
2023-06-01,mlp,2023-06-01,1,ret_1m,0.089556,date_specific_ascending_RGE
2023-06-01,mlp,2023-06-01,2,ret_12m,0.122181,date_specific_ascending_RGE
2023-06-01,mlp,2023-06-01,3,ret_3m,0.138038,date_specific_ascending_RGE
2023-06-01,mlp,2023-06-01,4,amihud,0.140437,date_specific_ascending_RGE
2023-06-01,mlp,2023-06-01,5,ret_1w,0.140883,date_specific_ascending_RGE
2023-06-01,mlp,2023-06-01,6,ret_6m,0.146596,date_specific_ascending_RGE
2023-06-01,mlp,2023-06-01,7,vol_1m,0.147213,date_specific_ascending_RGE
2023-06-01,mlp,2023-06-01,8,vol_3m,0.164962,date_specific_ascending_RGE
2023-06-01,mlp,2023-06-01,9,log_mktcap,0.173191,date_specific_ascending_RGE
2023-06-01,mlp,2023-06-01,10,vol_ratio,0.202909,date_specific_ascending_RGE
2023-07-03,mlp,2023-07-03,1,vol_ratio,0.115111,date_specific_ascending_RGE
2023-07-03,mlp,2023-07-03,2,amihud,0.120966,date_specific_ascending_RGE
2023-07-03,mlp,2023-07-03,3,ret_1m,0.127377,date_specific_ascending_RGE
2023-07-03,mlp,2023-07-03,4,ret_3m,0.128926,date_specific_ascending_RGE
2023-07-03,mlp,2023-07-03,5,log_mktcap,0.129166,date_specific_ascending_RGE
2023-07-03,mlp,2023-07-03,6,ret_1w,0.133554,date_specific_ascending_RGE
2023-07-03,mlp,2023-07-03,7,ret_12m,0.137761,date_specific_ascending_RGE
2023-07-03,mlp,2023-07-03,8,ret_6m,0.141352,date_specific_ascending_RGE
2023-07-03,mlp,2023-07-03,9,vol_3m,0.159558,date_specific_ascending_RGE
2023-07-03,mlp,2023-07-03,10,vol_1m,0.235494,date_specific_ascending_RGE
2023-08-01,mlp,2023-08-01,1,ret_12m,0.092545,date_specific_ascending_RGE
2023-08-01,mlp,2023-08-01,2,ret_1w,0.126341,date_specific_ascending_RGE
2023-08-01,mlp,2023-08-01,3,ret_3m,0.126722,date_specific_ascending_RGE
2023-08-01,mlp,2023-08-01,4,vol_1m,0.138771,date_specific_ascending_RGE
2023-08-01,mlp,2023-08-01,5,log_mktcap,0.14348,date_specific_ascending_RGE
2023-08-01,mlp,2023-08-01,6,vol_3m,0.146896,date_specific_ascending_RGE
2023-08-01,mlp,2023-08-01,7,ret_1m,0.147614,date_specific_ascending_RGE
2023-08-01,mlp,2023-08-01,8,vol_ratio,0.148552,date_specific_ascending_RGE
2023-08-01,mlp,2023-08-01,9,amihud,0.163039,date_specific_ascending_RGE
2023-08-01,mlp,2023-08-01,10,ret_6m,0.169719,date_specific_ascending_RGE
2023-09-01,mlp,2023-09-01,1,ret_12m,0.124614,date_specific_ascending_RGE
2023-09-01,mlp,2023-09-01,2,ret_1w,0.130659,date_specific_ascending_RGE
2023-09-01,mlp,2023-09-01,3,ret_3m,0.131721,date_specific_ascending_RGE
2023-09-01,mlp,2023-09-01,4,ret_6m,0.134769,date_specific_ascending_RGE
2023-09-01,mlp,2023-09-01,5,vol_1m,0.142785,date_specific_ascending_RGE
2023-09-01,mlp,2023-09-01,6,log_mktcap,0.148365,date_specific_ascending_RGE
2023-09-01,mlp,2023-09-01,7,ret_1m,0.151596,date_specific_ascending_RGE
2023-09-01,mlp,2023-09-01,8,vol_ratio,0.156715,date_specific_ascending_RGE
2023-09-01,mlp,2023-09-01,9,amihud,0.18378,date_specific_ascending_RGE
2023-09-01,mlp,2023-09-01,10,vol_3m,0.282564,date_specific_ascending_RGE
2023-10-02,mlp,2023-10-02,1,ret_3m,0.143941,date_specific_ascending_RGE
2023-10-02,mlp,2023-10-02,2,ret_1m,0.150356,date_specific_ascending_RGE
2023-10-02,mlp,2023-10-02,3,ret_6m,0.158495,date_specific_ascending_RGE
2023-10-02,mlp,2023-10-02,4,log_mktcap,0.177134,date_specific_ascending_RGE
2023-10-02,mlp,2023-10-02,5,ret_1w,0.179692,date_specific_ascending_RGE
2023-10-02,mlp,2023-10-02,6,amihud,0.184922,date_specific_ascending_RGE
2023-10-02,mlp,2023-10-02,7,vol_3m,0.185795,date_specific_ascending_RGE
2023-10-02,mlp,2023-10-02,8,ret_12m,0.19965,date_specific_ascending_RGE
2023-10-02,mlp,2023-10-02,9,vol_1m,0.239198,date_specific_ascending_RGE
2023-10-02,mlp,2023-10-02,10,vol_ratio,0.240596,date_specific_ascending_RGE
2023-11-01,mlp,2023-11-01,1,ret_1w,0.104106,date_specific_ascending_RGE
2023-11-01,mlp,2023-11-01,2,vol_ratio,0.111524,date_specific_ascending_RGE
2023-11-01,mlp,2023-11-01,3,ret_12m,0.125037,date_specific_ascending_RGE
2023-11-01,mlp,2023-11-01,4,vol_3m,0.126321,date_specific_ascending_RGE
2023-11-01,mlp,2023-11-01,5,ret_6m,0.151391,date_specific_ascending_RGE
2023-11-01,mlp,2023-11-01,6,ret_1m,0.151532,date_specific_ascending_RGE
2023-11-01,mlp,2023-11-01,7,ret_3m,0.15438,date_specific_ascending_RGE
2023-11-01,mlp,2023-11-01,8,amihud,0.169985,date_specific_ascending_RGE
2023-11-01,mlp,2023-11-01,9,log_mktcap,0.172765,date_specific_ascending_RGE
2023-11-01,mlp,2023-11-01,10,vol_1m,0.189515,date_specific_ascending_RGE
2023-12-01,mlp,2023-12-01,1,ret_12m,0.135899,date_specific_ascending_RGE
2023-12-01,mlp,2023-12-01,2,log_mktcap,0.139788,date_specific_ascending_RGE
2023-12-01,mlp,2023-12-01,3,ret_1m,0.142677,date_specific_ascending_RGE
2023-12-01,mlp,2023-12-01,4,ret_3m,0.144857,date_specific_ascending_RGE
2023-12-01,mlp,2023-12-01,5,vol_3m,0.148116,date_specific_ascending_RGE
2023-12-01,mlp,2023-12-01,6,vol_1m,0.168302,date_specific_ascending_RGE
2023-12-01,mlp,2023-12-01,7,amihud,0.17678,date_specific_ascending_RGE
2023-12-01,mlp,2023-12-01,8,ret_1w,0.182427,date_specific_ascending_RGE
2023-12-01,mlp,2023-12-01,9,vol_ratio,0.189989,date_specific_ascending_RGE
2023-12-01,mlp,2023-12-01,10,ret_6m,0.227312,date_specific_ascending_RGE
2024-01-01,mlp,2024-01-01,1,ret_1m,0.105593,date_specific_ascending_RGE
2024-01-01,mlp,2024-01-01,2,vol_ratio,0.119176,date_specific_ascending_RGE
2024-01-01,mlp,2024-01-01,3,ret_1w,0.122465,date_specific_ascending_RGE
2024-01-01,mlp,2024-01-01,4,amihud,0.124904,date_specific_ascending_RGE
2024-01-01,mlp,2024-01-01,5,ret_3m,0.127951,date_specific_ascending_RGE
2024-01-01,mlp,2024-01-01,6,vol_3m,0.140197,date_specific_ascending_RGE
2024-01-01,mlp,2024-01-01,7,ret_6m,0.144284,date_specific_ascending_RGE
2024-01-01,mlp,2024-01-01,8,ret_12m,0.14621,date_specific_ascending_RGE
2024-01-01,mlp,2024-01-01,9,vol_1m,0.194067,date_specific_ascending_RGE
2024-01-01,mlp,2024-01-01,10,log_mktcap,0.215167,date_specific_ascending_RGE
2024-02-01,mlp,2024-02-01,1,ret_6m,0.094443,date_specific_ascending_RGE
2024-02-01,mlp,2024-02-01,2,amihud,0.118435,date_specific_ascending_RGE
2024-02-01,mlp,2024-02-01,3,ret_1w,0.118674,date_specific_ascending_RGE
2024-02-01,mlp,2024-02-01,4,vol_ratio,0.124077,date_specific_ascending_RGE
2024-02-01,mlp,2024-02-01,5,vol_3m,0.150584,date_specific_ascending_RGE
2024-02-01,mlp,2024-02-01,6,ret_12m,0.170347,date_specific_ascending_RGE
2024-02-01,mlp,2024-02-01,7,vol_1m,0.177589,date_specific_ascending_RGE
2024-02-01,mlp,2024-02-01,8,ret_1m,0.183933,date_specific_ascending_RGE
2024-02-01,mlp,2024-02-01,9,ret_3m,0.190266,date_specific_ascending_RGE
2024-02-01,mlp,2024-02-01,10,log_mktcap,0.206278,date_specific_ascending_RGE
2024-03-01,mlp,2024-03-01,1,ret_1m,0.100561,date_specific_ascending_RGE
2024-03-01,mlp,2024-03-01,2,ret_12m,0.104944,date_specific_ascending_RGE
2024-03-01,mlp,2024-03-01,3,vol_ratio,0.117142,date_specific_ascending_RGE
2024-03-01,mlp,2024-03-01,4,ret_6m,0.120397,date_specific_ascending_RGE
2024-03-01,mlp,2024-03-01,5,ret_3m,0.137959,date_specific_ascending_RGE
2024-03-01,mlp,2024-03-01,6,amihud,0.141372,date_specific_ascending_RGE
2024-03-01,mlp,2024-03-01,7,vol_1m,0.143941,date_specific_ascending_RGE
2024-03-01,mlp,2024-03-01,8,log_mktcap,0.150274,date_specific_ascending_RGE
2024-03-01,mlp,2024-03-01,9,ret_1w,0.162439,date_specific_ascending_RGE
2024-03-01,mlp,2024-03-01,10,vol_3m,0.214904,date_specific_ascending_RGE
2024-04-01,mlp,2024-04-01,1,log_mktcap,0.089029,date_specific_ascending_RGE
2024-04-01,mlp,2024-04-01,2,vol_ratio,0.113068,date_specific_ascending_RGE
2024-04-01,mlp,2024-04-01,3,ret_12m,0.116733,date_specific_ascending_RGE
2024-04-01,mlp,2024-04-01,4,ret_1w,0.123525,date_specific_ascending_RGE
2024-04-01,mlp,2024-04-01,5,ret_1m,0.126715,date_specific_ascending_RGE
2024-04-01,mlp,2024-04-01,6,ret_3m,0.139675,date_specific_ascending_RGE
2024-04-01,mlp,2024-04-01,7,vol_3m,0.150326,date_specific_ascending_RGE
2024-04-01,mlp,2024-04-01,8,amihud,0.173869,date_specific_ascending_RGE
2024-04-01,mlp,2024-04-01,9,ret_6m,0.175367,date_specific_ascending_RGE
2024-04-01,mlp,2024-04-01,10,vol_1m,0.217818,date_specific_ascending_RGE
2024-05-01,mlp,2024-05-01,1,ret_3m,0.111472,date_specific_ascending_RGE
2024-05-01,mlp,2024-05-01,2,log_mktcap,0.157532,date_specific_ascending_RGE
2024-05-01,mlp,2024-05-01,3,ret_12m,0.16196,date_specific_ascending_RGE
2024-05-01,mlp,2024-05-01,4,vol_ratio,0.162196,date_specific_ascending_RGE
2024-05-01,mlp,2024-05-01,5,vol_3m,0.164759,date_specific_ascending_RGE
2024-05-01,mlp,2024-05-01,6,ret_1m,0.167316,date_specific_ascending_RGE
2024-05-01,mlp,2024-05-01,7,amihud,0.187755,date_specific_ascending_RGE
2024-05-01,mlp,2024-05-01,8,ret_1w,0.203217,date_specific_ascending_RGE
2024-05-01,mlp,2024-05-01,9,vol_1m,0.203983,date_specific_ascending_RGE
2024-05-01,mlp,2024-05-01,10,ret_6m,0.221709,date_specific_ascending_RGE
2024-06-03,mlp,2024-06-03,1,ret_6m,0.101697,date_specific_ascending_RGE
2024-06-03,mlp,2024-06-03,2,amihud,0.118354,date_specific_ascending_RGE
2024-06-03,mlp,2024-06-03,3,vol_ratio,0.129053,date_specific_ascending_RGE
2024-06-03,mlp,2024-06-03,4,ret_1m,0.133794,date_specific_ascending_RGE
2024-06-03,mlp,2024-06-03,5,ret_1w,0.135952,date_specific_ascending_RGE
2024-06-03,mlp,2024-06-03,6,ret_12m,0.1401,date_specific_ascending_RGE
2024-06-03,mlp,2024-06-03,7,ret_3m,0.163258,date_specific_ascending_RGE
2024-06-03,mlp,2024-06-03,8,vol_3m,0.172475,date_specific_ascending_RGE
2024-06-03,mlp,2024-06-03,9,vol_1m,0.193216,date_specific_ascending_RGE
2024-06-03,mlp,2024-06-03,10,log_mktcap,0.19451,date_specific_ascending_RGE
2024-07-01,mlp,2024-07-01,1,ret_12m,0.116904,date_specific_ascending_RGE
2024-07-01,mlp,2024-07-01,2,ret_1m,0.122173,date_specific_ascending_RGE
2024-07-01,mlp,2024-07-01,3,vol_3m,0.12581,date_specific_ascending_RGE
2024-07-01,mlp,2024-07-01,4,vol_ratio,0.139937,date_specific_ascending_RGE
2024-07-01,mlp,2024-07-01,5,ret_1w,0.141874,date_specific_ascending_RGE
2024-07-01,mlp,2024-07-01,6,ret_6m,0.143967,date_specific_ascending_RGE
2024-07-01,mlp,2024-07-01,7,amihud,0.150217,date_specific_ascending_RGE
2024-07-01,mlp,2024-07-01,8,log_mktcap,0.180719,date_specific_ascending_RGE
2024-07-01,mlp,2024-07-01,9,ret_3m,0.197743,date_specific_ascending_RGE
2024-07-01,mlp,2024-07-01,10,vol_1m,0.254213,date_specific_ascending_RGE
2024-08-01,mlp,2024-08-01,1,amihud,0.102877,date_specific_ascending_RGE
2024-08-01,mlp,2024-08-01,2,ret_1m,0.104517,date_specific_ascending_RGE
2024-08-01,mlp,2024-08-01,3,ret_12m,0.106134,date_specific_ascending_RGE
2024-08-01,mlp,2024-08-01,4,vol_ratio,0.127495,date_specific_ascending_RGE
2024-08-01,mlp,2024-08-01,5,ret_6m,0.131919,date_specific_ascending_RGE
2024-08-01,mlp,2024-08-01,6,vol_3m,0.136954,date_specific_ascending_RGE
2024-08-01,mlp,2024-08-01,7,ret_1w,0.140328,date_specific_ascending_RGE
2024-08-01,mlp,2024-08-01,8,ret_3m,0.17238,date_specific_ascending_RGE
2024-08-01,mlp,2024-08-01,9,log_mktcap,0.173963,date_specific_ascending_RGE
2024-08-01,mlp,2024-08-01,10,vol_1m,0.22625,date_specific_ascending_RGE
2024-09-02,mlp,2024-09-02,1,ret_12m,0.105126,date_specific_ascending_RGE
2024-09-02,mlp,2024-09-02,2,ret_1w,0.131442,date_specific_ascending_RGE
2024-09-02,mlp,2024-09-02,3,ret_1m,0.136316,date_specific_ascending_RGE
2024-09-02,mlp,2024-09-02,4,amihud,0.141242,date_specific_ascending_RGE
2024-09-02,mlp,2024-09-02,5,vol_ratio,0.141784,date_specific_ascending_RGE
2024-09-02,mlp,2024-09-02,6,ret_6m,0.151449,date_specific_ascending_RGE
2024-09-02,mlp,2024-09-02,7,ret_3m,0.161935,date_specific_ascending_RGE
2024-09-02,mlp,2024-09-02,8,log_mktcap,0.172566,date_specific_ascending_RGE
2024-09-02,mlp,2024-09-02,9,vol_1m,0.216907,date_specific_ascending_RGE
2024-09-02,mlp,2024-09-02,10,vol_3m,0.252048,date_specific_ascending_RGE
2024-10-01,mlp,2024-10-01,1,ret_12m,0.103792,date_specific_ascending_RGE
2024-10-01,mlp,2024-10-01,2,ret_1w,0.107668,date_specific_ascending_RGE
2024-10-01,mlp,2024-10-01,3,ret_1m,0.113404,date_specific_ascending_RGE
2024-10-01,mlp,2024-10-01,4,vol_ratio,0.120277,date_specific_ascending_RGE
2024-10-01,mlp,2024-10-01,5,amihud,0.133056,date_specific_ascending_RGE
2024-10-01,mlp,2024-10-01,6,vol_1m,0.1369,date_specific_ascending_RGE
2024-10-01,mlp,2024-10-01,7,ret_6m,0.138158,date_specific_ascending_RGE
2024-10-01,mlp,2024-10-01,8,ret_3m,0.145194,date_specific_ascending_RGE
2024-10-01,mlp,2024-10-01,9,log_mktcap,0.150395,date_specific_ascending_RGE
2024-10-01,mlp,2024-10-01,10,vol_3m,0.200737,date_specific_ascending_RGE
2024-11-01,mlp,2024-11-01,1,ret_1w,0.120381,date_specific_ascending_RGE
2024-11-01,mlp,2024-11-01,2,ret_3m,0.121982,date_specific_ascending_RGE
2024-11-01,mlp,2024-11-01,3,ret_12m,0.126453,date_specific_ascending_RGE
2024-11-01,mlp,2024-11-01,4,ret_1m,0.127998,date_specific_ascending_RGE
2024-11-01,mlp,2024-11-01,5,amihud,0.140625,date_specific_ascending_RGE
2024-11-01,mlp,2024-11-01,6,ret_6m,0.145049,date_specific_ascending_RGE
2024-11-01,mlp,2024-11-01,7,vol_3m,0.157495,date_specific_ascending_RGE
2024-11-01,mlp,2024-11-01,8,vol_1m,0.158106,date_specific_ascending_RGE
2024-11-01,mlp,2024-11-01,9,log_mktcap,0.174389,date_specific_ascending_RGE
2024-11-01,mlp,2024-11-01,10,vol_ratio,0.199012,date_specific_ascending_RGE
2024-12-02,mlp,2024-12-02,1,ret_12m,0.077896,date_specific_ascending_RGE
2024-12-02,mlp,2024-12-02,2,vol_ratio,0.108019,date_specific_ascending_RGE
2024-12-02,mlp,2024-12-02,3,ret_6m,0.108083,date_specific_ascending_RGE
2024-12-02,mlp,2024-12-02,4,ret_1m,0.116393,date_specific_ascending_RGE
2024-12-02,mlp,2024-12-02,5,amihud,0.11679,date_specific_ascending_RGE
2024-12-02,mlp,2024-12-02,6,ret_1w,0.124899,date_specific_ascending_RGE
2024-12-02,mlp,2024-12-02,7,ret_3m,0.14059,date_specific_ascending_RGE
2024-12-02,mlp,2024-12-02,8,vol_3m,0.198691,date_specific_ascending_RGE
2024-12-02,mlp,2024-12-02,9,vol_1m,0.232846,date_specific_ascending_RGE
2024-12-02,mlp,2024-12-02,10,log_mktcap,0.246052,date_specific_ascending_RGE
2025-01-01,mlp,2025-01-01,1,ret_1m,0.120912,date_specific_ascending_RGE
2025-01-01,mlp,2025-01-01,2,ret_6m,0.12869,date_specific_ascending_RGE
2025-01-01,mlp,2025-01-01,3,ret_12m,0.129642,date_specific_ascending_RGE
2025-01-01,mlp,2025-01-01,4,amihud,0.139257,date_specific_ascending_RGE
2025-01-01,mlp,2025-01-01,5,ret_1w,0.153256,date_specific_ascending_RGE
2025-01-01,mlp,2025-01-01,6,ret_3m,0.17016,date_specific_ascending_RGE
2025-01-01,mlp,2025-01-01,7,vol_ratio,0.186013,date_specific_ascending_RGE
2025-01-01,mlp,2025-01-01,8,log_mktcap,0.191356,date_specific_ascending_RGE
2025-01-01,mlp,2025-01-01,9,vol_3m,0.197736,date_specific_ascending_RGE
2025-01-01,mlp,2025-01-01,10,vol_1m,0.212107,date_specific_ascending_RGE
2025-02-03,mlp,2025-02-03,1,ret_1m,0.134418,date_specific_ascending_RGE
2025-02-03,mlp,2025-02-03,2,ret_1w,0.137133,date_specific_ascending_RGE
2025-02-03,mlp,2025-02-03,3,log_mktcap,0.145563,date_specific_ascending_RGE
2025-02-03,mlp,2025-02-03,4,ret_12m,0.15451,date_specific_ascending_RGE
2025-02-03,mlp,2025-02-03,5,amihud,0.181784,date_specific_ascending_RGE
2025-02-03,mlp,2025-02-03,6,vol_1m,0.185071,date_specific_ascending_RGE
2025-02-03,mlp,2025-02-03,7,ret_3m,0.188196,date_specific_ascending_RGE
2025-02-03,mlp,2025-02-03,8,vol_ratio,0.214763,date_specific_ascending_RGE
2025-02-03,mlp,2025-02-03,9,ret_6m,0.222409,date_specific_ascending_RGE
2025-02-03,mlp,2025-02-03,10,vol_3m,0.272619,date_specific_ascending_RGE
2025-03-03,mlp,2025-03-03,1,ret_1m,0.136524,date_specific_ascending_RGE
2025-03-03,mlp,2025-03-03,2,vol_ratio,0.144262,date_specific_ascending_RGE
2025-03-03,mlp,2025-03-03,3,ret_3m,0.145352,date_specific_ascending_RGE
2025-03-03,mlp,2025-03-03,4,ret_1w,0.155672,date_specific_ascending_RGE
2025-03-03,mlp,2025-03-03,5,ret_12m,0.160925,date_specific_ascending_RGE
2025-03-03,mlp,2025-03-03,6,log_mktcap,0.162471,date_specific_ascending_RGE
2025-03-03,mlp,2025-03-03,7,vol_3m,0.165178,date_specific_ascending_RGE
2025-03-03,mlp,2025-03-03,8,ret_6m,0.17178,date_specific_ascending_RGE
2025-03-03,mlp,2025-03-03,9,vol_1m,0.200082,date_specific_ascending_RGE
2025-03-03,mlp,2025-03-03,10,amihud,0.201608,date_specific_ascending_RGE
2025-04-01,mlp,2025-04-01,1,ret_1w,0.123524,date_specific_ascending_RGE
2025-04-01,mlp,2025-04-01,2,vol_ratio,0.151377,date_specific_ascending_RGE
2025-04-01,mlp,2025-04-01,3,ret_3m,0.152987,date_specific_ascending_RGE
2025-04-01,mlp,2025-04-01,4,ret_6m,0.161222,date_specific_ascending_RGE
2025-04-01,mlp,2025-04-01,5,ret_12m,0.170293,date_specific_ascending_RGE
2025-04-01,mlp,2025-04-01,6,log_mktcap,0.171502,date_specific_ascending_RGE
2025-04-01,mlp,2025-04-01,7,ret_1m,0.174119,date_specific_ascending_RGE
2025-04-01,mlp,2025-04-01,8,amihud,0.198262,date_specific_ascending_RGE
2025-04-01,mlp,2025-04-01,9,vol_1m,0.267485,date_specific_ascending_RGE
2025-04-01,mlp,2025-04-01,10,vol_3m,0.269231,date_specific_ascending_RGE
2025-05-01,mlp,2025-05-01,1,vol_ratio,0.113269,date_specific_ascending_RGE
2025-05-01,mlp,2025-05-01,2,ret_1m,0.116292,date_specific_ascending_RGE
2025-05-01,mlp,2025-05-01,3,ret_1w,0.121339,date_specific_ascending_RGE
2025-05-01,mlp,2025-05-01,4,amihud,0.127725,date_specific_ascending_RGE
2025-05-01,mlp,2025-05-01,5,vol_3m,0.132295,date_specific_ascending_RGE
2025-05-01,mlp,2025-05-01,6,ret_12m,0.141167,date_specific_ascending_RGE
2025-05-01,mlp,2025-05-01,7,log_mktcap,0.144643,date_specific_ascending_RGE
2025-05-01,mlp,2025-05-01,8,ret_3m,0.145494,date_specific_ascending_RGE
2025-05-01,mlp,2025-05-01,9,ret_6m,0.162261,date_specific_ascending_RGE
2025-05-01,mlp,2025-05-01,10,vol_1m,0.293509,date_specific_ascending_RGE
2025-06-02,mlp,2025-06-02,1,ret_1m,0.102441,date_specific_ascending_RGE
2025-06-02,mlp,2025-06-02,2,vol_ratio,0.133568,date_specific_ascending_RGE
2025-06-02,mlp,2025-06-02,3,ret_12m,0.138179,date_specific_ascending_RGE
2025-06-02,mlp,2025-06-02,4,log_mktcap,0.163241,date_specific_ascending_RGE
2025-06-02,mlp,2025-06-02,5,amihud,0.165388,date_specific_ascending_RGE
2025-06-02,mlp,2025-06-02,6,ret_6m,0.167035,date_specific_ascending_RGE
2025-06-02,mlp,2025-06-02,7,ret_3m,0.169921,date_specific_ascending_RGE
2025-06-02,mlp,2025-06-02,8,ret_1w,0.191777,date_specific_ascending_RGE
2025-06-02,mlp,2025-06-02,9,vol_3m,0.215058,date_specific_ascending_RGE
2025-06-02,mlp,2025-06-02,10,vol_1m,0.262708,date_specific_ascending_RGE
2025-07-01,mlp,2025-07-01,1,ret_1w,0.120241,date_specific_ascending_RGE
2025-07-01,mlp,2025-07-01,2,ret_12m,0.129226,date_specific_ascending_RGE
2025-07-01,mlp,2025-07-01,3,ret_1m,0.132598,date_specific_ascending_RGE
2025-07-01,mlp,2025-07-01,4,ret_6m,0.136949,date_specific_ascending_RGE
2025-07-01,mlp,2025-07-01,5,amihud,0.137731,date_specific_ascending_RGE
2025-07-01,mlp,2025-07-01,6,vol_ratio,0.140273,date_specific_ascending_RGE
2025-07-01,mlp,2025-07-01,7,ret_3m,0.159927,date_specific_ascending_RGE
2025-07-01,mlp,2025-07-01,8,log_mktcap,0.167812,date_specific_ascending_RGE
2025-07-01,mlp,2025-07-01,9,vol_1m,0.185686,date_specific_ascending_RGE
2025-07-01,mlp,2025-07-01,10,vol_3m,0.245116,date_specific_ascending_RGE
2025-08-01,mlp,2025-08-01,1,ret_1m,0.129315,date_specific_ascending_RGE
2025-08-01,mlp,2025-08-01,2,vol_ratio,0.133824,date_specific_ascending_RGE
2025-08-01,mlp,2025-08-01,3,amihud,0.135737,date_specific_ascending_RGE
2025-08-01,mlp,2025-08-01,4,ret_3m,0.155329,date_specific_ascending_RGE
2025-08-01,mlp,2025-08-01,5,ret_1w,0.168233,date_specific_ascending_RGE
2025-08-01,mlp,2025-08-01,6,ret_12m,0.186432,date_specific_ascending_RGE
2025-08-01,mlp,2025-08-01,7,log_mktcap,0.190949,date_specific_ascending_RGE
2025-08-01,mlp,2025-08-01,8,vol_3m,0.212161,date_specific_ascending_RGE
2025-08-01,mlp,2025-08-01,9,ret_6m,0.214065,date_specific_ascending_RGE
2025-08-01,mlp,2025-08-01,10,vol_1m,0.22503,date_specific_ascending_RGE
2025-09-01,mlp,2025-09-01,1,ret_12m,0.129954,date_specific_ascending_RGE
2025-09-01,mlp,2025-09-01,2,ret_3m,0.143731,date_specific_ascending_RGE
2025-09-01,mlp,2025-09-01,3,vol_3m,0.148253,date_specific_ascending_RGE
2025-09-01,mlp,2025-09-01,4,ret_1m,0.150614,date_specific_ascending_RGE
2025-09-01,mlp,2025-09-01,5,vol_ratio,0.151326,date_specific_ascending_RGE
2025-09-01,mlp,2025-09-01,6,log_mktcap,0.156354,date_specific_ascending_RGE
2025-09-01,mlp,2025-09-01,7,ret_1w,0.16722,date_specific_ascending_RGE
2025-09-01,mlp,2025-09-01,8,ret_6m,0.169145,date_specific_ascending_RGE
2025-09-01,mlp,2025-09-01,9,amihud,0.169529,date_specific_ascending_RGE
2025-09-01,mlp,2025-09-01,10,vol_1m,0.205142,date_specific_ascending_RGE
2025-10-01,mlp,2025-10-01,1,ret_12m,0.12743,date_specific_ascending_RGE
2025-10-01,mlp,2025-10-01,2,ret_1m,0.145296,date_specific_ascending_RGE
2025-10-01,mlp,2025-10-01,3,ret_3m,0.152705,date_specific_ascending_RGE
2025-10-01,mlp,2025-10-01,4,amihud,0.161005,date_specific_ascending_RGE
2025-10-01,mlp,2025-10-01,5,ret_6m,0.163896,date_specific_ascending_RGE
2025-10-01,mlp,2025-10-01,6,log_mktcap,0.188216,date_specific_ascending_RGE
2025-10-01,mlp,2025-10-01,7,ret_1w,0.18841,date_specific_ascending_RGE
2025-10-01,mlp,2025-10-01,8,vol_1m,0.203386,date_specific_ascending_RGE
2025-10-01,mlp,2025-10-01,9,vol_3m,0.203692,date_specific_ascending_RGE
2025-10-01,mlp,2025-10-01,10,vol_ratio,0.208146,date_specific_ascending_RGE
2025-11-03,mlp,2025-11-03,1,ret_1m,0.110651,date_specific_ascending_RGE
2025-11-03,mlp,2025-11-03,2,amihud,0.134834,date_specific_ascending_RGE
2025-11-03,mlp,2025-11-03,3,ret_1w,0.142845,date_specific_ascending_RGE
2025-11-03,mlp,2025-11-03,4,vol_ratio,0.14339,date_specific_ascending_RGE
2025-11-03,mlp,2025-11-03,5,vol_3m,0.147467,date_specific_ascending_RGE
2025-11-03,mlp,2025-11-03,6,ret_12m,0.163453,date_specific_ascending_RGE
2025-11-03,mlp,2025-11-03,7,ret_6m,0.1695,date_specific_ascending_RGE
2025-11-03,mlp,2025-11-03,8,ret_3m,0.177722,date_specific_ascending_RGE
2025-11-03,mlp,2025-11-03,9,log_mktcap,0.194614,date_specific_ascending_RGE
2025-11-03,mlp,2025-11-03,10,vol_1m,0.224684,date_specific_ascending_RGE
2025-12-01,mlp,2025-12-01,1,ret_1m,0.098725,date_specific_ascending_RGE
2025-12-01,mlp,2025-12-01,2,ret_12m,0.144465,date_specific_ascending_RGE
2025-12-01,mlp,2025-12-01,3,ret_6m,0.147199,date_specific_ascending_RGE
2025-12-01,mlp,2025-12-01,4,log_mktcap,0.159348,date_specific_ascending_RGE
2025-12-01,mlp,2025-12-01,5,ret_1w,0.16625,date_specific_ascending_RGE
2025-12-01,mlp,2025-12-01,6,vol_ratio,0.166653,date_specific_ascending_RGE
2025-12-01,mlp,2025-12-01,7,amihud,0.180511,date_specific_ascending_RGE
2025-12-01,mlp,2025-12-01,8,vol_3m,0.181697,date_specific_ascending_RGE
2025-12-01,mlp,2025-12-01,9,vol_1m,0.202157,date_specific_ascending_RGE
2025-12-01,mlp,2025-12-01,10,ret_3m,0.20684,date_specific_ascending_RGE
