date,model,group,perturbation_percentage,RGR,n_assets,model_date
2023-01-02,ridge,all_features,0.0,1.0,407,2023-01-02
2023-01-02,ridge,all_features,0.05,0.720147,407,2023-01-02
2023-01-02,ridge,all_features,0.1,0.528069,407,2023-01-02
2023-01-02,ridge,all_features,0.15,0.396344,407,2023-01-02
2023-01-02,ridge,all_features,0.2,0.297843,407,2023-01-02
2023-01-02,ridge,all_features,0.25,0.20185,407,2023-01-02
2023-01-02,ridge,all_features,0.3,0.12946,407,2023-01-02
2023-01-02,ridge,all_features,0.35,0.066411,407,2023-01-02
2023-01-02,ridge,all_features,0.4,0.022821,407,2023-01-02
2023-01-02,ridge,all_features,0.45,0.003608,407,2023-01-02
2023-01-02,ridge,all_features,0.5,0.0,407,2023-01-02
2023-02-01,ridge,all_features,0.0,1.0,407,2023-02-01
2023-02-01,ridge,all_features,0.05,0.7292,407,2023-02-01
2023-02-01,ridge,all_features,0.1,0.550562,407,2023-02-01
2023-02-01,ridge,all_features,0.15,0.440502,407,2023-02-01
2023-02-01,ridge,all_features,0.2,0.347841,407,2023-02-01
2023-02-01,ridge,all_features,0.25,0.254461,407,2023-02-01
2023-02-01,ridge,all_features,0.3,0.164774,407,2023-02-01
2023-02-01,ridge,all_features,0.35,0.087523,407,2023-02-01
2023-02-01,ridge,all_features,0.4,0.031584,407,2023-02-01
2023-02-01,ridge,all_features,0.45,0.004252,407,2023-02-01
2023-02-01,ridge,all_features,0.5,0.0,407,2023-02-01
2023-03-01,ridge,all_features,0.0,1.0,407,2023-03-01
2023-03-01,ridge,all_features,0.05,0.734148,407,2023-03-01
2023-03-01,ridge,all_features,0.1,0.555262,407,2023-03-01
2023-03-01,ridge,all_features,0.15,0.439556,407,2023-03-01
2023-03-01,ridge,all_features,0.2,0.334462,407,2023-03-01
2023-03-01,ridge,all_features,0.25,0.238536,407,2023-03-01
2023-03-01,ridge,all_features,0.3,0.176246,407,2023-03-01
2023-03-01,ridge,all_features,0.35,0.082733,407,2023-03-01
2023-03-01,ridge,all_features,0.4,0.029903,407,2023-03-01
2023-03-01,ridge,all_features,0.45,0.003791,407,2023-03-01
2023-03-01,ridge,all_features,0.5,0.0,407,2023-03-01
2023-04-03,ridge,all_features,0.0,1.0,407,2023-04-03
2023-04-03,ridge,all_features,0.05,0.737886,407,2023-04-03
2023-04-03,ridge,all_features,0.1,0.546017,407,2023-04-03
2023-04-03,ridge,all_features,0.15,0.427766,407,2023-04-03
2023-04-03,ridge,all_features,0.2,0.335901,407,2023-04-03
2023-04-03,ridge,all_features,0.25,0.211938,407,2023-04-03
2023-04-03,ridge,all_features,0.3,0.134456,407,2023-04-03
2023-04-03,ridge,all_features,0.35,0.069069,407,2023-04-03
2023-04-03,ridge,all_features,0.4,0.02362,407,2023-04-03
2023-04-03,ridge,all_features,0.45,0.003323,407,2023-04-03
2023-04-03,ridge,all_features,0.5,0.0,407,2023-04-03
2023-05-01,ridge,all_features,0.0,1.0,407,2023-05-01
2023-05-01,ridge,all_features,0.05,0.757689,407,2023-05-01
2023-05-01,ridge,all_features,0.1,0.573147,407,2023-05-01
2023-05-01,ridge,all_features,0.15,0.423806,407,2023-05-01
2023-05-01,ridge,all_features,0.2,0.304326,407,2023-05-01
2023-05-01,ridge,all_features,0.25,0.190261,407,2023-05-01
2023-05-01,ridge,all_features,0.3,0.126122,407,2023-05-01
2023-05-01,ridge,all_features,0.35,0.059333,407,2023-05-01
2023-05-01,ridge,all_features,0.4,0.023993,407,2023-05-01
2023-05-01,ridge,all_features,0.45,0.003485,407,2023-05-01
2023-05-01,ridge,all_features,0.5,0.0,407,2023-05-01
2023-06-01,ridge,all_features,0.0,1.0,407,2023-06-01
2023-06-01,ridge,all_features,0.05,0.750149,407,2023-06-01
2023-06-01,ridge,all_features,0.1,0.59014,407,2023-06-01
2023-06-01,ridge,all_features,0.15,0.433047,407,2023-06-01
2023-06-01,ridge,all_features,0.2,0.310771,407,2023-06-01
2023-06-01,ridge,all_features,0.25,0.223743,407,2023-06-01
2023-06-01,ridge,all_features,0.3,0.132767,407,2023-06-01
2023-06-01,ridge,all_features,0.35,0.069455,407,2023-06-01
2023-06-01,ridge,all_features,0.4,0.028443,407,2023-06-01
2023-06-01,ridge,all_features,0.45,0.003285,407,2023-06-01
2023-06-01,ridge,all_features,0.5,0.0,407,2023-06-01
2023-07-03,ridge,all_features,0.0,1.0,407,2023-07-03
2023-07-03,ridge,all_features,0.05,0.762527,407,2023-07-03
2023-07-03,ridge,all_features,0.1,0.598113,407,2023-07-03
2023-07-03,ridge,all_features,0.15,0.452756,407,2023-07-03
2023-07-03,ridge,all_features,0.2,0.324139,407,2023-07-03
2023-07-03,ridge,all_features,0.25,0.244346,407,2023-07-03
2023-07-03,ridge,all_features,0.3,0.151166,407,2023-07-03
2023-07-03,ridge,all_features,0.35,0.078004,407,2023-07-03
2023-07-03,ridge,all_features,0.4,0.028092,407,2023-07-03
2023-07-03,ridge,all_features,0.45,0.002754,407,2023-07-03
2023-07-03,ridge,all_features,0.5,0.0,407,2023-07-03
2023-08-01,ridge,all_features,0.0,1.0,407,2023-08-01
2023-08-01,ridge,all_features,0.05,0.746564,407,2023-08-01
2023-08-01,ridge,all_features,0.1,0.594985,407,2023-08-01
2023-08-01,ridge,all_features,0.15,0.445455,407,2023-08-01
2023-08-01,ridge,all_features,0.2,0.31628,407,2023-08-01
2023-08-01,ridge,all_features,0.25,0.239251,407,2023-08-01
2023-08-01,ridge,all_features,0.3,0.156067,407,2023-08-01
2023-08-01,ridge,all_features,0.35,0.074963,407,2023-08-01
2023-08-01,ridge,all_features,0.4,0.027494,407,2023-08-01
2023-08-01,ridge,all_features,0.45,0.003643,407,2023-08-01
2023-08-01,ridge,all_features,0.5,0.0,407,2023-08-01
2023-09-01,ridge,all_features,0.0,1.0,407,2023-09-01
2023-09-01,ridge,all_features,0.05,0.713599,407,2023-09-01
2023-09-01,ridge,all_features,0.1,0.569967,407,2023-09-01
2023-09-01,ridge,all_features,0.15,0.427227,407,2023-09-01
2023-09-01,ridge,all_features,0.2,0.328877,407,2023-09-01
2023-09-01,ridge,all_features,0.25,0.239709,407,2023-09-01
2023-09-01,ridge,all_features,0.3,0.165258,407,2023-09-01
2023-09-01,ridge,all_features,0.35,0.082342,407,2023-09-01
2023-09-01,ridge,all_features,0.4,0.027185,407,2023-09-01
2023-09-01,ridge,all_features,0.45,0.003755,407,2023-09-01
2023-09-01,ridge,all_features,0.5,0.0,407,2023-09-01
2023-10-02,ridge,all_features,0.0,1.0,407,2023-10-02
2023-10-02,ridge,all_features,0.05,0.725093,407,2023-10-02
2023-10-02,ridge,all_features,0.1,0.566362,407,2023-10-02
2023-10-02,ridge,all_features,0.15,0.420262,407,2023-10-02
2023-10-02,ridge,all_features,0.2,0.324849,407,2023-10-02
2023-10-02,ridge,all_features,0.25,0.235766,407,2023-10-02
2023-10-02,ridge,all_features,0.3,0.145828,407,2023-10-02
2023-10-02,ridge,all_features,0.35,0.081589,407,2023-10-02
2023-10-02,ridge,all_features,0.4,0.02677,407,2023-10-02
2023-10-02,ridge,all_features,0.45,0.003271,407,2023-10-02
2023-10-02,ridge,all_features,0.5,0.0,407,2023-10-02
2023-11-01,ridge,all_features,0.0,1.0,407,2023-11-01
2023-11-01,ridge,all_features,0.05,0.756413,407,2023-11-01
2023-11-01,ridge,all_features,0.1,0.539632,407,2023-11-01
2023-11-01,ridge,all_features,0.15,0.405607,407,2023-11-01
2023-11-01,ridge,all_features,0.2,0.316012,407,2023-11-01
2023-11-01,ridge,all_features,0.25,0.222046,407,2023-11-01
2023-11-01,ridge,all_features,0.3,0.132084,407,2023-11-01
2023-11-01,ridge,all_features,0.35,0.065897,407,2023-11-01
2023-11-01,ridge,all_features,0.4,0.023047,407,2023-11-01
2023-11-01,ridge,all_features,0.45,0.003173,407,2023-11-01
2023-11-01,ridge,all_features,0.5,0.0,407,2023-11-01
2023-12-01,ridge,all_features,0.0,1.0,407,2023-12-01
2023-12-01,ridge,all_features,0.05,0.727663,407,2023-12-01
2023-12-01,ridge,all_features,0.1,0.555125,407,2023-12-01
2023-12-01,ridge,all_features,0.15,0.414877,407,2023-12-01
2023-12-01,ridge,all_features,0.2,0.319629,407,2023-12-01
2023-12-01,ridge,all_features,0.25,0.219933,407,2023-12-01
2023-12-01,ridge,all_features,0.3,0.166612,407,2023-12-01
2023-12-01,ridge,all_features,0.35,0.076003,407,2023-12-01
2023-12-01,ridge,all_features,0.4,0.030371,407,2023-12-01
2023-12-01,ridge,all_features,0.45,0.003988,407,2023-12-01
2023-12-01,ridge,all_features,0.5,0.0,407,2023-12-01
2024-01-01,ridge,all_features,0.0,1.0,407,2024-01-01
2024-01-01,ridge,all_features,0.05,0.73292,407,2024-01-01
2024-01-01,ridge,all_features,0.1,0.53372,407,2024-01-01
2024-01-01,ridge,all_features,0.15,0.418021,407,2024-01-01
2024-01-01,ridge,all_features,0.2,0.326883,407,2024-01-01
2024-01-01,ridge,all_features,0.25,0.224759,407,2024-01-01
2024-01-01,ridge,all_features,0.3,0.149328,407,2024-01-01
2024-01-01,ridge,all_features,0.35,0.080918,407,2024-01-01
2024-01-01,ridge,all_features,0.4,0.032144,407,2024-01-01
2024-01-01,ridge,all_features,0.45,0.003638,407,2024-01-01
2024-01-01,ridge,all_features,0.5,0.0,407,2024-01-01
2024-02-01,ridge,all_features,0.0,1.0,407,2024-02-01
2024-02-01,ridge,all_features,0.05,0.735343,407,2024-02-01
2024-02-01,ridge,all_features,0.1,0.539884,407,2024-02-01
2024-02-01,ridge,all_features,0.15,0.416937,407,2024-02-01
2024-02-01,ridge,all_features,0.2,0.294635,407,2024-02-01
2024-02-01,ridge,all_features,0.25,0.212823,407,2024-02-01
2024-02-01,ridge,all_features,0.3,0.136398,407,2024-02-01
2024-02-01,ridge,all_features,0.35,0.063665,407,2024-02-01
2024-02-01,ridge,all_features,0.4,0.021098,407,2024-02-01
2024-02-01,ridge,all_features,0.45,0.003142,407,2024-02-01
2024-02-01,ridge,all_features,0.5,0.0,407,2024-02-01
2024-03-01,ridge,all_features,0.0,1.0,407,2024-03-01
2024-03-01,ridge,all_features,0.05,0.719459,407,2024-03-01
2024-03-01,ridge,all_features,0.1,0.525341,407,2024-03-01
2024-03-01,ridge,all_features,0.15,0.383972,407,2024-03-01
2024-03-01,ridge,all_features,0.2,0.286916,407,2024-03-01
2024-03-01,ridge,all_features,0.25,0.209554,407,2024-03-01
2024-03-01,ridge,all_features,0.3,0.138193,407,2024-03-01
2024-03-01,ridge,all_features,0.35,0.069466,407,2024-03-01
2024-03-01,ridge,all_features,0.4,0.025675,407,2024-03-01
2024-03-01,ridge,all_features,0.45,0.003435,407,2024-03-01
2024-03-01,ridge,all_features,0.5,0.0,407,2024-03-01
2024-04-01,ridge,all_features,0.0,1.0,407,2024-04-01
2024-04-01,ridge,all_features,0.05,0.72005,407,2024-04-01
2024-04-01,ridge,all_features,0.1,0.553402,407,2024-04-01
2024-04-01,ridge,all_features,0.15,0.418614,407,2024-04-01
2024-04-01,ridge,all_features,0.2,0.321665,407,2024-04-01
2024-04-01,ridge,all_features,0.25,0.231183,407,2024-04-01
2024-04-01,ridge,all_features,0.3,0.144414,407,2024-04-01
2024-04-01,ridge,all_features,0.35,0.069506,407,2024-04-01
2024-04-01,ridge,all_features,0.4,0.02734,407,2024-04-01
2024-04-01,ridge,all_features,0.45,0.003248,407,2024-04-01
2024-04-01,ridge,all_features,0.5,0.0,407,2024-04-01
2024-05-01,ridge,all_features,0.0,1.0,407,2024-05-01
2024-05-01,ridge,all_features,0.05,0.739031,407,2024-05-01
2024-05-01,ridge,all_features,0.1,0.569836,407,2024-05-01
2024-05-01,ridge,all_features,0.15,0.43342,407,2024-05-01
2024-05-01,ridge,all_features,0.2,0.321068,407,2024-05-01
2024-05-01,ridge,all_features,0.25,0.214813,407,2024-05-01
2024-05-01,ridge,all_features,0.3,0.140984,407,2024-05-01
2024-05-01,ridge,all_features,0.35,0.06964,407,2024-05-01
2024-05-01,ridge,all_features,0.4,0.023767,407,2024-05-01
2024-05-01,ridge,all_features,0.45,0.003539,407,2024-05-01
2024-05-01,ridge,all_features,0.5,0.0,407,2024-05-01
2024-06-03,ridge,all_features,0.0,1.0,407,2024-06-03
2024-06-03,ridge,all_features,0.05,0.727818,407,2024-06-03
2024-06-03,ridge,all_features,0.1,0.583688,407,2024-06-03
2024-06-03,ridge,all_features,0.15,0.461688,407,2024-06-03
2024-06-03,ridge,all_features,0.2,0.321377,407,2024-06-03
2024-06-03,ridge,all_features,0.25,0.229248,407,2024-06-03
2024-06-03,ridge,all_features,0.3,0.139143,407,2024-06-03
2024-06-03,ridge,all_features,0.35,0.078706,407,2024-06-03
2024-06-03,ridge,all_features,0.4,0.027587,407,2024-06-03
2024-06-03,ridge,all_features,0.45,0.003745,407,2024-06-03
2024-06-03,ridge,all_features,0.5,0.0,407,2024-06-03
2024-07-01,ridge,all_features,0.0,1.0,407,2024-07-01
2024-07-01,ridge,all_features,0.05,0.720021,407,2024-07-01
2024-07-01,ridge,all_features,0.1,0.562959,407,2024-07-01
2024-07-01,ridge,all_features,0.15,0.408998,407,2024-07-01
2024-07-01,ridge,all_features,0.2,0.316748,407,2024-07-01
2024-07-01,ridge,all_features,0.25,0.220637,407,2024-07-01
2024-07-01,ridge,all_features,0.3,0.136433,407,2024-07-01
2024-07-01,ridge,all_features,0.35,0.074284,407,2024-07-01
2024-07-01,ridge,all_features,0.4,0.029032,407,2024-07-01
2024-07-01,ridge,all_features,0.45,0.003759,407,2024-07-01
2024-07-01,ridge,all_features,0.5,0.0,407,2024-07-01
2024-08-01,ridge,all_features,0.0,1.0,407,2024-08-01
2024-08-01,ridge,all_features,0.05,0.745365,407,2024-08-01
2024-08-01,ridge,all_features,0.1,0.604755,407,2024-08-01
2024-08-01,ridge,all_features,0.15,0.458357,407,2024-08-01
2024-08-01,ridge,all_features,0.2,0.339899,407,2024-08-01
2024-08-01,ridge,all_features,0.25,0.230218,407,2024-08-01
2024-08-01,ridge,all_features,0.3,0.129331,407,2024-08-01
2024-08-01,ridge,all_features,0.35,0.072422,407,2024-08-01
2024-08-01,ridge,all_features,0.4,0.024836,407,2024-08-01
2024-08-01,ridge,all_features,0.45,0.003532,407,2024-08-01
2024-08-01,ridge,all_features,0.5,0.0,407,2024-08-01
2024-09-02,ridge,all_features,0.0,1.0,407,2024-09-02
2024-09-02,ridge,all_features,0.05,0.722179,407,2024-09-02
2024-09-02,ridge,all_features,0.1,0.551329,407,2024-09-02
2024-09-02,ridge,all_features,0.15,0.436815,407,2024-09-02
2024-09-02,ridge,all_features,0.2,0.325674,407,2024-09-02
2024-09-02,ridge,all_features,0.25,0.239356,407,2024-09-02
2024-09-02,ridge,all_features,0.3,0.150008,407,2024-09-02
2024-09-02,ridge,all_features,0.35,0.075259,407,2024-09-02
2024-09-02,ridge,all_features,0.4,0.022277,407,2024-09-02
2024-09-02,ridge,all_features,0.45,0.003242,407,2024-09-02
2024-09-02,ridge,all_features,0.5,0.0,407,2024-09-02
2024-10-01,ridge,all_features,0.0,1.0,407,2024-10-01
2024-10-01,ridge,all_features,0.05,0.752031,407,2024-10-01
2024-10-01,ridge,all_features,0.1,0.561156,407,2024-10-01
2024-10-01,ridge,all_features,0.15,0.449591,407,2024-10-01
2024-10-01,ridge,all_features,0.2,0.327197,407,2024-10-01
2024-10-01,ridge,all_features,0.25,0.242181,407,2024-10-01
2024-10-01,ridge,all_features,0.3,0.150743,407,2024-10-01
2024-10-01,ridge,all_features,0.35,0.064913,407,2024-10-01
2024-10-01,ridge,all_features,0.4,0.026106,407,2024-10-01
2024-10-01,ridge,all_features,0.45,0.003555,407,2024-10-01
2024-10-01,ridge,all_features,0.5,0.0,407,2024-10-01
2024-11-01,ridge,all_features,0.0,1.0,407,2024-11-01
2024-11-01,ridge,all_features,0.05,0.745965,407,2024-11-01
2024-11-01,ridge,all_features,0.1,0.550658,407,2024-11-01
2024-11-01,ridge,all_features,0.15,0.423062,407,2024-11-01
2024-11-01,ridge,all_features,0.2,0.301845,407,2024-11-01
2024-11-01,ridge,all_features,0.25,0.21918,407,2024-11-01
2024-11-01,ridge,all_features,0.3,0.134614,407,2024-11-01
2024-11-01,ridge,all_features,0.35,0.064061,407,2024-11-01
2024-11-01,ridge,all_features,0.4,0.022142,407,2024-11-01
2024-11-01,ridge,all_features,0.45,0.002927,407,2024-11-01
2024-11-01,ridge,all_features,0.5,0.0,407,2024-11-01
2024-12-02,ridge,all_features,0.0,1.0,407,2024-12-02
2024-12-02,ridge,all_features,0.05,0.726911,407,2024-12-02
2024-12-02,ridge,all_features,0.1,0.525963,407,2024-12-02
2024-12-02,ridge,all_features,0.15,0.404099,407,2024-12-02
2024-12-02,ridge,all_features,0.2,0.299713,407,2024-12-02
2024-12-02,ridge,all_features,0.25,0.212797,407,2024-12-02
2024-12-02,ridge,all_features,0.3,0.131351,407,2024-12-02
2024-12-02,ridge,all_features,0.35,0.06605,407,2024-12-02
2024-12-02,ridge,all_features,0.4,0.026189,407,2024-12-02
2024-12-02,ridge,all_features,0.45,0.003277,407,2024-12-02
2024-12-02,ridge,all_features,0.5,0.0,407,2024-12-02
2025-01-01,ridge,all_features,0.0,1.0,407,2025-01-01
2025-01-01,ridge,all_features,0.05,0.709914,407,2025-01-01
2025-01-01,ridge,all_features,0.1,0.532028,407,2025-01-01
2025-01-01,ridge,all_features,0.15,0.413187,407,2025-01-01
2025-01-01,ridge,all_features,0.2,0.281908,407,2025-01-01
2025-01-01,ridge,all_features,0.25,0.199157,407,2025-01-01
2025-01-01,ridge,all_features,0.3,0.1248,407,2025-01-01
2025-01-01,ridge,all_features,0.35,0.06349,407,2025-01-01
2025-01-01,ridge,all_features,0.4,0.022639,407,2025-01-01
2025-01-01,ridge,all_features,0.45,0.003211,407,2025-01-01
2025-01-01,ridge,all_features,0.5,0.0,407,2025-01-01
2025-02-03,ridge,all_features,0.0,1.0,407,2025-02-03
2025-02-03,ridge,all_features,0.05,0.741288,407,2025-02-03
2025-02-03,ridge,all_features,0.1,0.563434,407,2025-02-03
2025-02-03,ridge,all_features,0.15,0.418219,407,2025-02-03
2025-02-03,ridge,all_features,0.2,0.286826,407,2025-02-03
2025-02-03,ridge,all_features,0.25,0.20043,407,2025-02-03
2025-02-03,ridge,all_features,0.3,0.109169,407,2025-02-03
2025-02-03,ridge,all_features,0.35,0.055773,407,2025-02-03
2025-02-03,ridge,all_features,0.4,0.018603,407,2025-02-03
2025-02-03,ridge,all_features,0.45,0.002992,407,2025-02-03
2025-02-03,ridge,all_features,0.5,0.0,407,2025-02-03
2025-03-03,ridge,all_features,0.0,1.0,407,2025-03-03
2025-03-03,ridge,all_features,0.05,0.721874,407,2025-03-03
2025-03-03,ridge,all_features,0.1,0.55177,407,2025-03-03
2025-03-03,ridge,all_features,0.15,0.401372,407,2025-03-03
2025-03-03,ridge,all_features,0.2,0.285643,407,2025-03-03
2025-03-03,ridge,all_features,0.25,0.193226,407,2025-03-03
2025-03-03,ridge,all_features,0.3,0.118966,407,2025-03-03
2025-03-03,ridge,all_features,0.35,0.060904,407,2025-03-03
2025-03-03,ridge,all_features,0.4,0.020293,407,2025-03-03
2025-03-03,ridge,all_features,0.45,0.00268,407,2025-03-03
2025-03-03,ridge,all_features,0.5,0.0,407,2025-03-03
2025-04-01,ridge,all_features,0.0,1.0,407,2025-04-01
2025-04-01,ridge,all_features,0.05,0.729093,407,2025-04-01
2025-04-01,ridge,all_features,0.1,0.576963,407,2025-04-01
2025-04-01,ridge,all_features,0.15,0.437798,407,2025-04-01
2025-04-01,ridge,all_features,0.2,0.316837,407,2025-04-01
2025-04-01,ridge,all_features,0.25,0.22165,407,2025-04-01
2025-04-01,ridge,all_features,0.3,0.131996,407,2025-04-01
2025-04-01,ridge,all_features,0.35,0.070096,407,2025-04-01
2025-04-01,ridge,all_features,0.4,0.025959,407,2025-04-01
2025-04-01,ridge,all_features,0.45,0.003113,407,2025-04-01
2025-04-01,ridge,all_features,0.5,0.0,407,2025-04-01
2025-05-01,ridge,all_features,0.0,1.0,407,2025-05-01
2025-05-01,ridge,all_features,0.05,0.740993,407,2025-05-01
2025-05-01,ridge,all_features,0.1,0.560734,407,2025-05-01
2025-05-01,ridge,all_features,0.15,0.434453,407,2025-05-01
2025-05-01,ridge,all_features,0.2,0.33824,407,2025-05-01
2025-05-01,ridge,all_features,0.25,0.233928,407,2025-05-01
2025-05-01,ridge,all_features,0.3,0.154435,407,2025-05-01
2025-05-01,ridge,all_features,0.35,0.080853,407,2025-05-01
2025-05-01,ridge,all_features,0.4,0.027391,407,2025-05-01
2025-05-01,ridge,all_features,0.45,0.003897,407,2025-05-01
2025-05-01,ridge,all_features,0.5,0.0,407,2025-05-01
2025-06-02,ridge,all_features,0.0,1.0,407,2025-06-02
2025-06-02,ridge,all_features,0.05,0.730775,407,2025-06-02
2025-06-02,ridge,all_features,0.1,0.553816,407,2025-06-02
2025-06-02,ridge,all_features,0.15,0.4276,407,2025-06-02
2025-06-02,ridge,all_features,0.2,0.335813,407,2025-06-02
2025-06-02,ridge,all_features,0.25,0.234442,407,2025-06-02
2025-06-02,ridge,all_features,0.3,0.160529,407,2025-06-02
2025-06-02,ridge,all_features,0.35,0.092703,407,2025-06-02
2025-06-02,ridge,all_features,0.4,0.031553,407,2025-06-02
2025-06-02,ridge,all_features,0.45,0.003673,407,2025-06-02
2025-06-02,ridge,all_features,0.5,0.0,407,2025-06-02
2025-07-01,ridge,all_features,0.0,1.0,407,2025-07-01
2025-07-01,ridge,all_features,0.05,0.755233,407,2025-07-01
2025-07-01,ridge,all_features,0.1,0.567094,407,2025-07-01
2025-07-01,ridge,all_features,0.15,0.439139,407,2025-07-01
2025-07-01,ridge,all_features,0.2,0.327877,407,2025-07-01
2025-07-01,ridge,all_features,0.25,0.245538,407,2025-07-01
2025-07-01,ridge,all_features,0.3,0.15796,407,2025-07-01
2025-07-01,ridge,all_features,0.35,0.087775,407,2025-07-01
2025-07-01,ridge,all_features,0.4,0.027672,407,2025-07-01
2025-07-01,ridge,all_features,0.45,0.003482,407,2025-07-01
2025-07-01,ridge,all_features,0.5,0.0,407,2025-07-01
2025-08-01,ridge,all_features,0.0,1.0,407,2025-08-01
2025-08-01,ridge,all_features,0.05,0.73236,407,2025-08-01
2025-08-01,ridge,all_features,0.1,0.539538,407,2025-08-01
2025-08-01,ridge,all_features,0.15,0.409073,407,2025-08-01
2025-08-01,ridge,all_features,0.2,0.313026,407,2025-08-01
2025-08-01,ridge,all_features,0.25,0.213985,407,2025-08-01
2025-08-01,ridge,all_features,0.3,0.128165,407,2025-08-01
2025-08-01,ridge,all_features,0.35,0.063254,407,2025-08-01
2025-08-01,ridge,all_features,0.4,0.022744,407,2025-08-01
2025-08-01,ridge,all_features,0.45,0.002616,407,2025-08-01
2025-08-01,ridge,all_features,0.5,0.0,407,2025-08-01
2025-09-01,ridge,all_features,0.0,1.0,407,2025-09-01
2025-09-01,ridge,all_features,0.05,0.737609,407,2025-09-01
2025-09-01,ridge,all_features,0.1,0.540956,407,2025-09-01
2025-09-01,ridge,all_features,0.15,0.417127,407,2025-09-01
2025-09-01,ridge,all_features,0.2,0.301292,407,2025-09-01
2025-09-01,ridge,all_features,0.25,0.210209,407,2025-09-01
2025-09-01,ridge,all_features,0.3,0.134263,407,2025-09-01
2025-09-01,ridge,all_features,0.35,0.070376,407,2025-09-01
2025-09-01,ridge,all_features,0.4,0.024966,407,2025-09-01
2025-09-01,ridge,all_features,0.45,0.002933,407,2025-09-01
2025-09-01,ridge,all_features,0.5,0.0,407,2025-09-01
2025-10-01,ridge,all_features,0.0,1.0,407,2025-10-01
2025-10-01,ridge,all_features,0.05,0.753102,407,2025-10-01
2025-10-01,ridge,all_features,0.1,0.549291,407,2025-10-01
2025-10-01,ridge,all_features,0.15,0.380261,407,2025-10-01
2025-10-01,ridge,all_features,0.2,0.275186,407,2025-10-01
2025-10-01,ridge,all_features,0.25,0.175391,407,2025-10-01
2025-10-01,ridge,all_features,0.3,0.100873,407,2025-10-01
2025-10-01,ridge,all_features,0.35,0.048842,407,2025-10-01
2025-10-01,ridge,all_features,0.4,0.016357,407,2025-10-01
2025-10-01,ridge,all_features,0.45,0.002456,407,2025-10-01
2025-10-01,ridge,all_features,0.5,0.0,407,2025-10-01
2025-11-03,ridge,all_features,0.0,1.0,407,2025-11-03
2025-11-03,ridge,all_features,0.05,0.779574,407,2025-11-03
2025-11-03,ridge,all_features,0.1,0.593049,407,2025-11-03
2025-11-03,ridge,all_features,0.15,0.457242,407,2025-11-03
2025-11-03,ridge,all_features,0.2,0.337845,407,2025-11-03
2025-11-03,ridge,all_features,0.25,0.212135,407,2025-11-03
2025-11-03,ridge,all_features,0.3,0.129407,407,2025-11-03
2025-11-03,ridge,all_features,0.35,0.065721,407,2025-11-03
2025-11-03,ridge,all_features,0.4,0.020659,407,2025-11-03
2025-11-03,ridge,all_features,0.45,0.002637,407,2025-11-03
2025-11-03,ridge,all_features,0.5,0.0,407,2025-11-03
2025-12-01,ridge,all_features,0.0,1.0,407,2025-12-01
2025-12-01,ridge,all_features,0.05,0.764826,407,2025-12-01
2025-12-01,ridge,all_features,0.1,0.584013,407,2025-12-01
2025-12-01,ridge,all_features,0.15,0.435675,407,2025-12-01
2025-12-01,ridge,all_features,0.2,0.328924,407,2025-12-01
2025-12-01,ridge,all_features,0.25,0.223201,407,2025-12-01
2025-12-01,ridge,all_features,0.3,0.132533,407,2025-12-01
2025-12-01,ridge,all_features,0.35,0.070781,407,2025-12-01
2025-12-01,ridge,all_features,0.4,0.02356,407,2025-12-01
2025-12-01,ridge,all_features,0.45,0.003091,407,2025-12-01
2025-12-01,ridge,all_features,0.5,0.0,407,2025-12-01
2023-01-02,xgboost,all_features,0.0,1.0,407,2023-01-02
2023-01-02,xgboost,all_features,0.05,0.772848,407,2023-01-02
2023-01-02,xgboost,all_features,0.1,0.528779,407,2023-01-02
2023-01-02,xgboost,all_features,0.15,0.372403,407,2023-01-02
2023-01-02,xgboost,all_features,0.2,0.261554,407,2023-01-02
2023-01-02,xgboost,all_features,0.25,0.196523,407,2023-01-02
2023-01-02,xgboost,all_features,0.3,0.170319,407,2023-01-02
2023-01-02,xgboost,all_features,0.35,0.190218,407,2023-01-02
2023-01-02,xgboost,all_features,0.4,0.188314,407,2023-01-02
2023-01-02,xgboost,all_features,0.45,0.187838,407,2023-01-02
2023-01-02,xgboost,all_features,0.5,0.187888,407,2023-01-02
2023-02-01,xgboost,all_features,0.0,1.0,407,2023-02-01
2023-02-01,xgboost,all_features,0.05,0.684464,407,2023-02-01
2023-02-01,xgboost,all_features,0.1,0.525444,407,2023-02-01
2023-02-01,xgboost,all_features,0.15,0.415887,407,2023-02-01
2023-02-01,xgboost,all_features,0.2,0.322323,407,2023-02-01
2023-02-01,xgboost,all_features,0.25,0.270811,407,2023-02-01
2023-02-01,xgboost,all_features,0.3,0.251229,407,2023-02-01
2023-02-01,xgboost,all_features,0.35,0.204424,407,2023-02-01
2023-02-01,xgboost,all_features,0.4,0.189147,407,2023-02-01
2023-02-01,xgboost,all_features,0.45,0.181769,407,2023-02-01
2023-02-01,xgboost,all_features,0.5,0.1826,407,2023-02-01
2023-03-01,xgboost,all_features,0.0,1.0,407,2023-03-01
2023-03-01,xgboost,all_features,0.05,0.798645,407,2023-03-01
2023-03-01,xgboost,all_features,0.1,0.583426,407,2023-03-01
2023-03-01,xgboost,all_features,0.15,0.461753,407,2023-03-01
2023-03-01,xgboost,all_features,0.2,0.338801,407,2023-03-01
2023-03-01,xgboost,all_features,0.25,0.258596,407,2023-03-01
2023-03-01,xgboost,all_features,0.3,0.249973,407,2023-03-01
2023-03-01,xgboost,all_features,0.35,0.22954,407,2023-03-01
2023-03-01,xgboost,all_features,0.4,0.216388,407,2023-03-01
2023-03-01,xgboost,all_features,0.45,0.201504,407,2023-03-01
2023-03-01,xgboost,all_features,0.5,0.202435,407,2023-03-01
2023-04-03,xgboost,all_features,0.0,1.0,407,2023-04-03
2023-04-03,xgboost,all_features,0.05,0.750371,407,2023-04-03
2023-04-03,xgboost,all_features,0.1,0.605169,407,2023-04-03
2023-04-03,xgboost,all_features,0.15,0.498651,407,2023-04-03
2023-04-03,xgboost,all_features,0.2,0.388403,407,2023-04-03
2023-04-03,xgboost,all_features,0.25,0.304387,407,2023-04-03
2023-04-03,xgboost,all_features,0.3,0.300998,407,2023-04-03
2023-04-03,xgboost,all_features,0.35,0.282694,407,2023-04-03
2023-04-03,xgboost,all_features,0.4,0.251783,407,2023-04-03
2023-04-03,xgboost,all_features,0.45,0.261904,407,2023-04-03
2023-04-03,xgboost,all_features,0.5,0.269159,407,2023-04-03
2023-05-01,xgboost,all_features,0.0,1.0,407,2023-05-01
2023-05-01,xgboost,all_features,0.05,0.752009,407,2023-05-01
2023-05-01,xgboost,all_features,0.1,0.534759,407,2023-05-01
2023-05-01,xgboost,all_features,0.15,0.417327,407,2023-05-01
2023-05-01,xgboost,all_features,0.2,0.29159,407,2023-05-01
2023-05-01,xgboost,all_features,0.25,0.228455,407,2023-05-01
2023-05-01,xgboost,all_features,0.3,0.204318,407,2023-05-01
2023-05-01,xgboost,all_features,0.35,0.18423,407,2023-05-01
2023-05-01,xgboost,all_features,0.4,0.175488,407,2023-05-01
2023-05-01,xgboost,all_features,0.45,0.176256,407,2023-05-01
2023-05-01,xgboost,all_features,0.5,0.174885,407,2023-05-01
2023-06-01,xgboost,all_features,0.0,1.0,407,2023-06-01
2023-06-01,xgboost,all_features,0.05,0.683231,407,2023-06-01
2023-06-01,xgboost,all_features,0.1,0.517562,407,2023-06-01
2023-06-01,xgboost,all_features,0.15,0.402566,407,2023-06-01
2023-06-01,xgboost,all_features,0.2,0.33819,407,2023-06-01
2023-06-01,xgboost,all_features,0.25,0.301886,407,2023-06-01
2023-06-01,xgboost,all_features,0.3,0.295255,407,2023-06-01
2023-06-01,xgboost,all_features,0.35,0.278375,407,2023-06-01
2023-06-01,xgboost,all_features,0.4,0.298435,407,2023-06-01
2023-06-01,xgboost,all_features,0.45,0.29519,407,2023-06-01
2023-06-01,xgboost,all_features,0.5,0.296654,407,2023-06-01
2023-07-03,xgboost,all_features,0.0,1.0,407,2023-07-03
2023-07-03,xgboost,all_features,0.05,0.785338,407,2023-07-03
2023-07-03,xgboost,all_features,0.1,0.603145,407,2023-07-03
2023-07-03,xgboost,all_features,0.15,0.45171,407,2023-07-03
2023-07-03,xgboost,all_features,0.2,0.336522,407,2023-07-03
2023-07-03,xgboost,all_features,0.25,0.290985,407,2023-07-03
2023-07-03,xgboost,all_features,0.3,0.259985,407,2023-07-03
2023-07-03,xgboost,all_features,0.35,0.242605,407,2023-07-03
2023-07-03,xgboost,all_features,0.4,0.229961,407,2023-07-03
2023-07-03,xgboost,all_features,0.45,0.227095,407,2023-07-03
2023-07-03,xgboost,all_features,0.5,0.226102,407,2023-07-03
2023-08-01,xgboost,all_features,0.0,1.0,407,2023-08-01
2023-08-01,xgboost,all_features,0.05,0.637453,407,2023-08-01
2023-08-01,xgboost,all_features,0.1,0.489743,407,2023-08-01
2023-08-01,xgboost,all_features,0.15,0.449902,407,2023-08-01
2023-08-01,xgboost,all_features,0.2,0.407564,407,2023-08-01
2023-08-01,xgboost,all_features,0.25,0.384763,407,2023-08-01
2023-08-01,xgboost,all_features,0.3,0.348361,407,2023-08-01
2023-08-01,xgboost,all_features,0.35,0.34688,407,2023-08-01
2023-08-01,xgboost,all_features,0.4,0.336601,407,2023-08-01
2023-08-01,xgboost,all_features,0.45,0.345601,407,2023-08-01
2023-08-01,xgboost,all_features,0.5,0.346352,407,2023-08-01
2023-09-01,xgboost,all_features,0.0,1.0,407,2023-09-01
2023-09-01,xgboost,all_features,0.05,0.771786,407,2023-09-01
2023-09-01,xgboost,all_features,0.1,0.603009,407,2023-09-01
2023-09-01,xgboost,all_features,0.15,0.461368,407,2023-09-01
2023-09-01,xgboost,all_features,0.2,0.353247,407,2023-09-01
2023-09-01,xgboost,all_features,0.25,0.295614,407,2023-09-01
2023-09-01,xgboost,all_features,0.3,0.279046,407,2023-09-01
2023-09-01,xgboost,all_features,0.35,0.261146,407,2023-09-01
2023-09-01,xgboost,all_features,0.4,0.259695,407,2023-09-01
2023-09-01,xgboost,all_features,0.45,0.257468,407,2023-09-01
2023-09-01,xgboost,all_features,0.5,0.257325,407,2023-09-01
2023-10-02,xgboost,all_features,0.0,1.0,407,2023-10-02
2023-10-02,xgboost,all_features,0.05,0.750658,407,2023-10-02
2023-10-02,xgboost,all_features,0.1,0.577477,407,2023-10-02
2023-10-02,xgboost,all_features,0.15,0.452313,407,2023-10-02
2023-10-02,xgboost,all_features,0.2,0.316914,407,2023-10-02
2023-10-02,xgboost,all_features,0.25,0.25978,407,2023-10-02
2023-10-02,xgboost,all_features,0.3,0.236468,407,2023-10-02
2023-10-02,xgboost,all_features,0.35,0.227001,407,2023-10-02
2023-10-02,xgboost,all_features,0.4,0.225579,407,2023-10-02
2023-10-02,xgboost,all_features,0.45,0.221656,407,2023-10-02
2023-10-02,xgboost,all_features,0.5,0.221675,407,2023-10-02
2023-11-01,xgboost,all_features,0.0,1.0,407,2023-11-01
2023-11-01,xgboost,all_features,0.05,0.795557,407,2023-11-01
2023-11-01,xgboost,all_features,0.1,0.624339,407,2023-11-01
2023-11-01,xgboost,all_features,0.15,0.493274,407,2023-11-01
2023-11-01,xgboost,all_features,0.2,0.354263,407,2023-11-01
2023-11-01,xgboost,all_features,0.25,0.299232,407,2023-11-01
2023-11-01,xgboost,all_features,0.3,0.279646,407,2023-11-01
2023-11-01,xgboost,all_features,0.35,0.252075,407,2023-11-01
2023-11-01,xgboost,all_features,0.4,0.251367,407,2023-11-01
2023-11-01,xgboost,all_features,0.45,0.252261,407,2023-11-01
2023-11-01,xgboost,all_features,0.5,0.252171,407,2023-11-01
2023-12-01,xgboost,all_features,0.0,1.0,407,2023-12-01
2023-12-01,xgboost,all_features,0.05,0.812925,407,2023-12-01
2023-12-01,xgboost,all_features,0.1,0.662653,407,2023-12-01
2023-12-01,xgboost,all_features,0.15,0.46614,407,2023-12-01
2023-12-01,xgboost,all_features,0.2,0.357555,407,2023-12-01
2023-12-01,xgboost,all_features,0.25,0.295335,407,2023-12-01
2023-12-01,xgboost,all_features,0.3,0.27959,407,2023-12-01
2023-12-01,xgboost,all_features,0.35,0.267163,407,2023-12-01
2023-12-01,xgboost,all_features,0.4,0.256942,407,2023-12-01
2023-12-01,xgboost,all_features,0.45,0.255578,407,2023-12-01
2023-12-01,xgboost,all_features,0.5,0.255776,407,2023-12-01
2024-01-01,xgboost,all_features,0.0,1.0,407,2024-01-01
2024-01-01,xgboost,all_features,0.05,0.804999,407,2024-01-01
2024-01-01,xgboost,all_features,0.1,0.605542,407,2024-01-01
2024-01-01,xgboost,all_features,0.15,0.453704,407,2024-01-01
2024-01-01,xgboost,all_features,0.2,0.344959,407,2024-01-01
2024-01-01,xgboost,all_features,0.25,0.29698,407,2024-01-01
2024-01-01,xgboost,all_features,0.3,0.288135,407,2024-01-01
2024-01-01,xgboost,all_features,0.35,0.278596,407,2024-01-01
2024-01-01,xgboost,all_features,0.4,0.279201,407,2024-01-01
2024-01-01,xgboost,all_features,0.45,0.277344,407,2024-01-01
2024-01-01,xgboost,all_features,0.5,0.276766,407,2024-01-01
2024-02-01,xgboost,all_features,0.0,1.0,407,2024-02-01
2024-02-01,xgboost,all_features,0.05,0.826784,407,2024-02-01
2024-02-01,xgboost,all_features,0.1,0.670864,407,2024-02-01
2024-02-01,xgboost,all_features,0.15,0.520979,407,2024-02-01
2024-02-01,xgboost,all_features,0.2,0.389209,407,2024-02-01
2024-02-01,xgboost,all_features,0.25,0.322272,407,2024-02-01
2024-02-01,xgboost,all_features,0.3,0.298251,407,2024-02-01
2024-02-01,xgboost,all_features,0.35,0.276842,407,2024-02-01
2024-02-01,xgboost,all_features,0.4,0.270117,407,2024-02-01
2024-02-01,xgboost,all_features,0.45,0.264486,407,2024-02-01
2024-02-01,xgboost,all_features,0.5,0.264223,407,2024-02-01
2024-03-01,xgboost,all_features,0.0,1.0,407,2024-03-01
2024-03-01,xgboost,all_features,0.05,0.708149,407,2024-03-01
2024-03-01,xgboost,all_features,0.1,0.531732,407,2024-03-01
2024-03-01,xgboost,all_features,0.15,0.439097,407,2024-03-01
2024-03-01,xgboost,all_features,0.2,0.40398,407,2024-03-01
2024-03-01,xgboost,all_features,0.25,0.353526,407,2024-03-01
2024-03-01,xgboost,all_features,0.3,0.355162,407,2024-03-01
2024-03-01,xgboost,all_features,0.35,0.36171,407,2024-03-01
2024-03-01,xgboost,all_features,0.4,0.363769,407,2024-03-01
2024-03-01,xgboost,all_features,0.45,0.377741,407,2024-03-01
2024-03-01,xgboost,all_features,0.5,0.377662,407,2024-03-01
2024-04-01,xgboost,all_features,0.0,1.0,407,2024-04-01
2024-04-01,xgboost,all_features,0.05,0.846445,407,2024-04-01
2024-04-01,xgboost,all_features,0.1,0.660528,407,2024-04-01
2024-04-01,xgboost,all_features,0.15,0.516239,407,2024-04-01
2024-04-01,xgboost,all_features,0.2,0.366495,407,2024-04-01
2024-04-01,xgboost,all_features,0.25,0.316599,407,2024-04-01
2024-04-01,xgboost,all_features,0.3,0.299816,407,2024-04-01
2024-04-01,xgboost,all_features,0.35,0.29096,407,2024-04-01
2024-04-01,xgboost,all_features,0.4,0.290066,407,2024-04-01
2024-04-01,xgboost,all_features,0.45,0.288843,407,2024-04-01
2024-04-01,xgboost,all_features,0.5,0.284713,407,2024-04-01
2024-05-01,xgboost,all_features,0.0,1.0,407,2024-05-01
2024-05-01,xgboost,all_features,0.05,0.742804,407,2024-05-01
2024-05-01,xgboost,all_features,0.1,0.539811,407,2024-05-01
2024-05-01,xgboost,all_features,0.15,0.411349,407,2024-05-01
2024-05-01,xgboost,all_features,0.2,0.304122,407,2024-05-01
2024-05-01,xgboost,all_features,0.25,0.257965,407,2024-05-01
2024-05-01,xgboost,all_features,0.3,0.238431,407,2024-05-01
2024-05-01,xgboost,all_features,0.35,0.212976,407,2024-05-01
2024-05-01,xgboost,all_features,0.4,0.214368,407,2024-05-01
2024-05-01,xgboost,all_features,0.45,0.214116,407,2024-05-01
2024-05-01,xgboost,all_features,0.5,0.214008,407,2024-05-01
2024-06-03,xgboost,all_features,0.0,1.0,407,2024-06-03
2024-06-03,xgboost,all_features,0.05,0.7599,407,2024-06-03
2024-06-03,xgboost,all_features,0.1,0.598635,407,2024-06-03
2024-06-03,xgboost,all_features,0.15,0.477448,407,2024-06-03
2024-06-03,xgboost,all_features,0.2,0.340797,407,2024-06-03
2024-06-03,xgboost,all_features,0.25,0.287195,407,2024-06-03
2024-06-03,xgboost,all_features,0.3,0.26202,407,2024-06-03
2024-06-03,xgboost,all_features,0.35,0.270165,407,2024-06-03
2024-06-03,xgboost,all_features,0.4,0.265076,407,2024-06-03
2024-06-03,xgboost,all_features,0.45,0.264128,407,2024-06-03
2024-06-03,xgboost,all_features,0.5,0.263608,407,2024-06-03
2024-07-01,xgboost,all_features,0.0,1.0,407,2024-07-01
2024-07-01,xgboost,all_features,0.05,0.659771,407,2024-07-01
2024-07-01,xgboost,all_features,0.1,0.577364,407,2024-07-01
2024-07-01,xgboost,all_features,0.15,0.538306,407,2024-07-01
2024-07-01,xgboost,all_features,0.2,0.441163,407,2024-07-01
2024-07-01,xgboost,all_features,0.25,0.414331,407,2024-07-01
2024-07-01,xgboost,all_features,0.3,0.392446,407,2024-07-01
2024-07-01,xgboost,all_features,0.35,0.3878,407,2024-07-01
2024-07-01,xgboost,all_features,0.4,0.39142,407,2024-07-01
2024-07-01,xgboost,all_features,0.45,0.396081,407,2024-07-01
2024-07-01,xgboost,all_features,0.5,0.396081,407,2024-07-01
2024-08-01,xgboost,all_features,0.0,1.0,407,2024-08-01
2024-08-01,xgboost,all_features,0.05,0.703003,407,2024-08-01
2024-08-01,xgboost,all_features,0.1,0.541563,407,2024-08-01
2024-08-01,xgboost,all_features,0.15,0.403982,407,2024-08-01
2024-08-01,xgboost,all_features,0.2,0.303763,407,2024-08-01
2024-08-01,xgboost,all_features,0.25,0.260934,407,2024-08-01
2024-08-01,xgboost,all_features,0.3,0.248759,407,2024-08-01
2024-08-01,xgboost,all_features,0.35,0.245789,407,2024-08-01
2024-08-01,xgboost,all_features,0.4,0.241779,407,2024-08-01
2024-08-01,xgboost,all_features,0.45,0.243486,407,2024-08-01
2024-08-01,xgboost,all_features,0.5,0.244473,407,2024-08-01
2024-09-02,xgboost,all_features,0.0,1.0,407,2024-09-02
2024-09-02,xgboost,all_features,0.05,0.810819,407,2024-09-02
2024-09-02,xgboost,all_features,0.1,0.637264,407,2024-09-02
2024-09-02,xgboost,all_features,0.15,0.48931,407,2024-09-02
2024-09-02,xgboost,all_features,0.2,0.341421,407,2024-09-02
2024-09-02,xgboost,all_features,0.25,0.297422,407,2024-09-02
2024-09-02,xgboost,all_features,0.3,0.273519,407,2024-09-02
2024-09-02,xgboost,all_features,0.35,0.254874,407,2024-09-02
2024-09-02,xgboost,all_features,0.4,0.253463,407,2024-09-02
2024-09-02,xgboost,all_features,0.45,0.250821,407,2024-09-02
2024-09-02,xgboost,all_features,0.5,0.250221,407,2024-09-02
2024-10-01,xgboost,all_features,0.0,1.0,407,2024-10-01
2024-10-01,xgboost,all_features,0.05,0.811142,407,2024-10-01
2024-10-01,xgboost,all_features,0.1,0.605407,407,2024-10-01
2024-10-01,xgboost,all_features,0.15,0.45336,407,2024-10-01
2024-10-01,xgboost,all_features,0.2,0.349511,407,2024-10-01
2024-10-01,xgboost,all_features,0.25,0.304955,407,2024-10-01
2024-10-01,xgboost,all_features,0.3,0.281332,407,2024-10-01
2024-10-01,xgboost,all_features,0.35,0.270981,407,2024-10-01
2024-10-01,xgboost,all_features,0.4,0.268525,407,2024-10-01
2024-10-01,xgboost,all_features,0.45,0.265619,407,2024-10-01
2024-10-01,xgboost,all_features,0.5,0.265684,407,2024-10-01
2024-11-01,xgboost,all_features,0.0,1.0,407,2024-11-01
2024-11-01,xgboost,all_features,0.05,0.814247,407,2024-11-01
2024-11-01,xgboost,all_features,0.1,0.658179,407,2024-11-01
2024-11-01,xgboost,all_features,0.15,0.561141,407,2024-11-01
2024-11-01,xgboost,all_features,0.2,0.475638,407,2024-11-01
2024-11-01,xgboost,all_features,0.25,0.440063,407,2024-11-01
2024-11-01,xgboost,all_features,0.3,0.405977,407,2024-11-01
2024-11-01,xgboost,all_features,0.35,0.372267,407,2024-11-01
2024-11-01,xgboost,all_features,0.4,0.368976,407,2024-11-01
2024-11-01,xgboost,all_features,0.45,0.36839,407,2024-11-01
2024-11-01,xgboost,all_features,0.5,0.36839,407,2024-11-01
2024-12-02,xgboost,all_features,0.0,1.0,407,2024-12-02
2024-12-02,xgboost,all_features,0.05,0.836463,407,2024-12-02
2024-12-02,xgboost,all_features,0.1,0.728774,407,2024-12-02
2024-12-02,xgboost,all_features,0.15,0.605248,407,2024-12-02
2024-12-02,xgboost,all_features,0.2,0.476059,407,2024-12-02
2024-12-02,xgboost,all_features,0.25,0.409434,407,2024-12-02
2024-12-02,xgboost,all_features,0.3,0.393444,407,2024-12-02
2024-12-02,xgboost,all_features,0.35,0.396813,407,2024-12-02
2024-12-02,xgboost,all_features,0.4,0.395015,407,2024-12-02
2024-12-02,xgboost,all_features,0.45,0.394888,407,2024-12-02
2024-12-02,xgboost,all_features,0.5,0.394888,407,2024-12-02
2025-01-01,xgboost,all_features,0.0,1.0,407,2025-01-01
2025-01-01,xgboost,all_features,0.05,0.735881,407,2025-01-01
2025-01-01,xgboost,all_features,0.1,0.53031,407,2025-01-01
2025-01-01,xgboost,all_features,0.15,0.415813,407,2025-01-01
2025-01-01,xgboost,all_features,0.2,0.319245,407,2025-01-01
2025-01-01,xgboost,all_features,0.25,0.30165,407,2025-01-01
2025-01-01,xgboost,all_features,0.3,0.272205,407,2025-01-01
2025-01-01,xgboost,all_features,0.35,0.28112,407,2025-01-01
2025-01-01,xgboost,all_features,0.4,0.281875,407,2025-01-01
2025-01-01,xgboost,all_features,0.45,0.277465,407,2025-01-01
2025-01-01,xgboost,all_features,0.5,0.278893,407,2025-01-01
2025-02-03,xgboost,all_features,0.0,1.0,407,2025-02-03
2025-02-03,xgboost,all_features,0.05,0.778858,407,2025-02-03
2025-02-03,xgboost,all_features,0.1,0.696009,407,2025-02-03
2025-02-03,xgboost,all_features,0.15,0.566374,407,2025-02-03
2025-02-03,xgboost,all_features,0.2,0.433764,407,2025-02-03
2025-02-03,xgboost,all_features,0.25,0.397717,407,2025-02-03
2025-02-03,xgboost,all_features,0.3,0.371905,407,2025-02-03
2025-02-03,xgboost,all_features,0.35,0.377781,407,2025-02-03
2025-02-03,xgboost,all_features,0.4,0.377876,407,2025-02-03
2025-02-03,xgboost,all_features,0.45,0.378714,407,2025-02-03
2025-02-03,xgboost,all_features,0.5,0.378714,407,2025-02-03
2025-03-03,xgboost,all_features,0.0,1.0,407,2025-03-03
2025-03-03,xgboost,all_features,0.05,0.648781,407,2025-03-03
2025-03-03,xgboost,all_features,0.1,0.533651,407,2025-03-03
2025-03-03,xgboost,all_features,0.15,0.496297,407,2025-03-03
2025-03-03,xgboost,all_features,0.2,0.417967,407,2025-03-03
2025-03-03,xgboost,all_features,0.25,0.393705,407,2025-03-03
2025-03-03,xgboost,all_features,0.3,0.410496,407,2025-03-03
2025-03-03,xgboost,all_features,0.35,0.385909,407,2025-03-03
2025-03-03,xgboost,all_features,0.4,0.362135,407,2025-03-03
2025-03-03,xgboost,all_features,0.45,0.361762,407,2025-03-03
2025-03-03,xgboost,all_features,0.5,0.361762,407,2025-03-03
2025-04-01,xgboost,all_features,0.0,1.0,407,2025-04-01
2025-04-01,xgboost,all_features,0.05,0.674083,407,2025-04-01
2025-04-01,xgboost,all_features,0.1,0.578369,407,2025-04-01
2025-04-01,xgboost,all_features,0.15,0.483147,407,2025-04-01
2025-04-01,xgboost,all_features,0.2,0.426053,407,2025-04-01
2025-04-01,xgboost,all_features,0.25,0.40268,407,2025-04-01
2025-04-01,xgboost,all_features,0.3,0.399989,407,2025-04-01
2025-04-01,xgboost,all_features,0.35,0.385539,407,2025-04-01
2025-04-01,xgboost,all_features,0.4,0.356083,407,2025-04-01
2025-04-01,xgboost,all_features,0.45,0.35588,407,2025-04-01
2025-04-01,xgboost,all_features,0.5,0.35588,407,2025-04-01
2025-05-01,xgboost,all_features,0.0,1.0,407,2025-05-01
2025-05-01,xgboost,all_features,0.05,0.745077,407,2025-05-01
2025-05-01,xgboost,all_features,0.1,0.532649,407,2025-05-01
2025-05-01,xgboost,all_features,0.15,0.438222,407,2025-05-01
2025-05-01,xgboost,all_features,0.2,0.421083,407,2025-05-01
2025-05-01,xgboost,all_features,0.25,0.419727,407,2025-05-01
2025-05-01,xgboost,all_features,0.3,0.431663,407,2025-05-01
2025-05-01,xgboost,all_features,0.35,0.414453,407,2025-05-01
2025-05-01,xgboost,all_features,0.4,0.403558,407,2025-05-01
2025-05-01,xgboost,all_features,0.45,0.408431,407,2025-05-01
2025-05-01,xgboost,all_features,0.5,0.408431,407,2025-05-01
2025-06-02,xgboost,all_features,0.0,1.0,407,2025-06-02
2025-06-02,xgboost,all_features,0.05,0.68533,407,2025-06-02
2025-06-02,xgboost,all_features,0.1,0.596737,407,2025-06-02
2025-06-02,xgboost,all_features,0.15,0.539807,407,2025-06-02
2025-06-02,xgboost,all_features,0.2,0.390175,407,2025-06-02
2025-06-02,xgboost,all_features,0.25,0.366007,407,2025-06-02
2025-06-02,xgboost,all_features,0.3,0.381,407,2025-06-02
2025-06-02,xgboost,all_features,0.35,0.419353,407,2025-06-02
2025-06-02,xgboost,all_features,0.4,0.430152,407,2025-06-02
2025-06-02,xgboost,all_features,0.45,0.424462,407,2025-06-02
2025-06-02,xgboost,all_features,0.5,0.421912,407,2025-06-02
2025-07-01,xgboost,all_features,0.0,1.0,407,2025-07-01
2025-07-01,xgboost,all_features,0.05,0.680941,407,2025-07-01
2025-07-01,xgboost,all_features,0.1,0.650109,407,2025-07-01
2025-07-01,xgboost,all_features,0.15,0.546074,407,2025-07-01
2025-07-01,xgboost,all_features,0.2,0.472464,407,2025-07-01
2025-07-01,xgboost,all_features,0.25,0.454693,407,2025-07-01
2025-07-01,xgboost,all_features,0.3,0.476643,407,2025-07-01
2025-07-01,xgboost,all_features,0.35,0.492722,407,2025-07-01
2025-07-01,xgboost,all_features,0.4,0.474969,407,2025-07-01
2025-07-01,xgboost,all_features,0.45,0.469541,407,2025-07-01
2025-07-01,xgboost,all_features,0.5,0.470624,407,2025-07-01
2025-08-01,xgboost,all_features,0.0,1.0,407,2025-08-01
2025-08-01,xgboost,all_features,0.05,0.748066,407,2025-08-01
2025-08-01,xgboost,all_features,0.1,0.556352,407,2025-08-01
2025-08-01,xgboost,all_features,0.15,0.426741,407,2025-08-01
2025-08-01,xgboost,all_features,0.2,0.394587,407,2025-08-01
2025-08-01,xgboost,all_features,0.25,0.385092,407,2025-08-01
2025-08-01,xgboost,all_features,0.3,0.404719,407,2025-08-01
2025-08-01,xgboost,all_features,0.35,0.395696,407,2025-08-01
2025-08-01,xgboost,all_features,0.4,0.39599,407,2025-08-01
2025-08-01,xgboost,all_features,0.45,0.406331,407,2025-08-01
2025-08-01,xgboost,all_features,0.5,0.406529,407,2025-08-01
2025-09-01,xgboost,all_features,0.0,1.0,407,2025-09-01
2025-09-01,xgboost,all_features,0.05,0.708275,407,2025-09-01
2025-09-01,xgboost,all_features,0.1,0.560731,407,2025-09-01
2025-09-01,xgboost,all_features,0.15,0.467954,407,2025-09-01
2025-09-01,xgboost,all_features,0.2,0.371905,407,2025-09-01
2025-09-01,xgboost,all_features,0.25,0.347752,407,2025-09-01
2025-09-01,xgboost,all_features,0.3,0.337862,407,2025-09-01
2025-09-01,xgboost,all_features,0.35,0.341248,407,2025-09-01
2025-09-01,xgboost,all_features,0.4,0.338932,407,2025-09-01
2025-09-01,xgboost,all_features,0.45,0.329964,407,2025-09-01
2025-09-01,xgboost,all_features,0.5,0.328826,407,2025-09-01
2025-10-01,xgboost,all_features,0.0,1.0,407,2025-10-01
2025-10-01,xgboost,all_features,0.05,0.682786,407,2025-10-01
2025-10-01,xgboost,all_features,0.1,0.543448,407,2025-10-01
2025-10-01,xgboost,all_features,0.15,0.475949,407,2025-10-01
2025-10-01,xgboost,all_features,0.2,0.394055,407,2025-10-01
2025-10-01,xgboost,all_features,0.25,0.369698,407,2025-10-01
2025-10-01,xgboost,all_features,0.3,0.34871,407,2025-10-01
2025-10-01,xgboost,all_features,0.35,0.326037,407,2025-10-01
2025-10-01,xgboost,all_features,0.4,0.329359,407,2025-10-01
2025-10-01,xgboost,all_features,0.45,0.321428,407,2025-10-01
2025-10-01,xgboost,all_features,0.5,0.329124,407,2025-10-01
2025-11-03,xgboost,all_features,0.0,1.0,407,2025-11-03
2025-11-03,xgboost,all_features,0.05,0.654351,407,2025-11-03
2025-11-03,xgboost,all_features,0.1,0.524589,407,2025-11-03
2025-11-03,xgboost,all_features,0.15,0.485391,407,2025-11-03
2025-11-03,xgboost,all_features,0.2,0.396766,407,2025-11-03
2025-11-03,xgboost,all_features,0.25,0.361558,407,2025-11-03
2025-11-03,xgboost,all_features,0.3,0.344634,407,2025-11-03
2025-11-03,xgboost,all_features,0.35,0.329092,407,2025-11-03
2025-11-03,xgboost,all_features,0.4,0.332562,407,2025-11-03
2025-11-03,xgboost,all_features,0.45,0.330108,407,2025-11-03
2025-11-03,xgboost,all_features,0.5,0.330598,407,2025-11-03
2025-12-01,xgboost,all_features,0.0,1.0,407,2025-12-01
2025-12-01,xgboost,all_features,0.05,0.717346,407,2025-12-01
2025-12-01,xgboost,all_features,0.1,0.600949,407,2025-12-01
2025-12-01,xgboost,all_features,0.15,0.533317,407,2025-12-01
2025-12-01,xgboost,all_features,0.2,0.439646,407,2025-12-01
2025-12-01,xgboost,all_features,0.25,0.410015,407,2025-12-01
2025-12-01,xgboost,all_features,0.3,0.428396,407,2025-12-01
2025-12-01,xgboost,all_features,0.35,0.408515,407,2025-12-01
2025-12-01,xgboost,all_features,0.4,0.399366,407,2025-12-01
2025-12-01,xgboost,all_features,0.45,0.395451,407,2025-12-01
2025-12-01,xgboost,all_features,0.5,0.391553,407,2025-12-01
2023-01-02,mlp,all_features,0.0,1.0,407,2023-01-02
2023-01-02,mlp,all_features,0.05,0.722677,407,2023-01-02
2023-01-02,mlp,all_features,0.1,0.554537,407,2023-01-02
2023-01-02,mlp,all_features,0.15,0.502555,407,2023-01-02
2023-01-02,mlp,all_features,0.2,0.526035,407,2023-01-02
2023-01-02,mlp,all_features,0.25,0.500816,407,2023-01-02
2023-01-02,mlp,all_features,0.3,0.485753,407,2023-01-02
2023-01-02,mlp,all_features,0.35,0.500687,407,2023-01-02
2023-01-02,mlp,all_features,0.4,0.505364,407,2023-01-02
2023-01-02,mlp,all_features,0.45,0.489225,407,2023-01-02
2023-01-02,mlp,all_features,0.5,0.485512,407,2023-01-02
2023-02-01,mlp,all_features,0.0,1.0,407,2023-02-01
2023-02-01,mlp,all_features,0.05,0.683732,407,2023-02-01
2023-02-01,mlp,all_features,0.1,0.563751,407,2023-02-01
2023-02-01,mlp,all_features,0.15,0.455559,407,2023-02-01
2023-02-01,mlp,all_features,0.2,0.444437,407,2023-02-01
2023-02-01,mlp,all_features,0.25,0.413087,407,2023-02-01
2023-02-01,mlp,all_features,0.3,0.407374,407,2023-02-01
2023-02-01,mlp,all_features,0.35,0.384168,407,2023-02-01
2023-02-01,mlp,all_features,0.4,0.378675,407,2023-02-01
2023-02-01,mlp,all_features,0.45,0.371653,407,2023-02-01
2023-02-01,mlp,all_features,0.5,0.371392,407,2023-02-01
2023-03-01,mlp,all_features,0.0,1.0,407,2023-03-01
2023-03-01,mlp,all_features,0.05,0.73541,407,2023-03-01
2023-03-01,mlp,all_features,0.1,0.551522,407,2023-03-01
2023-03-01,mlp,all_features,0.15,0.523528,407,2023-03-01
2023-03-01,mlp,all_features,0.2,0.521573,407,2023-03-01
2023-03-01,mlp,all_features,0.25,0.458757,407,2023-03-01
2023-03-01,mlp,all_features,0.3,0.411966,407,2023-03-01
2023-03-01,mlp,all_features,0.35,0.434437,407,2023-03-01
2023-03-01,mlp,all_features,0.4,0.444129,407,2023-03-01
2023-03-01,mlp,all_features,0.45,0.419703,407,2023-03-01
2023-03-01,mlp,all_features,0.5,0.414517,407,2023-03-01
2023-04-03,mlp,all_features,0.0,1.0,407,2023-04-03
2023-04-03,mlp,all_features,0.05,0.725614,407,2023-04-03
2023-04-03,mlp,all_features,0.1,0.573186,407,2023-04-03
2023-04-03,mlp,all_features,0.15,0.497289,407,2023-04-03
2023-04-03,mlp,all_features,0.2,0.426382,407,2023-04-03
2023-04-03,mlp,all_features,0.25,0.3809,407,2023-04-03
2023-04-03,mlp,all_features,0.3,0.374729,407,2023-04-03
2023-04-03,mlp,all_features,0.35,0.354836,407,2023-04-03
2023-04-03,mlp,all_features,0.4,0.363366,407,2023-04-03
2023-04-03,mlp,all_features,0.45,0.361702,407,2023-04-03
2023-04-03,mlp,all_features,0.5,0.365087,407,2023-04-03
2023-05-01,mlp,all_features,0.0,1.0,407,2023-05-01
2023-05-01,mlp,all_features,0.05,0.70539,407,2023-05-01
2023-05-01,mlp,all_features,0.1,0.55576,407,2023-05-01
2023-05-01,mlp,all_features,0.15,0.516609,407,2023-05-01
2023-05-01,mlp,all_features,0.2,0.476121,407,2023-05-01
2023-05-01,mlp,all_features,0.25,0.432723,407,2023-05-01
2023-05-01,mlp,all_features,0.3,0.394401,407,2023-05-01
2023-05-01,mlp,all_features,0.35,0.391211,407,2023-05-01
2023-05-01,mlp,all_features,0.4,0.386984,407,2023-05-01
2023-05-01,mlp,all_features,0.45,0.387688,407,2023-05-01
2023-05-01,mlp,all_features,0.5,0.388444,407,2023-05-01
2023-06-01,mlp,all_features,0.0,1.0,407,2023-06-01
2023-06-01,mlp,all_features,0.05,0.725936,407,2023-06-01
2023-06-01,mlp,all_features,0.1,0.5574,407,2023-06-01
2023-06-01,mlp,all_features,0.15,0.472869,407,2023-06-01
2023-06-01,mlp,all_features,0.2,0.437233,407,2023-06-01
2023-06-01,mlp,all_features,0.25,0.439234,407,2023-06-01
2023-06-01,mlp,all_features,0.3,0.417398,407,2023-06-01
2023-06-01,mlp,all_features,0.35,0.430843,407,2023-06-01
2023-06-01,mlp,all_features,0.4,0.427006,407,2023-06-01
2023-06-01,mlp,all_features,0.45,0.418901,407,2023-06-01
2023-06-01,mlp,all_features,0.5,0.41747,407,2023-06-01
2023-07-03,mlp,all_features,0.0,1.0,407,2023-07-03
2023-07-03,mlp,all_features,0.05,0.754883,407,2023-07-03
2023-07-03,mlp,all_features,0.1,0.638286,407,2023-07-03
2023-07-03,mlp,all_features,0.15,0.506057,407,2023-07-03
2023-07-03,mlp,all_features,0.2,0.442978,407,2023-07-03
2023-07-03,mlp,all_features,0.25,0.431518,407,2023-07-03
2023-07-03,mlp,all_features,0.3,0.438358,407,2023-07-03
2023-07-03,mlp,all_features,0.35,0.414453,407,2023-07-03
2023-07-03,mlp,all_features,0.4,0.387215,407,2023-07-03
2023-07-03,mlp,all_features,0.45,0.365688,407,2023-07-03
2023-07-03,mlp,all_features,0.5,0.364932,407,2023-07-03
2023-08-01,mlp,all_features,0.0,1.0,407,2023-08-01
2023-08-01,mlp,all_features,0.05,0.754106,407,2023-08-01
2023-08-01,mlp,all_features,0.1,0.639753,407,2023-08-01
2023-08-01,mlp,all_features,0.15,0.479917,407,2023-08-01
2023-08-01,mlp,all_features,0.2,0.418101,407,2023-08-01
2023-08-01,mlp,all_features,0.25,0.396336,407,2023-08-01
2023-08-01,mlp,all_features,0.3,0.410785,407,2023-08-01
2023-08-01,mlp,all_features,0.35,0.366864,407,2023-08-01
2023-08-01,mlp,all_features,0.4,0.344618,407,2023-08-01
2023-08-01,mlp,all_features,0.45,0.343105,407,2023-08-01
2023-08-01,mlp,all_features,0.5,0.340699,407,2023-08-01
2023-09-01,mlp,all_features,0.0,1.0,407,2023-09-01
2023-09-01,mlp,all_features,0.05,0.740398,407,2023-09-01
2023-09-01,mlp,all_features,0.1,0.587672,407,2023-09-01
2023-09-01,mlp,all_features,0.15,0.515202,407,2023-09-01
2023-09-01,mlp,all_features,0.2,0.456103,407,2023-09-01
2023-09-01,mlp,all_features,0.25,0.445811,407,2023-09-01
2023-09-01,mlp,all_features,0.3,0.434363,407,2023-09-01
2023-09-01,mlp,all_features,0.35,0.409897,407,2023-09-01
2023-09-01,mlp,all_features,0.4,0.404467,407,2023-09-01
2023-09-01,mlp,all_features,0.45,0.404003,407,2023-09-01
2023-09-01,mlp,all_features,0.5,0.403259,407,2023-09-01
2023-10-02,mlp,all_features,0.0,1.0,407,2023-10-02
2023-10-02,mlp,all_features,0.05,0.657897,407,2023-10-02
2023-10-02,mlp,all_features,0.1,0.564901,407,2023-10-02
2023-10-02,mlp,all_features,0.15,0.484303,407,2023-10-02
2023-10-02,mlp,all_features,0.2,0.467519,407,2023-10-02
2023-10-02,mlp,all_features,0.25,0.450214,407,2023-10-02
2023-10-02,mlp,all_features,0.3,0.493975,407,2023-10-02
2023-10-02,mlp,all_features,0.35,0.457167,407,2023-10-02
2023-10-02,mlp,all_features,0.4,0.425846,407,2023-10-02
2023-10-02,mlp,all_features,0.45,0.414583,407,2023-10-02
2023-10-02,mlp,all_features,0.5,0.410297,407,2023-10-02
2023-11-01,mlp,all_features,0.0,1.0,407,2023-11-01
2023-11-01,mlp,all_features,0.05,0.729022,407,2023-11-01
2023-11-01,mlp,all_features,0.1,0.540461,407,2023-11-01
2023-11-01,mlp,all_features,0.15,0.502633,407,2023-11-01
2023-11-01,mlp,all_features,0.2,0.466997,407,2023-11-01
2023-11-01,mlp,all_features,0.25,0.427063,407,2023-11-01
2023-11-01,mlp,all_features,0.3,0.42806,407,2023-11-01
2023-11-01,mlp,all_features,0.35,0.429399,407,2023-11-01
2023-11-01,mlp,all_features,0.4,0.372403,407,2023-11-01
2023-11-01,mlp,all_features,0.45,0.378915,407,2023-11-01
2023-11-01,mlp,all_features,0.5,0.379837,407,2023-11-01
2023-12-01,mlp,all_features,0.0,1.0,407,2023-12-01
2023-12-01,mlp,all_features,0.05,0.676338,407,2023-12-01
2023-12-01,mlp,all_features,0.1,0.589493,407,2023-12-01
2023-12-01,mlp,all_features,0.15,0.559848,407,2023-12-01
2023-12-01,mlp,all_features,0.2,0.555383,407,2023-12-01
2023-12-01,mlp,all_features,0.25,0.524181,407,2023-12-01
2023-12-01,mlp,all_features,0.3,0.459682,407,2023-12-01
2023-12-01,mlp,all_features,0.35,0.422173,407,2023-12-01
2023-12-01,mlp,all_features,0.4,0.410297,407,2023-12-01
2023-12-01,mlp,all_features,0.45,0.424791,407,2023-12-01
2023-12-01,mlp,all_features,0.5,0.422831,407,2023-12-01
2024-01-01,mlp,all_features,0.0,1.0,407,2024-01-01
2024-01-01,mlp,all_features,0.05,0.716251,407,2024-01-01
2024-01-01,mlp,all_features,0.1,0.611019,407,2024-01-01
2024-01-01,mlp,all_features,0.15,0.527847,407,2024-01-01
2024-01-01,mlp,all_features,0.2,0.431199,407,2024-01-01
2024-01-01,mlp,all_features,0.25,0.413589,407,2024-01-01
2024-01-01,mlp,all_features,0.3,0.388626,407,2024-01-01
2024-01-01,mlp,all_features,0.35,0.365922,407,2024-01-01
2024-01-01,mlp,all_features,0.4,0.376785,407,2024-01-01
2024-01-01,mlp,all_features,0.45,0.363564,407,2024-01-01
2024-01-01,mlp,all_features,0.5,0.368367,407,2024-01-01
2024-02-01,mlp,all_features,0.0,1.0,407,2024-02-01
2024-02-01,mlp,all_features,0.05,0.719159,407,2024-02-01
2024-02-01,mlp,all_features,0.1,0.558612,407,2024-02-01
2024-02-01,mlp,all_features,0.15,0.503941,407,2024-02-01
2024-02-01,mlp,all_features,0.2,0.443517,407,2024-02-01
2024-02-01,mlp,all_features,0.25,0.397567,407,2024-02-01
2024-02-01,mlp,all_features,0.3,0.423535,407,2024-02-01
2024-02-01,mlp,all_features,0.35,0.382812,407,2024-02-01
2024-02-01,mlp,all_features,0.4,0.351424,407,2024-02-01
2024-02-01,mlp,all_features,0.45,0.332011,407,2024-02-01
2024-02-01,mlp,all_features,0.5,0.325607,407,2024-02-01
2024-03-01,mlp,all_features,0.0,1.0,407,2024-03-01
2024-03-01,mlp,all_features,0.05,0.735525,407,2024-03-01
2024-03-01,mlp,all_features,0.1,0.606753,407,2024-03-01
2024-03-01,mlp,all_features,0.15,0.531426,407,2024-03-01
2024-03-01,mlp,all_features,0.2,0.453799,407,2024-03-01
2024-03-01,mlp,all_features,0.25,0.43984,407,2024-03-01
2024-03-01,mlp,all_features,0.3,0.455277,407,2024-03-01
2024-03-01,mlp,all_features,0.35,0.463621,407,2024-03-01
2024-03-01,mlp,all_features,0.4,0.438833,407,2024-03-01
2024-03-01,mlp,all_features,0.45,0.42697,407,2024-03-01
2024-03-01,mlp,all_features,0.5,0.430466,407,2024-03-01
2024-04-01,mlp,all_features,0.0,1.0,407,2024-04-01
2024-04-01,mlp,all_features,0.05,0.698737,407,2024-04-01
2024-04-01,mlp,all_features,0.1,0.554123,407,2024-04-01
2024-04-01,mlp,all_features,0.15,0.532302,407,2024-04-01
2024-04-01,mlp,all_features,0.2,0.48419,407,2024-04-01
2024-04-01,mlp,all_features,0.25,0.480628,407,2024-04-01
2024-04-01,mlp,all_features,0.3,0.462648,407,2024-04-01
2024-04-01,mlp,all_features,0.35,0.465896,407,2024-04-01
2024-04-01,mlp,all_features,0.4,0.455441,407,2024-04-01
2024-04-01,mlp,all_features,0.45,0.458678,407,2024-04-01
2024-04-01,mlp,all_features,0.5,0.460457,407,2024-04-01
2024-05-01,mlp,all_features,0.0,1.0,407,2024-05-01
2024-05-01,mlp,all_features,0.05,0.707576,407,2024-05-01
2024-05-01,mlp,all_features,0.1,0.571955,407,2024-05-01
2024-05-01,mlp,all_features,0.15,0.515114,407,2024-05-01
2024-05-01,mlp,all_features,0.2,0.516477,407,2024-05-01
2024-05-01,mlp,all_features,0.25,0.47863,407,2024-05-01
2024-05-01,mlp,all_features,0.3,0.442964,407,2024-05-01
2024-05-01,mlp,all_features,0.35,0.45751,407,2024-05-01
2024-05-01,mlp,all_features,0.4,0.469391,407,2024-05-01
2024-05-01,mlp,all_features,0.45,0.451552,407,2024-05-01
2024-05-01,mlp,all_features,0.5,0.446536,407,2024-05-01
2024-06-03,mlp,all_features,0.0,1.0,407,2024-06-03
2024-06-03,mlp,all_features,0.05,0.693457,407,2024-06-03
2024-06-03,mlp,all_features,0.1,0.564898,407,2024-06-03
2024-06-03,mlp,all_features,0.15,0.516999,407,2024-06-03
2024-06-03,mlp,all_features,0.2,0.426979,407,2024-06-03
2024-06-03,mlp,all_features,0.25,0.377665,407,2024-06-03
2024-06-03,mlp,all_features,0.3,0.399811,407,2024-06-03
2024-06-03,mlp,all_features,0.35,0.376588,407,2024-06-03
2024-06-03,mlp,all_features,0.4,0.346474,407,2024-06-03
2024-06-03,mlp,all_features,0.45,0.352555,407,2024-06-03
2024-06-03,mlp,all_features,0.5,0.347313,407,2024-06-03
2024-07-01,mlp,all_features,0.0,1.0,407,2024-07-01
2024-07-01,mlp,all_features,0.05,0.661619,407,2024-07-01
2024-07-01,mlp,all_features,0.1,0.517407,407,2024-07-01
2024-07-01,mlp,all_features,0.15,0.469937,407,2024-07-01
2024-07-01,mlp,all_features,0.2,0.399199,407,2024-07-01
2024-07-01,mlp,all_features,0.25,0.408834,407,2024-07-01
2024-07-01,mlp,all_features,0.3,0.405386,407,2024-07-01
2024-07-01,mlp,all_features,0.35,0.406944,407,2024-07-01
2024-07-01,mlp,all_features,0.4,0.400885,407,2024-07-01
2024-07-01,mlp,all_features,0.45,0.379014,407,2024-07-01
2024-07-01,mlp,all_features,0.5,0.386779,407,2024-07-01
2024-08-01,mlp,all_features,0.0,1.0,407,2024-08-01
2024-08-01,mlp,all_features,0.05,0.658245,407,2024-08-01
2024-08-01,mlp,all_features,0.1,0.556917,407,2024-08-01
2024-08-01,mlp,all_features,0.15,0.492988,407,2024-08-01
2024-08-01,mlp,all_features,0.2,0.419031,407,2024-08-01
2024-08-01,mlp,all_features,0.25,0.437772,407,2024-08-01
2024-08-01,mlp,all_features,0.3,0.400218,407,2024-08-01
2024-08-01,mlp,all_features,0.35,0.409329,407,2024-08-01
2024-08-01,mlp,all_features,0.4,0.412968,407,2024-08-01
2024-08-01,mlp,all_features,0.45,0.403602,407,2024-08-01
2024-08-01,mlp,all_features,0.5,0.401956,407,2024-08-01
2024-09-02,mlp,all_features,0.0,1.0,407,2024-09-02
2024-09-02,mlp,all_features,0.05,0.71152,407,2024-09-02
2024-09-02,mlp,all_features,0.1,0.583632,407,2024-09-02
2024-09-02,mlp,all_features,0.15,0.534455,407,2024-09-02
2024-09-02,mlp,all_features,0.2,0.488332,407,2024-09-02
2024-09-02,mlp,all_features,0.25,0.446306,407,2024-09-02
2024-09-02,mlp,all_features,0.3,0.429511,407,2024-09-02
2024-09-02,mlp,all_features,0.35,0.434451,407,2024-09-02
2024-09-02,mlp,all_features,0.4,0.455981,407,2024-09-02
2024-09-02,mlp,all_features,0.45,0.460653,407,2024-09-02
2024-09-02,mlp,all_features,0.5,0.47117,407,2024-09-02
2024-10-01,mlp,all_features,0.0,1.0,407,2024-10-01
2024-10-01,mlp,all_features,0.05,0.70516,407,2024-10-01
2024-10-01,mlp,all_features,0.1,0.599018,407,2024-10-01
2024-10-01,mlp,all_features,0.15,0.527426,407,2024-10-01
2024-10-01,mlp,all_features,0.2,0.487913,407,2024-10-01
2024-10-01,mlp,all_features,0.25,0.482684,407,2024-10-01
2024-10-01,mlp,all_features,0.3,0.473139,407,2024-10-01
2024-10-01,mlp,all_features,0.35,0.437204,407,2024-10-01
2024-10-01,mlp,all_features,0.4,0.43942,407,2024-10-01
2024-10-01,mlp,all_features,0.45,0.448715,407,2024-10-01
2024-10-01,mlp,all_features,0.5,0.443358,407,2024-10-01
2024-11-01,mlp,all_features,0.0,1.0,407,2024-11-01
2024-11-01,mlp,all_features,0.05,0.730247,407,2024-11-01
2024-11-01,mlp,all_features,0.1,0.563403,407,2024-11-01
2024-11-01,mlp,all_features,0.15,0.509697,407,2024-11-01
2024-11-01,mlp,all_features,0.2,0.446621,407,2024-11-01
2024-11-01,mlp,all_features,0.25,0.390452,407,2024-11-01
2024-11-01,mlp,all_features,0.3,0.354709,407,2024-11-01
2024-11-01,mlp,all_features,0.35,0.356103,407,2024-11-01
2024-11-01,mlp,all_features,0.4,0.375561,407,2024-11-01
2024-11-01,mlp,all_features,0.45,0.402552,407,2024-11-01
2024-11-01,mlp,all_features,0.5,0.399404,407,2024-11-01
2024-12-02,mlp,all_features,0.0,1.0,407,2024-12-02
2024-12-02,mlp,all_features,0.05,0.730244,407,2024-12-02
2024-12-02,mlp,all_features,0.1,0.577209,407,2024-12-02
2024-12-02,mlp,all_features,0.15,0.505663,407,2024-12-02
2024-12-02,mlp,all_features,0.2,0.465636,407,2024-12-02
2024-12-02,mlp,all_features,0.25,0.411958,407,2024-12-02
2024-12-02,mlp,all_features,0.3,0.364404,407,2024-12-02
2024-12-02,mlp,all_features,0.35,0.343885,407,2024-12-02
2024-12-02,mlp,all_features,0.4,0.341302,407,2024-12-02
2024-12-02,mlp,all_features,0.45,0.339296,407,2024-12-02
2024-12-02,mlp,all_features,0.5,0.332587,407,2024-12-02
2025-01-01,mlp,all_features,0.0,1.0,407,2025-01-01
2025-01-01,mlp,all_features,0.05,0.65781,407,2025-01-01
2025-01-01,mlp,all_features,0.1,0.564978,407,2025-01-01
2025-01-01,mlp,all_features,0.15,0.513095,407,2025-01-01
2025-01-01,mlp,all_features,0.2,0.429331,407,2025-01-01
2025-01-01,mlp,all_features,0.25,0.437559,407,2025-01-01
2025-01-01,mlp,all_features,0.3,0.41092,407,2025-01-01
2025-01-01,mlp,all_features,0.35,0.421016,407,2025-01-01
2025-01-01,mlp,all_features,0.4,0.418756,407,2025-01-01
2025-01-01,mlp,all_features,0.45,0.420685,407,2025-01-01
2025-01-01,mlp,all_features,0.5,0.423198,407,2025-01-01
2025-02-03,mlp,all_features,0.0,1.0,407,2025-02-03
2025-02-03,mlp,all_features,0.05,0.700173,407,2025-02-03
2025-02-03,mlp,all_features,0.1,0.581951,407,2025-02-03
2025-02-03,mlp,all_features,0.15,0.479395,407,2025-02-03
2025-02-03,mlp,all_features,0.2,0.508112,407,2025-02-03
2025-02-03,mlp,all_features,0.25,0.492117,407,2025-02-03
2025-02-03,mlp,all_features,0.3,0.478741,407,2025-02-03
2025-02-03,mlp,all_features,0.35,0.500403,407,2025-02-03
2025-02-03,mlp,all_features,0.4,0.535624,407,2025-02-03
2025-02-03,mlp,all_features,0.45,0.526798,407,2025-02-03
2025-02-03,mlp,all_features,0.5,0.539405,407,2025-02-03
2025-03-03,mlp,all_features,0.0,1.0,407,2025-03-03
2025-03-03,mlp,all_features,0.05,0.701514,407,2025-03-03
2025-03-03,mlp,all_features,0.1,0.566048,407,2025-03-03
2025-03-03,mlp,all_features,0.15,0.532606,407,2025-03-03
2025-03-03,mlp,all_features,0.2,0.509583,407,2025-03-03
2025-03-03,mlp,all_features,0.25,0.500528,407,2025-03-03
2025-03-03,mlp,all_features,0.3,0.464992,407,2025-03-03
2025-03-03,mlp,all_features,0.35,0.475689,407,2025-03-03
2025-03-03,mlp,all_features,0.4,0.501819,407,2025-03-03
2025-03-03,mlp,all_features,0.45,0.507704,407,2025-03-03
2025-03-03,mlp,all_features,0.5,0.518758,407,2025-03-03
2025-04-01,mlp,all_features,0.0,1.0,407,2025-04-01
2025-04-01,mlp,all_features,0.05,0.745794,407,2025-04-01
2025-04-01,mlp,all_features,0.1,0.609279,407,2025-04-01
2025-04-01,mlp,all_features,0.15,0.549228,407,2025-04-01
2025-04-01,mlp,all_features,0.2,0.504756,407,2025-04-01
2025-04-01,mlp,all_features,0.25,0.490545,407,2025-04-01
2025-04-01,mlp,all_features,0.3,0.429477,407,2025-04-01
2025-04-01,mlp,all_features,0.35,0.402469,407,2025-04-01
2025-04-01,mlp,all_features,0.4,0.413976,407,2025-04-01
2025-04-01,mlp,all_features,0.45,0.392787,407,2025-04-01
2025-04-01,mlp,all_features,0.5,0.392406,407,2025-04-01
2025-05-01,mlp,all_features,0.0,1.0,407,2025-05-01
2025-05-01,mlp,all_features,0.05,0.676403,407,2025-05-01
2025-05-01,mlp,all_features,0.1,0.584551,407,2025-05-01
2025-05-01,mlp,all_features,0.15,0.509142,407,2025-05-01
2025-05-01,mlp,all_features,0.2,0.44446,407,2025-05-01
2025-05-01,mlp,all_features,0.25,0.401489,407,2025-05-01
2025-05-01,mlp,all_features,0.3,0.36125,407,2025-05-01
2025-05-01,mlp,all_features,0.35,0.337068,407,2025-05-01
2025-05-01,mlp,all_features,0.4,0.346167,407,2025-05-01
2025-05-01,mlp,all_features,0.45,0.365449,407,2025-05-01
2025-05-01,mlp,all_features,0.5,0.365476,407,2025-05-01
2025-06-02,mlp,all_features,0.0,1.0,407,2025-06-02
2025-06-02,mlp,all_features,0.05,0.675292,407,2025-06-02
2025-06-02,mlp,all_features,0.1,0.592886,407,2025-06-02
2025-06-02,mlp,all_features,0.15,0.507413,407,2025-06-02
2025-06-02,mlp,all_features,0.2,0.500453,407,2025-06-02
2025-06-02,mlp,all_features,0.25,0.477675,407,2025-06-02
2025-06-02,mlp,all_features,0.3,0.497395,407,2025-06-02
2025-06-02,mlp,all_features,0.35,0.460011,407,2025-06-02
2025-06-02,mlp,all_features,0.4,0.466073,407,2025-06-02
2025-06-02,mlp,all_features,0.45,0.467371,407,2025-06-02
2025-06-02,mlp,all_features,0.5,0.471186,407,2025-06-02
2025-07-01,mlp,all_features,0.0,1.0,407,2025-07-01
2025-07-01,mlp,all_features,0.05,0.728366,407,2025-07-01
2025-07-01,mlp,all_features,0.1,0.590575,407,2025-07-01
2025-07-01,mlp,all_features,0.15,0.483655,407,2025-07-01
2025-07-01,mlp,all_features,0.2,0.437405,407,2025-07-01
2025-07-01,mlp,all_features,0.25,0.404408,407,2025-07-01
2025-07-01,mlp,all_features,0.3,0.354214,407,2025-07-01
2025-07-01,mlp,all_features,0.35,0.353385,407,2025-07-01
2025-07-01,mlp,all_features,0.4,0.338464,407,2025-07-01
2025-07-01,mlp,all_features,0.45,0.323778,407,2025-07-01
2025-07-01,mlp,all_features,0.5,0.318799,407,2025-07-01
2025-08-01,mlp,all_features,0.0,1.0,407,2025-08-01
2025-08-01,mlp,all_features,0.05,0.774743,407,2025-08-01
2025-08-01,mlp,all_features,0.1,0.583106,407,2025-08-01
2025-08-01,mlp,all_features,0.15,0.493432,407,2025-08-01
2025-08-01,mlp,all_features,0.2,0.475942,407,2025-08-01
2025-08-01,mlp,all_features,0.25,0.440767,407,2025-08-01
2025-08-01,mlp,all_features,0.3,0.417066,407,2025-08-01
2025-08-01,mlp,all_features,0.35,0.436543,407,2025-08-01
2025-08-01,mlp,all_features,0.4,0.421334,407,2025-08-01
2025-08-01,mlp,all_features,0.45,0.416499,407,2025-08-01
2025-08-01,mlp,all_features,0.5,0.423288,407,2025-08-01
2025-09-01,mlp,all_features,0.0,1.0,407,2025-09-01
2025-09-01,mlp,all_features,0.05,0.654807,407,2025-09-01
2025-09-01,mlp,all_features,0.1,0.555911,407,2025-09-01
2025-09-01,mlp,all_features,0.15,0.49817,407,2025-09-01
2025-09-01,mlp,all_features,0.2,0.486869,407,2025-09-01
2025-09-01,mlp,all_features,0.25,0.475158,407,2025-09-01
2025-09-01,mlp,all_features,0.3,0.507719,407,2025-09-01
2025-09-01,mlp,all_features,0.35,0.515312,407,2025-09-01
2025-09-01,mlp,all_features,0.4,0.483094,407,2025-09-01
2025-09-01,mlp,all_features,0.45,0.493669,407,2025-09-01
2025-09-01,mlp,all_features,0.5,0.49539,407,2025-09-01
2025-10-01,mlp,all_features,0.0,1.0,407,2025-10-01
2025-10-01,mlp,all_features,0.05,0.669547,407,2025-10-01
2025-10-01,mlp,all_features,0.1,0.517047,407,2025-10-01
2025-10-01,mlp,all_features,0.15,0.493316,407,2025-10-01
2025-10-01,mlp,all_features,0.2,0.47892,407,2025-10-01
2025-10-01,mlp,all_features,0.25,0.489715,407,2025-10-01
2025-10-01,mlp,all_features,0.3,0.48556,407,2025-10-01
2025-10-01,mlp,all_features,0.35,0.445708,407,2025-10-01
2025-10-01,mlp,all_features,0.4,0.456634,407,2025-10-01
2025-10-01,mlp,all_features,0.45,0.43824,407,2025-10-01
2025-10-01,mlp,all_features,0.5,0.436063,407,2025-10-01
2025-11-03,mlp,all_features,0.0,1.0,407,2025-11-03
2025-11-03,mlp,all_features,0.05,0.768304,407,2025-11-03
2025-11-03,mlp,all_features,0.1,0.639067,407,2025-11-03
2025-11-03,mlp,all_features,0.15,0.566313,407,2025-11-03
2025-11-03,mlp,all_features,0.2,0.53837,407,2025-11-03
2025-11-03,mlp,all_features,0.25,0.525592,407,2025-11-03
2025-11-03,mlp,all_features,0.3,0.512693,407,2025-11-03
2025-11-03,mlp,all_features,0.35,0.467376,407,2025-11-03
2025-11-03,mlp,all_features,0.4,0.477437,407,2025-11-03
2025-11-03,mlp,all_features,0.45,0.488745,407,2025-11-03
2025-11-03,mlp,all_features,0.5,0.479584,407,2025-11-03
2025-12-01,mlp,all_features,0.0,1.0,407,2025-12-01
2025-12-01,mlp,all_features,0.05,0.66199,407,2025-12-01
2025-12-01,mlp,all_features,0.1,0.571876,407,2025-12-01
2025-12-01,mlp,all_features,0.15,0.518322,407,2025-12-01
2025-12-01,mlp,all_features,0.2,0.480669,407,2025-12-01
2025-12-01,mlp,all_features,0.25,0.460024,407,2025-12-01
2025-12-01,mlp,all_features,0.3,0.460845,407,2025-12-01
2025-12-01,mlp,all_features,0.35,0.463772,407,2025-12-01
2025-12-01,mlp,all_features,0.4,0.456742,407,2025-12-01
2025-12-01,mlp,all_features,0.45,0.449763,407,2025-12-01
2025-12-01,mlp,all_features,0.5,0.44461,407,2025-12-01
